pair,entry_date,exit_date,side,entry_price,sl,tp1,tp2,tp3,exit_price,exit_reason,pnl,r_multiple,exit_bar_close,sweep_val,sweep_vah,poc,ema20,ema50,ema200,volume_ratio
BTC,2018-06-14 07:13:02.528551,2018-06-15 16:13:02.528551,long,7655.0,7454.5311,7855.4689,8055.9379,8256.4068,7454.5311,sl,-200.4689,-1.0,7483.0,7610.2667,7736.2833,7704.7792,7605.7153,7625.5934,7577.7065,1.62
BTC,2018-07-04 16:13:02.528551,2018-07-13 04:13:02.528551,short,6095.96,6541.6952,5650.2248,5204.4896,4758.7544,6541.6952,sl,-445.7352,-1.0,6597.21,6313.9271,6394.8333,6336.401,6362.4832,6325.7469,6258.1519,4.82
BTC,2018-07-20 05:13:02.528551,2018-07-20 06:13:02.528551,long,6726.02,6675.9147,6776.1253,6826.2305,6876.3358,6675.9147,sl,-50.1053,-1.0,6696.44,6689.2933,6766.6133,6721.51,6710.6316,6695.627,6574.5052,2.43
BTC,2018-08-12 19:13:02.528551,2018-08-17 05:13:02.528551,short,7560.05,7796.061,7324.039,7088.028,6852.017,6852.017,tp3,436.6203,1.85,6864.95,6923.3392,7060.3533,6966.9346,6962.7809,7035.9199,7391.1699,1.51
BTC,2018-08-19 15:13:02.528551,2018-09-01 09:13:02.528551,short,6311.99,6821.5893,5802.3907,5292.7914,4783.1922,6821.5893,sl,-509.5993,-1.0,6808.96,6375.0,6504.1667,6446.0417,6469.8409,6436.1965,6425.1647,4.78
BTC,2018-09-06 03:13:02.528551,2018-09-07 19:13:02.528551,long,6708.4,6612.2091,6804.5909,6900.7818,6996.9728,6996.9728,tp3,177.9532,1.85,7030.0,6623.64,6868.395,6725.6212,6873.1812,6788.7006,6628.4486,2.22
BTC,2018-09-21 19:13:02.528551,2018-09-23 08:13:02.528551,short,6283.75,6399.7218,6167.7782,6051.8064,5935.8346,6399.7218,sl,-115.9718,-1.0,6413.94,6238.0233,6325.8933,6272.195,6307.065,6297.0622,6464.061,1.96
BTC,2018-10-04 06:13:02.528551,2018-10-04 14:13:02.528551,long,6718.22,6666.6475,6769.7925,6821.365,6872.9375,6666.6475,sl,-51.5725,-1.0,6642.79,6681.8333,6752.3333,6717.0833,6700.9465,6692.6083,6569.8114,1.88
BTC,2018-10-06 08:13:02.528551,2018-10-08 03:13:02.528551,short,6409.99,6642.0125,6177.9675,5945.945,5713.9225,6642.0125,sl,-232.0225,-1.0,6669.36,6412.3838,6538.5758,6514.3081,6514.2443,6500.7818,6524.4669,2.42
BTC,2018-10-28 07:13:02.528551,2018-10-28 23:13:02.528551,long,6740.89,6688.6792,6793.1008,6845.3117,6897.5225,6688.6792,sl,-10.4422,-0.2,6704.9,6711.16,6764.08,6731.74,6726.4939,6725.81,6618.5957,1.54
BTC,2018-11-02 08:13:02.528551,2018-11-08 16:13:02.528551,short,6577.88,6634.2654,6521.4946,6465.1092,6408.7239,6408.7239,tp3,104.313,1.85,6429.9,6479.2475,6509.8696,6498.9331,6487.1738,6499.1691,6542.0912,7.36
BTC,2018-11-25 22:13:02.528551,2018-11-30 04:13:02.528551,short,5706.23,6054.0088,5358.4511,5010.6723,4662.8934,4662.8934,tp3,643.3909,1.85,4690.0,5042.7925,5699.5379,5641.5898,5024.9322,5265.3172,5734.0659,1.67
BTC,2018-12-15 12:13:02.528551,2018-12-16 22:13:02.528551,short,3864.78,4017.018,3712.542,3560.304,3408.066,3408.066,tp3,281.6403,1.85,3375.0,3720.1338,3934.1412,3880.6394,3678.0169,3777.3983,3995.3555,2.43
BTC,2019-01-06 13:13:02.528551,2019-01-06 18:13:02.528551,short,3717.96,3773.1537,3662.7663,3607.5725,3552.3788,3552.3788,tp3,146.2634,2.65,3559.32,3686.1475,3765.6225,3721.9112,3696.9042,3737.4812,3776.8017,1.84
BTC,2019-01-16 13:13:02.528551,2019-01-16 15:13:02.528551,long,3806.82,3753.3067,3860.3333,3913.8466,3967.36,3967.36,tp3,160.54,3.0,4007.11,3772.28,3823.8125,3803.7721,3812.5805,3796.6719,3777.9229,5.76
BTC,2019-01-18 23:13:02.528551,2019-01-19 12:13:02.528551,long,3986.0,3943.7467,4028.2533,4070.5066,4112.7599,3943.7467,sl,-42.2533,-1.0,3951.22,3944.7,4000.3,3975.975,3975.9386,3965.0262,3877.1323,1.35
BTC,2019-01-21 10:13:02.528551,2019-02-28 14:13:02.528551,short,3585.4,3897.8877,3272.9123,2960.4246,2647.9369,3897.8877,sl,-312.4877,-1.0,3871.83,3604.4,3746.5,3629.775,3747.7201,3692.1227,3626.8826,2.57
BTC,2019-03-05 14:13:02.528551,2019-03-05 15:13:02.528551,long,3968.63,3929.2258,4008.0342,4047.4384,4086.8426,4086.8426,tp3,118.2126,3.0,4095.0,3937.1,3972.0938,3960.9594,3969.1463,3956.9171,3851.4142,7.17
BTC,2019-03-13 06:13:02.528551,2019-03-14 03:13:02.528551,short,3820.8,3850.5608,3791.0392,3761.2785,3731.5178,3731.5178,tp3,55.0574,1.85,3725.84,3801.025,3826.9225,3819.7288,3799.538,3811.0084,3830.3155,3.69
BTC,2019-03-28 12:13:02.528551,2019-03-31 06:13:02.528551,long,3986.2,3956.5793,4015.8207,4045.4414,4075.062,3956.5793,sl,25.1776,0.85,3910.0,3983.245,4031.92,4010.8275,4021.7024,4015.7039,3971.3407,5.26
BTC,2019-04-07 05:13:02.528551,2019-04-11 20:13:02.528551,long,4027.47,3931.0388,4123.9012,4220.3323,4316.7635,4316.7635,tp3,212.1486,2.2,4498.28,4101.7083,4156.25,4133.9375,4180.619,4142.1136,4070.1345,8.02
BTC,2019-05-08 05:13:02.528551,2019-05-08 07:13:02.528551,short,5287.6,5334.8221,5240.3779,5193.1558,5145.9337,5334.8221,sl,-47.2221,-1.0,5333.68,5269.195,5324.1738,5308.9019,5312.0151,5315.4816,5318.3457,1.77
BTC,2019-05-13 12:13:02.528551,2019-05-20 20:13:02.528551,long,5782.0,5477.97,6086.03,6390.06,6694.0899,6694.0899,tp3,562.4555,1.85,6720.36,6112.105,6460.525,6318.9794,6429.6512,6288.5508,5948.7636,2.95
BTC,2019-06-07 19:13:02.528551,2019-06-08 06:13:02.528551,long,8718.36,8598.4187,8838.3013,8958.2426,9078.1839,8598.4187,sl,-119.9413,-1.0,8672.09,8615.06,8771.405,8693.2325,8654.6939,8633.1548,8278.4253,1.14
BTC,2019-06-08 10:13:02.528551,2019-06-08 22:13:02.528551,long,8678.0,8585.3399,8770.6601,8863.3202,8955.9803,8955.9803,tp3,171.4212,1.85,8645.0,8614.275,8742.075,8670.1875,8706.1596,8669.3544,8341.4216,5.31
BTC,2019-09-03 02:13:02.528551,2019-09-03 22:13:02.528551,short,10017.55,10350.0338,9685.0662,9352.5825,9020.0987,10350.0338,sl,-332.4838,-1.0,10491.27,9935.595,10231.9625,10083.7788,10126.1481,10134.2765,10296.4032,5.57
BTC,2019-09-14 02:13:02.528551,2019-09-15 15:13:02.528551,long,10572.43,10404.8569,10740.0031,10907.5762,11075.1492,10404.8569,sl,-33.5146,-0.2,10426.51,10481.5525,10727.21,10559.7162,10696.1127,10615.5059,10287.5976,4.53
BTC,2019-09-24 13:13:02.528551,2019-09-25 10:13:02.528551,long,10307.97,10243.7173,10372.2227,10436.4753,10500.728,10243.7173,sl,-64.2527,-1.0,10148.3,10279.9808,10354.1033,10308.8062,10289.6755,10298.16,10281.8189,6.56
BTC,2019-09-26 21:13:02.528551,2019-09-28 01:13:02.528551,short,10187.82,10306.3215,10069.3185,9950.817,9832.3155,9832.3155,tp3,355.5045,3.0,9823.81,10158.3333,10231.25,10198.4375,10137.4229,10179.6319,10235.6784,6.07
BTC,2019-10-12 22:13:02.528551,2019-10-18 12:13:02.528551,short,8109.06,8359.185,7858.935,7608.81,7358.685,8359.185,sl,-50.025,-0.2,8438.46,8124.52,8241.4667,8199.7,8204.7232,8165.3296,8186.1977,5.81
BTC,2019-10-19 17:13:02.528551,2019-10-20 06:13:02.528551,long,8554.13,8265.935,8842.325,9130.52,9418.715,8265.935,sl,-288.195,-1.0,8355.79,8438.75,8646.875,8565.9375,8494.9881,8453.6376,8304.2261,2.13
BTC,2019-10-24 14:13:02.528551,2019-11-01 10:13:02.528551,short,8186.13,8383.1199,7989.1401,7792.1503,7595.1604,7595.1604,tp3,433.3777,2.2,7550.59,8092.0833,8298.5833,8203.9375,7989.5683,8072.9506,8109.5881,5.95
BTC,2019-11-02 13:13:02.528551,2019-11-03 13:13:02.528551,short,7436.82,8022.9234,6850.7166,6264.6132,5678.5098,8022.9234,sl,-586.1034,-1.0,8263.16,7388.3388,7535.57,7432.5081,7590.2585,7588.072,7860.1695,5.24
BTC,2019-11-18 12:13:02.528551,2019-11-30 10:13:02.528551,short,8820.66,9165.4493,8475.8707,8131.0814,7786.2921,7786.2921,tp3,637.8602,1.85,7794.6,8042.5912,8161.9675,8102.2794,7995.5992,8081.7557,8366.8526,2.23
BTC,2019-12-10 23:13:02.528551,2019-12-13 07:13:02.528551,short,7281.02,7600.17,6961.87,6642.72,6323.57,7600.17,sl,-319.15,-1.0,7497.83,7205.75,7372.25,7295.9375,7239.2114,7272.5054,7388.1818,6.21
BTC,2019-12-17 05:13:02.528551,2019-12-18 09:13:02.528551,long,7520.03,7395.0536,7645.0064,7769.9828,7894.9592,7395.0536,sl,-124.9764,-1.0,7424.0,7461.5492,7540.3575,7520.6554,7488.5186,7483.6356,7434.59,5.25
BTC,2019-12-24 22:13:02.528551,2019-12-26 07:13:02.528551,short,7072.16,7175.3011,6969.0189,6865.8778,6762.7366,6762.7366,tp3,190.8111,1.85,6773.62,6892.8583,7162.9354,7098.9698,6907.5628,6984.9931,7152.7386,2.61
BTC,2019-12-30 11:13:02.528551,2019-12-31 11:13:02.528551,long,7152.31,7103.7707,7200.8493,7249.3887,7297.928,7297.928,tp3,128.6293,2.65,7312.26,7128.9583,7181.6667,7140.9375,7179.4615,7154.2799,7108.8189,4.92
BTC,2020-01-20 09:13:02.528551,2020-01-27 19:13:02.528551,long,8099.73,7777.5096,8421.9504,8744.1707,9066.3911,9066.3911,tp3,596.1077,1.85,9146.02,8810.6188,8964.6396,8895.3302,8931.9806,8876.9675,8545.4179,4.42
BTC,2020-02-02 18:13:02.528551,2020-02-04 11:13:02.528551,short,8309.5,8538.6745,8080.3255,7851.151,7621.9765,8538.6745,sl,-229.1745,-1.0,8578.86,8289.04,8459.74,8328.87,8433.0935,8408.4585,8494.7403,3.32
BTC,2020-02-11 18:13:02.528551,2020-02-11 20:13:02.528551,long,9411.09,9324.4575,9497.7225,9584.3551,9670.9876,9324.4575,sl,4.3316,0.05,9376.3,9343.1438,9462.1538,9380.3344,9408.6094,9388.581,9169.8764,2.37
BTC,2020-02-17 02:13:02.528551,2020-02-17 21:13:02.528551,long,9805.49,9702.5435,9908.4365,10011.383,10114.3294,10114.3294,tp3,190.451,1.85,10091.27,9753.3333,9846.6667,9782.5,9897.7757,9817.9295,9542.9167,1.94
BTC,2020-03-05 01:13:02.528551,2020-03-06 12:13:02.528551,short,9567.8,9880.6118,9254.9882,8942.1764,8629.3647,8629.3647,tp3,578.7018,1.85,8646.87,8937.3629,9588.2192,9132.6198,8943.8952,9190.4977,9562.6424,1.27
BTC,2020-03-19 02:13:02.528551,2020-03-20 21:13:02.528551,short,7767.28,8161.7948,7372.7652,6978.2505,6583.7357,6583.7357,tp3,867.9325,2.2,6014.9,7644.8938,7980.9646,7829.7327,7496.4022,7729.0876,8267.7804,4.8
BTC,2020-04-08 23:13:02.528551,2020-05-02 01:13:02.528551,long,6447.37,6092.6303,6802.1097,7156.8494,7511.589,7511.589,tp3,656.2684,1.85,7536.36,6867.25,7183.0,7104.0625,7142.9704,7062.3513,7008.7312,7.47
BTC,2020-05-13 13:13:02.528551,2020-05-18 09:13:02.528551,long,9043.8,8611.0767,9476.5233,9909.2467,10341.97,8611.0767,sl,367.8148,0.85,8703.67,9725.125,9998.625,9873.2708,9603.5646,9662.7128,9221.4994,8.23
BTC,2020-06-01 20:13:02.528551,2020-06-02 09:13:02.528551,short,9119.0,9269.0908,8968.9092,8818.8185,8668.7277,8668.7277,tp3,277.6679,1.85,8811.37,9061.5867,9307.85,9203.6617,9027.73,9118.9811,9290.7482,1.76
BTC,2020-06-07 13:13:02.528551,2020-06-10 08:13:02.528551,long,9515.36,9348.9995,9681.7205,9848.0809,10014.4414,10014.4414,tp3,365.993,2.2,10200.77,9456.1162,9605.5288,9568.1756,9646.0554,9575.3109,9393.7907,8.86
BTC,2020-06-17 08:13:02.528551,2020-06-17 09:13:02.528551,long,9782.01,9603.779,9960.241,10138.4721,10316.7032,9603.779,sl,-178.2311,-1.0,9703.05,9623.025,9802.0,9721.4612,9710.0254,9690.8829,9630.7415,4.27
BTC,2020-06-21 02:13:02.528551,2020-08-03 15:13:02.528551,short,9335.07,9829.0639,8841.0761,8347.0822,7853.0883,9829.0639,sl,-98.7988,-0.2,9838.97,9490.56,9666.84,9578.7,9689.4185,9626.1561,9439.8733,2.23
BTC,2020-08-25 04:13:02.528551,2020-08-25 21:13:02.528551,long,11907.15,11756.44,12057.86,12208.57,12359.28,12359.28,tp3,331.562,2.2,12421.55,11791.375,11902.75,11847.0625,11954.0322,11881.0009,11726.1439,3.36
BTC,2020-09-15 04:13:02.528551,2020-09-16 04:13:02.528551,short,10211.08,10346.9338,10075.2262,9939.3724,9803.5186,10346.9338,sl,115.4757,0.85,10386.68,10071.725,10268.45,10219.2688,10164.3226,10205.3629,10716.166,1.51
BTC,2020-09-17 00:13:02.528551,2020-09-18 00:13:02.528551,short,9980.87,10294.3392,9667.4008,9353.9315,9040.4623,10294.3392,sl,-313.4692,-1.0,10326.38,9972.5,10242.0,10156.25,10190.4833,10168.7652,10516.4962,1.4
BTC,2020-09-27 03:13:02.528551,2020-09-28 18:13:02.528551,long,10939.63,10825.3937,11053.8663,11168.1025,11282.3388,10825.3937,sl,97.1008,0.85,10850.64,10843.4192,11042.1838,10942.8015,10972.1131,10970.1506,10800.948,2.35
BTC,2020-09-30 20:13:02.528551,2020-10-06 06:13:02.528551,short,10439.25,10866.2763,10012.2237,9585.1975,9158.1712,10866.2763,sl,-427.0263,-1.0,10887.71,10660.7717,10754.9883,10722.0125,10734.5656,10705.7257,10659.2633,3.65
BTC,2020-10-16 13:13:02.528551,2020-10-16 19:13:02.528551,short,10592.21,10747.1439,10437.2761,10282.3422,10127.4083,10747.1439,sl,-154.9339,-1.0,10736.72,10564.1667,10671.875,10598.4375,10630.1879,10636.2264,10649.8279,4.16
BTC,2020-10-20 19:13:02.528551,2020-10-22 21:13:02.528551,long,11489.08,11285.883,11692.277,11895.474,12098.671,11285.883,sl,-40.6394,-0.2,11320.76,11357.1,11538.555,11407.5042,11411.6155,11416.4606,11191.0983,2.26
BTC,2020-11-14 19:13:02.528551,2020-12-24 18:13:02.528551,long,15685.04,14167.608,17202.472,18719.904,20237.336,20237.336,tp3,2807.2492,1.85,20319.51,19100.7217,19495.3558,19405.6663,19577.6572,19394.6302,18975.4442,3.63
BTC,2020-12-31 13:13:02.528551,2020-12-31 23:13:02.528551,long,23843.91,22722.701,24965.119,26086.328,27207.5369,22722.701,sl,-1121.209,-1.0,23291.91,22867.4867,23868.9038,23445.2273,23483.3174,23411.9729,22480.332,1.58
BTC,2021-03-16 03:13:02.528551,2021-03-19 20:13:02.528551,long,50765.77,48366.4757,53165.0643,55564.3586,57963.6529,57963.6529,tp3,4438.6945,1.85,57874.67,54564.0,57097.375,56415.3125,56631.1084,55676.6022,52438.7996,0.8
BTC,2021-03-31 18:13:02.528551,2021-04-01 11:13:02.528551,short,54452.6,57187.1936,51718.0064,48983.4128,46248.8192,57187.1936,sl,-2734.5936,-1.0,56759.91,53430.0458,56010.3208,54397.649,55538.1427,55542.6197,56463.557,1.21
BTC,2021-04-06 05:13:02.528551,2021-04-08 04:13:02.528551,long,55911.99,54757.0531,57066.9269,58221.8638,59376.8007,59376.8007,tp3,2136.6333,1.85,59687.56,57084.005,58987.3342,57750.1702,58719.6279,58016.1761,56368.1287,1.92
BTC,2021-04-19 20:13:02.528551,2021-04-21 06:13:02.528551,long,60101.68,59265.662,60937.698,61773.7161,62609.7341,62609.7341,tp3,1839.2397,2.2,62711.51,59505.3925,60596.8825,59823.7438,60623.2948,60206.6933,59076.9807,3.94
BTC,2021-04-23 17:13:02.528551,2021-04-24 02:13:02.528551,long,63363.29,62360.3627,64366.2173,65369.1447,66372.072,62360.3627,sl,-1002.9273,-1.0,61658.05,62337.2917,63817.7083,62707.3958,62849.8001,62762.6521,61034.4423,2.04
BTC,2021-05-08 05:13:02.528551,2021-05-11 01:13:02.528551,long,54655.81,53248.4946,56063.1254,57470.4408,58877.7562,58877.7562,tp3,2603.5335,1.85,58764.07,56738.4375,58262.0104,57617.4219,57610.5081,57154.011,55564.7455,1.46
BTC,2021-06-06 00:13:02.528551,2021-06-10 22:13:02.528551,short,36145.02,38579.0975,33710.9425,31276.865,28842.7874,38579.0975,sl,-486.8155,-0.2,38795.88,35985.875,37478.625,37318.6875,37631.9894,37175.9409,37156.0931,2.5
BTC,2021-06-27 15:13:02.528551,2021-06-30 05:13:02.528551,short,35557.01,37613.3933,33500.6267,31444.2434,29387.8601,29387.8601,tp3,3804.3091,1.85,29895.08,31168.0,34067.0033,32721.0375,32100.7332,33123.2007,35588.4719,4.97
BTC,2021-07-10 11:13:02.528551,2021-07-10 17:13:02.528551,short,33290.01,33910.2451,32669.7749,32049.5398,31429.3046,33910.2451,sl,-620.2351,-1.0,33526.82,32906.92,33738.6,33374.74,33441.1477,33630.8184,33999.4874,0.76
BTC,2021-07-26 15:13:02.528551,2021-07-27 19:13:02.528551,short,31557.91,31946.2525,31169.5675,30781.225,30392.8826,30392.8826,tp3,718.4336,1.85,30182.93,30829.8483,32266.0367,31632.4242,30869.4047,31217.2563,32047.5768,2.09
BTC,2021-08-29 01:13:02.528551,2021-09-02 19:13:02.528551,long,49204.56,46668.3013,51740.8186,54277.0773,56813.336,46668.3013,sl,-2536.2587,-1.0,46855.59,47695.805,49290.475,48322.2825,48207.8092,48448.5152,48019.9073,1.74
BTC,2021-09-20 09:13:02.528551,2021-09-20 12:13:02.528551,short,45091.83,46095.2828,44088.3772,43084.9244,42081.4716,46095.2828,sl,-1003.4528,-1.0,46025.24,45023.2358,46003.2762,45424.1615,45693.9365,45690.4743,47003.3178,1.43
BTC,2021-09-20 14:13:02.528551,2021-09-21 02:13:02.528551,short,45177.19,46090.5304,44263.8496,43350.5092,42437.1688,46090.5304,sl,-182.6681,-0.2,46140.01,44833.8083,46077.3667,45933.8792,45107.6459,45354.1197,46729.7802,3.56
BTC,2021-09-21 03:13:02.528551,2021-09-21 22:13:02.528551,short,43933.32,46169.5214,41697.1186,39460.9172,37224.7158,46169.5214,sl,-2236.2014,-1.0,45836.71,44101.25,45856.25,44613.125,45268.164,45240.6873,46428.8354,0.85
BTC,2021-09-24 17:13:02.528551,2021-09-25 00:13:02.528551,long,48071.87,47290.5544,48853.1857,49634.5013,50415.817,47290.5544,sl,-781.3157,-1.0,47403.56,47427.2667,48203.9583,48027.4375,47744.6083,47593.1838,47033.3158,1.59
BTC,2021-10-03 13:13:02.528551,2021-10-03 22:13:02.528551,short,42575.68,43212.2938,41939.0663,41302.4525,40665.8388,43212.2938,sl,541.1217,0.85,43251.33,41429.1667,42937.5,42654.6875,42323.6973,42605.842,43923.4156,3.84
BTC,2021-10-09 22:13:02.528551,2021-10-23 00:13:02.528551,long,47683.45,43576.015,51790.885,55898.32,60005.755,60005.755,tp3,7598.7548,1.85,59962.25,54896.0412,58540.2975,57447.0206,58825.2469,57979.4059,55608.4146,1.79
BTC,2021-11-25 14:13:02.528551,2021-11-26 13:13:02.528551,short,59840.01,61159.55,58520.47,57200.9301,55881.3901,55881.3901,tp3,2441.1489,1.85,56101.79,58667.5479,60810.0958,59544.0448,57928.877,59136.8889,61849.3714,1.33
BTC,2021-12-04 08:13:02.528551,2021-12-06 12:13:02.528551,short,53973.04,58040.0234,49906.0566,45839.0733,41772.0899,58040.0234,sl,-4066.9834,-1.0,57639.76,53980.1983,54993.18,54341.9775,55473.4947,55161.8343,56636.635,1.66
BTC,2021-12-08 04:13:02.528551,2021-12-09 14:13:02.528551,long,57370.94,56415.6917,58326.1883,59281.4367,60236.685,56415.6917,sl,-191.0497,-0.2,56300.12,56563.35,57938.95,57044.81,57202.1361,57189.1056,57005.4143,2.01
BTC,2021-12-23 02:13:02.528551,2021-12-23 06:13:02.528551,short,46632.31,48284.4491,44980.1709,43328.0319,41675.8928,48284.4491,sl,-1652.1391,-1.0,48674.9,46599.4479,48188.0729,46930.4115,47746.5034,47797.0882,48879.3136,5.15
BTC,2021-12-31 03:13:02.528551,2021-12-31 13:13:02.528551,long,49089.49,48306.5287,49872.4513,50655.4125,51438.3738,51438.3738,tp3,1448.4783,1.85,51044.02,48208.3017,49359.8283,48856.0354,50060.126,49284.8071,48342.6596,1.34
BTC,2022-01-03 14:13:02.528551,2022-01-04 12:13:02.528551,long,51009.02,50012.275,52005.765,53002.51,53999.255,50012.275,sl,-199.349,-0.2,49818.63,49858.0,51307.5,50917.25,50878.0265,50751.1874,49805.0636,1.96
BTC,2022-01-08 04:13:02.528551,2022-01-13 07:13:02.528551,short,47016.57,48092.5322,45940.6078,44864.6455,43788.6833,43788.6833,tp3,1990.5302,1.85,43967.01,46014.385,46871.6933,46400.1738,45992.6642,46313.455,47177.7386,4.33
BTC,2022-01-17 11:13:02.528551,2022-01-18 01:13:02.528551,short,41655.18,42264.6105,41045.7495,40436.319,39826.8885,39826.8885,tp3,1340.7471,2.2,40786.57,41358.1375,42310.5125,41881.9438,41612.9721,41820.0533,43654.2407,7.38
BTC,2022-01-30 17:13:02.528551,2022-02-03 00:13:02.528551,short,35279.83,38265.712,32293.948,29308.066,26322.184,38265.712,sl,-2985.882,-1.0,38193.48,34472.2638,38248.92,36360.5919,37381.3629,36767.7237,37924.2304,1.8
BTC,2022-02-07 10:13:02.528551,2022-02-07 11:13:02.528551,long,37881.76,37504.761,38258.759,38635.758,39012.757,37504.761,sl,-376.999,-1.0,36829.3,37579.9208,38150.3304,37865.1256,37766.0081,37712.8659,37606.9548,2.84
BTC,2022-02-08 23:13:02.528551,2022-02-10 03:13:02.528551,long,38650.0,37261.7339,40038.2661,41426.5323,42814.7984,37261.7339,sl,-1388.2661,-1.0,37336.71,38100.4833,38841.6667,38471.075,38234.5963,38253.685,37888.7437,2.63
BTC,2022-02-18 01:13:02.528551,2022-02-18 11:13:02.528551,long,44356.08,43207.402,45504.758,46653.436,47802.1139,43207.402,sl,-229.7356,-0.2,43040.01,43538.91,44860.12,44199.515,44171.1222,44057.6011,42158.3027,1.42
BTC,2022-02-23 09:13:02.528551,2022-02-25 00:13:02.528551,long,44169.17,42203.3442,46134.9958,48100.8217,50066.6475,42203.3442,sl,-1965.8258,-1.0,42239.99,43728.2833,44330.1167,44119.475,43477.9459,43596.9745,43011.1579,3.4
BTC,2022-03-19 02:13:02.528551,2022-03-26 05:13:02.528551,short,39080.26,41766.9146,36393.6054,33706.9508,31020.2962,41766.9146,sl,-2686.6546,-1.0,41693.03,40306.0883,41201.1908,40853.0954,40884.1486,40653.8239,39942.28,1.19
BTC,2022-04-07 04:13:02.528551,2022-04-07 05:13:02.528551,long,47659.5,47077.9171,48241.0829,48822.6657,49404.2486,47077.9171,sl,-581.5829,-1.0,47130.01,47172.2617,47826.4192,47426.6562,47303.9591,47188.4667,45272.2501,1.22
BTC,2022-04-11 04:13:02.528551,2022-04-11 11:13:02.528551,long,46394.95,45865.091,46924.809,47454.668,47984.527,45865.091,sl,-105.9718,-0.2,45862.08,46088.9337,46806.38,46367.9406,46381.2446,46328.6248,45910.2078,2.73
BTC,2022-04-15 01:13:02.528551,2022-05-13 02:13:02.528551,short,43420.69,45613.8018,41227.5782,39034.4665,36841.3547,36841.3547,tp3,4057.2568,1.85,36909.67,38353.1233,40023.77,39658.316,39066.7033,38968.7816,38911.7922,7.62
BTC,2022-06-02 19:13:02.528551,2022-06-06 13:13:02.528551,short,29009.59,29959.6355,28059.5445,27109.499,26159.4535,29959.6355,sl,-190.0091,-0.2,30216.71,28734.445,29255.9275,28995.1862,29359.1087,29187.2364,29385.0531,4.23
BTC,2022-07-06 02:13:02.528551,2022-07-15 05:13:02.528551,short,20606.4,21324.9523,19887.8477,19169.2955,18450.7432,21324.9523,sl,610.7694,0.85,21357.71,20027.2,20629.5333,20358.4833,20671.033,20388.938,20060.0739,2.06
BTC,2022-07-27 00:13:02.528551,2022-08-02 10:13:02.528551,long,22320.63,21352.3019,23288.9581,24257.2862,25225.6143,21352.3019,sl,823.0789,0.85,21310.9,21735.2937,22649.1125,21887.5969,21936.3405,22193.6596,22274.6091,1.51
BTC,2022-08-18 08:13:02.528551,2022-08-26 11:13:02.528551,long,23958.64,23059.8599,24857.4201,25756.2001,26654.9802,23059.8599,sl,-179.756,-0.2,22931.29,23233.1629,23813.555,23417.8331,23347.4987,23522.0037,23814.7578,2.42
BTC,2022-08-31 20:13:02.528551,2022-09-01 02:13:02.528551,short,21314.67,21562.3399,21067.0001,20819.3303,20571.6604,21562.3399,sl,-247.6699,-1.0,21618.45,21188.1638,21519.3012,21337.1756,21412.7928,21387.238,22000.6542,1.33
BTC,2022-09-03 01:13:02.528551,2022-09-14 04:13:02.528551,short,21159.93,21778.1172,20541.7428,19923.5556,19305.3684,19305.3684,tp3,1143.6463,1.85,19102.32,19702.1012,19906.915,19850.0223,19766.4233,19804.1663,20039.1837,2.49
BTC,2022-10-13 03:13:02.528551,2022-10-14 23:13:02.528551,long,20231.58,19597.7447,20865.4153,21499.2506,22133.0859,19597.7447,sl,-633.8353,-1.0,19616.92,19941.925,20274.95,19987.3375,19961.1626,20007.5967,19742.0218,3.82
BTC,2022-10-23 17:13:02.528551,2022-10-25 17:13:02.528551,short,19133.1,19686.7599,18579.4401,18025.7801,17472.1202,19686.7599,sl,-553.6599,-1.0,19643.57,19089.2908,19523.655,19127.6171,19508.2979,19394.4326,19321.9897,1.18
BTC,2022-10-25 22:13:02.528551,2022-10-26 05:13:02.528551,long,19563.59,19177.956,19949.224,20334.8581,20720.4921,19177.956,sl,-385.634,-1.0,19220.87,19328.1225,19656.1883,19542.6271,19467.8905,19423.8412,19340.08,1.37
BTC,2022-11-01 14:13:02.528551,2022-11-02 02:13:02.528551,long,19342.02,19187.8798,19496.1602,19650.3003,19804.4405,19804.4405,tp3,339.1084,2.2,19748.48,19252.3696,19486.7033,19317.4623,19387.9368,19342.6445,19274.1935,3.79
BTC,2022-11-05 03:13:02.528551,2022-11-08 00:13:02.528551,long,20702.73,20399.2863,21006.1737,21309.6173,21613.061,20399.2863,sl,-60.6887,-0.2,20336.29,20619.0796,20947.9646,20742.4115,20605.9768,20636.6024,20289.0296,2.6
BTC,2022-11-25 00:13:02.528551,2022-11-25 11:13:02.528551,short,16492.5,16947.995,16037.005,15581.51,15126.015,16947.995,sl,-455.495,-1.0,16950.74,16431.7192,16750.3742,16551.2148,16665.3451,16660.9356,17170.2867,1.92
BTC,2022-12-18 12:13:02.528551,2022-12-19 10:13:02.528551,long,17163.92,17086.8408,17240.9992,17318.0785,17395.1577,17086.8408,sl,-15.4158,-0.2,17085.05,17126.5679,17186.0358,17156.3019,17145.2929,17144.4724,17044.9165,1.61
BTC,2022-12-20 15:13:02.528551,2022-12-21 00:13:02.528551,long,17168.95,16937.6917,17400.2083,17631.4665,17862.7248,17862.7248,tp3,508.7682,2.2,17897.86,16924.1958,17212.0979,17146.6656,17285.2739,17174.6087,17070.457,3.61
BTC,2022-12-26 14:13:02.528551,2022-12-27 09:13:02.528551,short,16681.47,16802.6449,16560.2951,16439.1202,16317.9454,16317.9454,tp3,266.5847,2.2,16416.82,16684.13,16773.695,16736.3762,16640.7969,16715.5066,16990.0875,2.13
BTC,2023-01-11 13:13:02.528551,2023-01-16 10:13:02.528551,long,16736.52,16609.3635,16863.6765,16990.8331,17117.9896,17117.9896,tp3,235.2396,1.85,17127.83,16907.2008,16954.9863,16940.6506,16962.0311,16932.6335,16825.6691,2.7
BTC,2023-01-31 03:13:02.528551,2023-02-01 10:13:02.528551,long,22911.17,22606.8756,23215.4644,23519.7587,23824.0531,22606.8756,sl,-304.2944,-1.0,22632.89,22699.2004,23069.0462,22939.6002,22902.4195,22866.1769,21952.4769,1.65
BTC,2023-02-14 19:13:02.528551,2023-02-15 04:13:02.528551,short,22872.67,23144.0257,22601.3143,22329.9587,22058.603,23144.0257,sl,-271.3557,-1.0,23282.92,22783.6862,23032.5762,22892.5756,22976.2132,22999.4355,23125.4627,2.21
BTC,2023-02-20 19:13:02.528551,2023-02-22 01:13:02.528551,short,21720.67,21917.5196,21523.8204,21326.9707,21130.1211,21917.5196,sl,-39.3699,-0.2,22247.39,21566.5912,21874.4787,21735.9294,21788.1221,21767.0455,22161.1377,3.56
BTC,2023-02-25 11:13:02.528551,2023-02-27 12:13:02.528551,long,24632.74,23848.8438,25416.6362,26200.5324,26984.4286,23848.8438,sl,-783.8962,-1.0,24236.97,24479.3312,24811.91,24645.6206,24505.778,24492.3966,23658.958,1.77
BTC,2023-02-27 20:13:02.528551,2023-03-01 03:13:02.528551,long,24884.3,24355.0099,25413.5901,25942.8803,26472.1704,24355.0099,sl,-529.2901,-1.0,24403.27,24486.6996,25015.1383,24809.6344,24706.4515,24692.4417,24010.4141,1.63
BTC,2023-03-10 08:13:02.528551,2023-03-10 12:13:02.528551,short,23408.65,23802.5175,23014.7825,22620.915,22227.0475,22227.0475,tp3,1181.6025,3.0,22150.31,23224.1904,23714.1754,23407.9348,23304.6286,23402.3636,23523.4126,4.64
BTC,2023-03-14 06:13:02.528551,2023-03-14 14:13:02.528551,short,22393.35,22517.6567,22269.0433,22144.7367,22020.43,22517.6567,sl,-124.3067,-1.0,22460.54,22346.8433,22484.7638,22415.8035,22439.7879,22439.1287,22818.1079,0.84
BTC,2023-03-23 17:13:02.528551,2023-03-24 17:13:02.528551,long,24568.74,24056.2344,25081.2456,25593.7511,26106.2567,26106.2567,tp3,948.1353,1.85,26142.14,24355.2125,24966.2292,24775.2865,25241.7587,24829.5871,23388.2952,1.58
BTC,2023-03-31 06:13:02.528551,2023-04-01 03:13:02.528551,long,28369.99,27773.6934,28966.2866,29562.5832,30158.8799,27773.6934,sl,-596.2966,-1.0,27609.99,27546.0708,28773.6229,28254.274,28016.9559,27977.9423,27067.1017,2.59
BTC,2023-04-05 02:13:02.528551,2023-04-05 16:13:02.528551,short,26882.07,27898.782,25865.358,24848.6459,23831.9339,27898.782,sl,-1016.712,-1.0,28052.3,26756.1633,27438.2275,26973.1838,27340.3174,27312.9215,27292.5959,3.04
BTC,2023-04-08 05:13:02.528551,2023-04-10 02:13:02.528551,long,28469.31,27943.6603,28994.9597,29520.6095,30046.2592,27943.6603,sl,-525.6497,-1.0,28121.97,28305.7875,28582.515,28404.6188,28328.4377,28343.2008,27984.1794,2.65
BTC,2023-04-15 09:13:02.528551,2023-04-17 05:13:02.528551,short,27906.33,28165.2447,27647.4153,27388.5006,27129.5858,28165.2447,sl,-258.9147,-1.0,28140.4,27859.165,28021.8688,27910.9344,27956.747,27966.8927,28011.1533,3.65
BTC,2023-04-19 22:13:02.528551,2023-04-25 11:13:02.528551,long,30157.09,29202.3117,31111.8683,32066.6467,33021.425,29202.3117,sl,-954.7783,-1.0,29373.53,29513.4292,30549.99,30304.4888,29577.3912,29852.2415,29758.6798,1.56
BTC,2023-05-07 23:13:02.528551,2023-05-08 01:13:02.528551,long,29292.51,29096.8547,29488.1653,29683.8207,29879.476,29879.476,tp3,586.966,3.0,29655.18,29155.165,29395.315,29287.2475,29292.6553,29248.8987,28865.3393,8.91
BTC,2023-05-21 21:13:02.528551,2023-05-22 01:13:02.528551,short,26805.98,26996.5027,26615.4573,26424.9345,26234.4118,26996.5027,sl,-190.5227,-1.0,27082.02,26377.0388,26942.6175,26814.0769,26866.3159,26844.7793,27435.6094,4.28
BTC,2023-05-27 00:13:02.528551,2023-05-30 13:13:02.528551,short,26835.33,27364.8204,26305.8396,25776.3492,25246.8588,27364.8204,sl,-529.4904,-1.0,27366.67,26723.045,27061.9092,26861.6712,26938.0547,26905.7946,27020.3867,3.75
BTC,2023-06-09 23:13:02.528551,2023-06-10 05:13:02.528551,short,26908.84,27228.3062,26589.3738,26269.9075,25950.4413,27228.3062,sl,-319.4662,-1.0,27239.02,26821.875,27138.75,26909.8958,27059.7969,27067.0542,27135.5459,1.48
BTC,2023-06-13 21:13:02.528551,2023-06-14 05:13:02.528551,short,25686.64,26905.8434,24467.4366,23248.2331,22029.0297,26905.8434,sl,-1219.2034,-1.0,27080.13,25351.02,26666.02,25745.52,26151.4896,26286.4269,26796.6519,2.28
BTC,2023-06-15 19:13:02.528551,2023-06-28 02:13:02.528551,short,26385.06,27276.1509,25493.9691,24602.8782,23711.7873,27276.1509,sl,-178.2182,-0.2,27380.54,26332.7817,26832.8375,26467.4121,26862.6267,26694.8441,26317.5924,3.96
BTC,2023-06-29 22:13:02.528551,2023-08-25 01:13:02.528551,long,30115.49,28151.085,32079.895,34044.3,36008.705,28151.085,sl,-1964.405,-1.0,27934.02,28824.1917,29451.0408,29185.8354,28592.9205,28873.0545,29212.1318,4.81
BTC,2023-08-25 22:13:02.528551,2023-10-23 23:13:02.528551,short,26328.02,28613.947,24042.093,21756.166,19470.239,28613.947,sl,-2285.927,-1.0,28000.0,26789.0,27682.25,26863.4375,27535.1084,27243.03,27167.7211,8.85
BTC,2023-10-26 19:13:02.528551,2023-10-27 12:13:02.528551,long,28400.01,28191.1148,28608.9052,28817.8004,29026.6957,29026.6957,tp3,386.4562,1.85,28980.0,28210.8725,28651.7225,28339.4538,28612.3903,28461.9906,27896.2633,1.98
BTC,2023-11-03 16:13:02.528551,2023-11-04 00:13:02.528551,long,34240.0,33853.5073,34626.4927,35012.9854,35399.4781,33853.5073,sl,-386.4927,-1.0,33900.0,34038.8854,34787.3875,34643.4448,34098.2278,34071.1501,32163.2923,2.38
BTC,2023-11-07 21:13:02.528551,2023-11-09 00:13:02.528551,long,34488.27,34129.7288,34846.8112,35205.3525,35563.8937,34129.7288,sl,-71.7082,-0.2,34183.96,34232.75,34613.625,34457.8125,34453.6646,34423.0262,33685.6041,2.77
BTC,2023-11-09 02:13:02.528551,2023-11-09 06:13:02.528551,long,34458.63,34164.2845,34752.9755,35047.321,35341.6665,35341.6665,tp3,883.0365,3.0,35406.08,34171.875,34563.5417,34441.1458,34558.0373,34472.2944,33741.1151,2.46
BTC,2023-11-11 22:13:02.528551,2023-11-16 12:13:02.528551,long,34758.78,34277.644,35239.916,35721.052,36202.188,36202.188,tp3,890.1016,1.85,36363.44,34918.795,35908.1325,35347.5079,35606.5135,35358.2868,34858.3297,2.77
BTC,2023-11-27 01:13:02.528551,2023-11-28 02:13:02.528551,long,36568.27,36239.6542,36896.8858,37225.5016,37554.1174,37554.1174,tp3,607.9392,1.85,37234.83,36384.02,37174.5058,36500.2679,37151.8253,36922.7949,36590.4121,1.94
BTC,2023-12-08 11:13:02.528551,2023-12-10 05:13:02.528551,long,37946.02,37583.0167,38309.0233,38672.0267,39035.03,39035.03,tp3,671.5562,1.85,39420.0,38206.0,38877.0,38724.5,38804.7202,38544.5328,37900.2782,7.03
BTC,2023-12-30 22:13:02.528551,2023-12-31 15:13:02.528551,long,43704.91,43434.7148,43975.1052,44245.3004,44515.4956,43434.7148,sl,-270.1952,-1.0,43490.01,43521.7583,43844.68,43729.3508,43721.827,43684.596,43126.9008,3.07
BTC,2023-12-31 23:13:02.528551,2024-01-01 06:13:02.528551,long,43756.42,43456.3664,44056.4736,44356.5271,44656.5807,43456.3664,sl,-300.0536,-1.0,43499.25,43543.4533,43827.3508,43622.3138,43655.1329,43664.5247,43198.5402,1.26
BTC,2024-01-21 10:13:02.528551,2024-02-16 12:13:02.528551,short,42687.36,45926.0438,39448.6763,36209.9925,32971.3088,45926.0438,sl,-647.7367,-0.2,46285.23,43730.1,45614.3,44731.0812,45152.8964,44469.2444,43370.5267,2.36
BTC,2024-02-21 18:13:02.528551,2024-03-05 12:13:02.528551,long,50758.0,48720.1245,52795.8755,54833.751,56871.6266,56871.6266,tp3,3770.0697,1.85,56298.48,50901.44,53406.79,51653.045,53698.0031,52604.4603,51623.6847,2.49
BTC,2024-03-06 12:13:02.528551,2024-03-12 08:13:02.528551,long,56925.1,53302.1383,60548.0617,64171.0233,67793.985,67793.985,tp3,6702.4791,1.85,67929.11,61588.75,65620.0,61991.875,65861.6631,64273.852,60318.1617,0.84
BTC,2024-03-24 02:13:02.528551,2024-04-02 03:13:02.528551,short,68187.05,70705.9029,65668.1971,63149.3442,60630.4914,70705.9029,sl,2141.0249,0.85,70559.09,64314.0158,67835.2338,66887.2135,67848.4086,66603.2219,66130.1567,1.66
BTC,2024-04-23 00:13:02.528551,2024-04-29 13:13:02.528551,short,64235.24,65938.5301,62531.9499,60828.6598,59125.3698,65938.5301,sl,1447.7966,0.85,65703.5,63982.0225,65467.0883,64953.0271,64900.9292,64628.6727,64629.7471,3.22
BTC,2024-05-15 00:13:02.528551,2024-05-15 04:13:02.528551,long,64024.47,63156.7667,64892.1733,65759.8767,66627.58,63156.7667,sl,-867.7033,-1.0,63169.99,63166.6667,64333.3333,64158.3333,63621.3593,63602.9289,62764.7792,1.42
BTC,2024-05-18 18:13:02.528551,2024-05-20 18:13:02.528551,short,60790.0,62773.9248,58806.0752,56822.1505,54838.2257,62773.9248,sl,-1983.9248,-1.0,62767.18,60778.9462,61362.6588,60924.8744,61466.2511,61346.527,61849.3366,4.2
BTC,2024-05-27 20:13:02.528551,2024-05-28 05:13:02.528551,long,67109.99,66491.8124,67728.1676,68346.3453,68964.5229,68964.5229,tp3,1143.6286,1.85,69999.99,66322.705,67369.9788,66962.7056,67557.2626,67087.9164,65387.0198,4.73
BTC,2024-06-06 17:13:02.528551,2024-06-07 00:13:02.528551,short,67584.56,68700.9543,66468.1657,65351.7714,64235.377,68700.9543,sl,-1116.3943,-1.0,68359.6,67501.9479,68407.4629,67766.0565,67974.4092,68065.1489,68225.8032,2.05
BTC,2024-06-09 19:13:02.528551,2024-06-10 00:13:02.528551,short,67529.99,68389.2388,66670.7412,65811.4924,64952.2436,68389.2388,sl,-859.2488,-1.0,68252.5,67164.6042,67955.9708,67708.6688,67864.5799,67849.5992,68061.1463,4.06
BTC,2024-06-11 23:13:02.528551,2024-06-18 12:13:02.528551,long,69527.99,68005.0918,71050.8882,72573.7863,74096.6845,68005.0918,sl,-304.5796,-0.2,68268.62,69263.4525,69751.8983,69330.0588,69396.3588,69529.9809,69596.8537,4.14
BTC,2024-06-21 01:13:02.528551,2024-07-02 05:13:02.528551,short,66470.01,68820.366,64119.654,61769.298,59418.942,59418.942,tp3,4348.1586,1.85,59306.72,59859.0,62967.0,61121.625,61497.2128,62695.5735,64528.5537,1.44
BTC,2024-07-07 11:13:02.528551,2024-07-08 00:13:02.528551,short,60961.99,61808.102,60115.878,59269.7661,58423.6541,61808.102,sl,-846.112,-1.0,61587.11,60667.0,61573.0,61006.75,61292.2663,61175.9993,62026.7784,1.61
BTC,2024-07-15 07:13:02.528551,2024-07-15 18:13:02.528551,short,56596.0,57873.8918,55318.1082,54040.2165,52762.3247,57873.8918,sl,-255.5784,-0.2,57792.0,55840.725,58475.0,56806.6258,56311.3107,56750.1317,58654.3097,3.12
BTC,2024-08-07 17:13:02.528551,2024-08-12 01:13:02.528551,short,66224.0,68624.5251,63823.4749,61422.9498,59022.4247,59022.4247,tp3,4440.9714,1.85,59086.01,60086.4171,62923.4221,60677.4598,60596.2659,61455.3558,64089.2504,3.25
BTC,2024-08-17 19:13:02.528551,2024-08-19 06:13:02.528551,long,60896.5,59083.1793,62709.8207,64523.1413,66336.462,59083.1793,sl,-1813.3207,-1.0,58504.92,60212.5417,61180.4583,60454.5208,60337.7833,60403.6548,59943.2689,3.93
BTC,2024-09-06 04:13:02.528551,2024-09-14 00:13:02.528551,short,59161.0,60491.3662,57830.6338,56500.2675,55169.9012,55169.9012,tp3,2461.1776,1.85,54733.24,55684.875,57304.375,56562.1042,56169.2348,56648.7147,58110.473,4.42
BTC,2024-09-30 05:13:02.528551,2024-09-30 08:13:02.528551,long,63160.0,62627.7934,63692.2066,64224.4132,64756.6198,62627.7934,sl,-532.2066,-1.0,63881.51,62753.3,63257.425,63131.3938,63020.2335,62950.1038,61420.6935,4.74
BTC,2024-10-06 09:13:02.528551,2024-10-07 11:13:02.528551,long,65858.0,65046.972,66669.028,67480.056,68291.084,65046.972,sl,-811.028,-1.0,64769.99,65482.6667,65871.3333,65798.4583,65617.1421,65593.997,64375.9541,3.09
BTC,2024-10-08 23:13:02.528551,2024-10-21 17:13:02.528551,short,62866.8,64595.1424,61138.4576,59410.1152,57681.7727,64595.1424,sl,1469.0911,0.85,64620.87,62458.3333,63377.0833,62815.625,63296.9355,62894.7614,62381.0813,2.04
BTC,2024-11-12 00:13:02.528551,2024-11-13 00:13:02.528551,short,68394.01,69384.9037,67403.1163,66412.2227,65421.329,69384.9037,sl,-198.1787,-0.2,69964.0,67723.3333,69055.8333,68778.2292,68683.83,68645.3193,69134.3939,3.78
BTC,2024-11-26 01:13:02.528551,2024-12-12 12:13:02.528551,long,92309.51,89437.267,95181.753,98053.996,100926.239,100926.239,tp3,5313.6495,1.85,101248.19,94481.8083,96966.8138,95724.311,97437.5299,96641.0044,96034.5387,5.03
BTC,2024-12-17 22:13:02.528551,2024-12-19 01:13:02.528551,short,97161.5,100050.5037,94272.4963,91383.4926,88494.4889,100050.5037,sl,-577.8007,-0.2,100361.64,95717.9875,98331.2167,97416.5865,98014.0021,97788.4573,98008.1751,3.86
BTC,2025-01-03 17:13:02.528551,2025-01-11 05:13:02.528551,short,95104.76,98771.1847,91438.3353,87771.9105,84105.4858,98771.1847,sl,-3666.4247,-1.0,98592.01,95755.49,97665.8325,96710.6612,97241.9261,96459.8586,95625.4351,1.61
BTC,2025-01-13 06:13:02.528551,2025-01-14 00:13:02.528551,long,98275.71,97506.4164,99045.0036,99814.2973,100583.5909,100583.5909,tp3,1423.1932,1.85,100737.03,97603.6912,99129.2304,98311.9773,99079.3883,98511.325,96985.2948,4.53
BTC,2025-02-15 06:13:02.528551,2025-02-22 03:13:02.528551,short,95764.31,98661.9137,92866.7063,89969.1026,87071.4988,98661.9137,sl,-2897.6037,-1.0,98526.0,95264.16,97280.04,96020.115,97010.1629,96750.4292,97160.6037,3.82
BTC,2025-02-26 14:13:02.528551,2025-02-27 09:13:02.528551,short,95213.85,96782.4561,93645.2439,92076.6379,90508.0318,96782.4561,sl,-1568.6061,-1.0,96644.37,95071.0,96473.425,95702.0912,96065.9719,95922.2031,96501.5666,0.76
BTC,2025-03-17 23:13:02.528551,2025-03-19 22:13:02.528551,short,81528.94,84310.4781,78747.4019,75965.8637,73184.3256,84310.4781,sl,-556.3076,-0.2,84069.0,78798.5925,82870.55,81461.0263,82424.2578,82104.2333,84580.2167,2.81
BTC,2025-04-01 10:13:02.528551,2025-04-04 17:13:02.528551,long,87599.99,85595.3704,89604.6096,91609.2293,93613.8489,85595.3704,sl,-2004.6196,-1.0,85212.99,86521.875,87656.25,87295.3125,86693.869,86960.7049,86130.8584,2.29
BTC,2025-04-13 01:13:02.528551,2025-04-14 04:13:02.528551,short,82618.26,83864.0049,81372.5151,80126.7702,78881.0253,78881.0253,tp3,2740.6388,2.2,79107.3,82541.79,83811.8133,82945.8883,82330.6407,82882.842,83599.5244,6.04
BTC,2025-04-16 00:13:02.528551,2025-04-17 03:13:02.528551,short,78479.91,80082.846,76876.974,75274.038,73671.102,80082.846,sl,1362.4956,0.85,82202.16,76181.9975,79305.9925,76832.8298,77703.4547,78061.8965,80724.6227,5.2
BTC,2025-04-22 03:13:02.528551,2025-04-23 05:13:02.528551,long,84859.73,84015.526,85703.934,86548.1381,87392.3421,84015.526,sl,-168.8408,-0.2,83998.52,84188.2933,85630.8725,84837.454,84986.7272,84822.217,83281.8798,0.82
BTC,2025-04-28 10:13:02.528551,2025-04-30 07:13:02.528551,long,86625.68,84356.6253,88894.7347,91163.7894,93432.8441,93432.8441,tp3,4197.7512,1.85,93039.99,86274.705,90189.3625,87328.6512,90048.0122,88431.092,85859.5431,3.38
BTC,2025-05-06 00:13:02.528551,2025-05-06 02:13:02.528551,long,94417.73,93575.8545,95259.6055,96101.481,96943.3565,93575.8545,sl,-841.8755,-1.0,93734.04,93625.4238,94922.5025,94038.1306,94301.6877,94207.5909,92000.2408,0.78
BTC,2025-05-07 13:13:02.528551,2025-05-07 23:13:02.528551,long,95032.84,93908.8946,96156.7854,97280.7309,98404.6763,93908.8946,sl,-1123.9454,-1.0,93032.58,94263.75,95265.6667,94855.7917,94640.9537,94635.2898,92992.1706,3.89
BTC,2025-05-13 19:13:02.528551,2025-05-14 05:13:02.528551,short,94211.96,95095.2901,93328.6299,92445.2998,91561.9696,95095.2901,sl,-883.3301,-1.0,94963.5,93873.0583,94765.9633,94319.5108,94420.2702,94624.0938,94748.4949,0.83
BTC,2025-05-15 07:13:02.528551,2025-05-19 17:13:02.528551,long,97120.63,94276.8185,99964.4415,102808.253,105652.0645,105652.0645,tp3,5261.0513,1.85,104467.99,103412.6388,104469.7638,103897.1544,104155.3311,103762.6243,100380.6337,5.63
BTC,2025-06-23 05:13:02.528551,2025-06-23 14:13:02.528551,short,105294.19,106057.024,104531.356,103768.522,103005.688,106057.024,sl,-152.5668,-0.2,106386.0,104869.3333,105845.3333,105479.3333,105543.4896,105488.0929,106105.0357,1.85
BTC,2025-07-05 01:13:02.528551,2025-07-05 03:13:02.528551,long,107308.25,106683.0663,107933.4337,108558.6174,109183.8012,106683.0663,sl,-625.1837,-1.0,106875.75,106835.6825,107713.7071,107115.054,107082.1956,106963.9209,105582.2258,0.9
BTC,2025-07-08 05:13:02.528551,2025-07-08 07:13:02.528551,long,107745.97,107033.0,108458.94,109171.91,109884.88,107033.0,sl,-712.97,-1.0,107130.81,107247.495,108275.825,107633.1188,107575.2897,107597.6241,106636.4947,1.07
BTC,2025-07-16 03:13:02.528551,2025-07-18 02:13:02.528551,long,108991.0,107781.1831,110200.8169,111410.6337,112620.4506,112620.4506,tp3,2238.1612,1.85,112643.48,108909.725,111999.79,111105.2975,111030.6356,110208.0396,108854.6415,4.32
BTC,2025-07-25 00:13:02.528551,2025-07-28 08:13:02.528551,long,118770.94,116764.9405,120776.9395,122782.9391,124788.9386,116764.9405,sl,-401.1999,-0.2,117479.93,117664.4433,118430.9583,118132.8692,118075.8662,118145.0369,117533.2287,3.77
BTC,2025-08-01 00:13:02.528551,2025-08-01 11:13:02.528551,long,119057.11,117391.9622,120722.2578,122387.4055,124052.5533,117391.9622,sl,-1665.1478,-1.0,117359.26,117758.2458,119068.5375,118609.9354,118390.2976,118445.8348,118085.4953,3.04
BTC,2025-08-15 21:13:02.528551,2025-08-21 08:13:02.528551,long,116891.51,114700.0735,119082.9465,121274.3831,123465.8196,123465.8196,tp3,4054.1576,1.85,122954.03,118568.8462,120470.8792,118828.2144,121285.9863,120342.6241,118305.4866,1.33
BTC,2025-08-25 04:13:02.528551,2025-08-25 12:13:02.528551,short,117542.01,118072.7533,117011.2667,116480.5234,115949.78,115949.78,tp3,1406.4698,2.65,115453.24,117219.2708,117932.8125,117683.0729,117430.6298,117766.6296,118226.029,4.59
BTC,2025-09-09 07:13:02.528551,2025-09-09 12:13:02.528551,short,107800.8,109688.439,105913.161,104025.522,102137.883,109688.439,sl,-1887.639,-1.0,110246.01,108251.525,109469.5,108528.3375,108983.5476,108902.8802,110412.1566,1.6
BTC,2025-09-15 17:13:02.528551,2025-09-17 23:13:02.528551,long,111280.39,110364.4538,112196.3262,113112.2625,114028.1988,114028.1988,tp3,1694.4821,1.85,113952.0,111503.5938,112977.4612,112082.6131,112213.6148,111923.7753,111344.9338,2.98
BTC,2025-09-22 07:13:02.528551,2025-09-22 09:13:02.528551,long,116058.88,115280.8363,116836.9237,117614.9674,118393.0112,115280.8363,sl,-778.0437,-1.0,115268.01,115511.86,116216.9417,115864.4008,115684.293,115604.1464,113980.5483,1.51
BTC,2025-09-22 14:13:02.528551,2025-09-22 18:13:02.528551,long,116058.01,115293.9442,116822.0758,117586.1416,118350.2075,115293.9442,sl,-764.0658,-1.0,114737.27,115411.1567,116070.5829,115887.409,115643.9698,115605.0714,114119.8533,2.94
BTC,2025-10-01 00:13:02.528551,2025-10-02 00:13:02.528551,short,112652.91,113483.3595,111822.4605,110992.011,110161.5614,113483.3595,sl,-166.0899,-0.2,113720.64,112038.535,113034.41,112785.4412,112710.8408,112884.5569,114261.4727,1.77
BTC,2025-10-04 00:13:02.528551,2025-10-06 18:13:02.528551,short,108836.0,112391.0234,105280.9766,101725.9532,98170.9299,112391.0234,sl,-3555.0234,-1.0,112099.75,109064.4,110981.0,109406.65,111251.7556,110562.1196,111565.8578,1.59
BTC,2025-10-19 05:13:02.528551,2025-11-28 22:13:02.528551,short,111178.31,121079.175,101277.445,91376.58,81475.715,81475.715,tp3,18316.6003,1.85,83285.35,86650.0,92695.0,91532.5,85510.1159,88063.1711,93367.3174,2.93
BTC,2025-12-05 14:13:02.528551,2025-12-08 10:13:02.528551,long,91424.02,87542.1423,95305.8977,99187.7753,103069.653,87542.1423,sl,-3881.8777,-1.0,87000.0,90462.8933,91385.1633,90885.6004,90786.5063,90887.34,90183.1383,7.04
BTC,2025-12-09 09:13:02.528551,2025-12-10 00:13:02.528551,short,86286.01,88428.608,84143.412,82000.8141,79858.2161,88428.608,sl,-2142.598,-1.0,89271.99,84844.9162,87570.6662,86378.1506,87121.0094,87584.5555,89014.401,2.89
BTC,2026-01-01 18:13:02.528551,2026-01-02 01:13:02.528551,short,87584.65,88060.031,87109.269,86633.8879,86158.5069,88060.031,sl,-475.381,-1.0,88371.27,87070.7833,87884.2625,87518.1969,87679.6934,87672.9945,88014.4591,4.28
BTC,2026-01-12 09:13:02.528551,2026-01-15 17:13:02.528551,long,91529.73,89861.9231,93197.5369,94865.3439,96533.1508,89861.9231,sl,-333.5614,-0.2,90548.02,91573.38,93965.93,93567.1717,91194.8746,91835.4076,91028.9655,1.7
BTC,2026-01-17 14:13:02.528551,2026-01-19 11:13:02.528551,short,90448.3,91456.7296,89439.8704,88431.4408,87423.0112,91456.7296,sl,-1008.4296,-1.0,91412.44,90497.9725,90890.9312,90694.4519,90895.4621,90826.8895,90861.1209,3.02
BTC,2026-01-29 02:13:02.528551,2026-02-08 04:13:02.528551,short,87602.4,91531.1895,83673.6105,79744.821,75816.0315,75816.0315,tp3,7268.2605,1.85,78038.38,82001.0362,84650.145,84208.6269,82017.0688,83470.2793,86790.5081,4.83
BTC,2026-02-23 23:13:02.528551,2026-03-03 14:13:02.528551,short,68395.1,70128.644,66661.556,64928.012,63194.468,63194.468,tp3,3207.0564,1.85,63378.84,64035.235,66440.815,64736.8625,64809.8988,65838.6198,67306.946,1.76
BTC,2026-03-11 01:13:02.528551,2026-03-24 10:13:02.528551,long,67725.81,65135.468,70316.152,72906.494,75496.836,75496.836,tp3,4792.1327,1.85,75318.48,72250.6588,74899.99,73751.9465,73952.5493,72996.5763,71095.3836,1.86
BTC,2026-03-28 04:13:02.528551,2026-03-30 21:13:02.528551,short,69770.0,71207.2114,68332.7886,66895.5772,65458.3658,71207.2114,sl,-287.4423,-0.2,70122.15,67516.505,69386.645,68529.4975,68589.5818,69015.4942,70366.5539,6.71
BTC,2026-04-05 09:13:02.528551,2026-04-06 23:13:02.528551,short,66377.03,68140.6155,64613.4445,62849.8591,61086.2736,68140.6155,sl,-1763.5855,-1.0,67529.52,66267.625,67535.25,66711.2938,67230.363,67043.1627,68332.0494,1.73
BTC,2026-04-15 06:13:02.528551,2026-04-18 01:13:02.528551,long,69319.39,68037.1368,70601.6432,71883.8964,73166.1497,73166.1497,tp3,2372.1685,1.85,72460.51,70800.875,72140.375,71079.9375,72054.5521,71597.0582,69788.9313,1.76
BTC,2026-04-29 09:13:02.528551,2026-05-12 23:13:02.528551,long,76336.15,74642.4792,78029.8208,79723.4916,81417.1624,81417.1624,tp3,3133.291,1.85,81330.0,78592.9512,80547.7075,80091.5977,80631.3245,79947.4965,78384.3847,2.71
ETH,2018-03-12 19:13:09.860595,2018-03-13 13:13:09.860595,long,875.0,859.2801,890.7199,906.4398,922.1598,859.2801,sl,-15.7199,-1.0,859.66,863.0004,876.0462,871.4802,868.1337,868.2945,866.7834,0.88
ETH,2018-03-19 04:13:09.860595,2018-03-29 15:13:09.860595,short,734.0,818.6695,649.3305,564.661,479.9915,479.9915,tp3,156.6386,1.85,481.93,541.5042,625.3,598.1896,525.8173,558.1686,637.2576,2.24
ETH,2018-03-31 09:13:09.860595,2018-03-31 21:13:09.860595,short,527.07,561.12,493.02,458.97,424.92,561.12,sl,-34.05,-1.0,561.0,523.3333,555.4167,539.375,541.9913,540.4164,594.1849,0.91
ETH,2018-04-04 23:13:09.860595,2018-04-06 13:13:09.860595,short,528.32,543.8021,512.8379,497.3558,481.8737,481.8737,tp3,34.0606,2.2,485.32,514.6125,532.9,520.4906,514.6852,521.3371,547.568,3.95
ETH,2018-04-29 18:13:09.860595,2018-04-30 18:13:09.860595,long,515.57,504.0752,527.0648,538.5595,550.0543,550.0543,tp3,21.2653,1.85,554.57,500.02,524.6325,515.6079,536.3499,526.0013,495.9866,1.68
ETH,2018-05-11 10:13:09.860595,2018-05-11 22:13:09.860595,long,684.98,673.813,696.147,707.314,718.481,673.813,sl,-11.167,-1.0,673.05,677.0167,693.1546,682.1515,682.8244,681.6001,653.0725,0.89
ETH,2018-05-23 03:13:09.860595,2018-05-24 23:13:09.860595,short,681.52,740.1841,622.8559,564.1918,505.5278,740.1841,sl,-58.6641,-1.0,727.41,646.55,699.95,675.475,709.2335,698.4274,716.5442,0.85
ETH,2018-07-14 20:13:09.860595,2018-07-16 02:13:09.860595,long,470.9,461.0777,480.7223,490.5447,500.367,461.0777,sl,-1.9645,-0.2,462.38,465.5667,475.2042,470.3854,470.6313,469.8065,461.9334,1.28
ETH,2018-07-17 07:13:09.860595,2018-07-17 21:13:09.860595,long,470.47,462.326,478.614,486.758,494.902,462.326,sl,-8.144,-1.0,464.88,462.0562,474.0188,468.6356,468.2846,467.9354,463.6763,2.5
ETH,2018-08-08 21:13:09.860595,2018-08-10 16:13:09.860595,short,464.48,471.1571,457.8029,451.1258,444.4487,444.4487,tp3,12.3526,1.85,445.81,455.0025,467.8617,465.3888,453.5029,458.293,464.2973,1.1
ETH,2018-08-16 21:13:09.860595,2018-08-17 19:13:09.860595,short,405.14,412.5459,397.7341,390.3281,382.9222,412.5459,sl,-1.4812,-0.2,410.0,403.155,409.905,406.1925,406.9735,407.2251,420.1939,1.37
ETH,2018-08-20 09:13:09.860595,2018-08-21 05:13:09.860595,short,362.0,371.9374,352.0626,342.1252,332.1878,332.1878,tp3,26.3341,2.65,325.99,356.6875,364.2375,358.1031,354.5586,361.0257,388.9803,2.56
ETH,2018-09-03 22:13:09.860595,2018-09-04 02:13:09.860595,short,271.9,277.5206,266.2794,260.6588,255.0382,277.5206,sl,-5.6206,-1.0,280.37,270.9583,277.2083,274.6042,275.0958,275.6201,287.0923,1.32
ETH,2018-10-09 23:13:09.860595,2018-10-13 11:13:09.860595,long,232.24,217.9611,246.5189,260.7978,275.0766,217.9611,sl,-14.2789,-1.0,218.72,226.4975,231.71,230.4069,225.9747,228.0491,226.9134,1.27
ETH,2018-10-23 01:13:09.860595,2018-10-25 13:13:09.860595,short,197.3,207.2483,187.3517,177.4035,167.4552,207.2483,sl,-9.9483,-1.0,220.27,197.4067,203.1754,201.8294,201.5192,201.4371,209.8407,8.36
ETH,2018-11-09 21:13:09.860595,2018-11-14 20:13:09.860595,short,196.89,204.5717,189.2083,181.5267,173.845,204.5717,sl,-7.6817,-1.0,205.84,199.4483,202.2379,199.9848,201.5981,200.9446,201.1873,4.47
ETH,2018-11-15 18:13:09.860595,2018-11-24 12:13:09.860595,long,211.38,201.8887,220.8713,230.3625,239.8538,201.8887,sl,-1.8983,-0.2,200.5,209.41,213.3567,212.1233,207.4969,209.8797,211.1568,2.76
ETH,2018-11-25 08:13:09.860595,2018-11-30 06:13:09.860595,short,178.35,195.37,161.33,144.3101,127.2901,127.2901,tp3,31.4869,1.85,133.72,147.9896,164.705,154.8277,149.821,159.6471,180.2823,3.31
ETH,2018-12-15 05:13:09.860595,2018-12-16 21:13:09.860595,short,107.14,112.3513,101.9287,96.7173,91.506,91.506,tp3,9.641,1.85,91.0,96.6442,105.2512,103.596,98.4801,102.4809,111.4371,2.11
ETH,2019-01-11 17:13:09.860595,2019-01-12 06:13:09.860595,long,135.27,132.2974,138.2426,141.2153,144.1879,144.1879,tp3,5.4994,1.85,144.57,129.975,138.2625,134.1188,138.1637,135.8793,129.9287,4.31
ETH,2019-02-06 01:13:09.860595,2019-02-06 23:13:09.860595,short,115.34,116.8069,113.8731,112.4062,110.9393,110.9393,tp3,2.7138,1.85,110.39,113.07,115.97,113.795,113.3904,114.4178,116.8853,2.11
ETH,2019-02-13 21:13:09.860595,2019-02-14 06:13:09.860595,short,107.36,108.8272,105.8928,104.4256,102.9583,108.8272,sl,-1.4672,-1.0,108.23,106.2642,108.485,107.4856,107.5362,107.6034,108.7429,1.52
ETH,2019-02-14 07:13:09.860595,2019-02-15 23:13:09.860595,short,107.18,108.702,105.658,104.1361,102.6141,102.6141,tp3,4.5659,3.0,103.11,106.835,107.995,107.4875,106.8036,107.2067,108.2438,7.23
ETH,2019-03-09 16:13:09.860595,2019-03-09 18:13:09.860595,short,136.13,139.2179,133.0421,129.9542,126.8664,126.8664,tp3,9.2636,3.0,129.63,135.025,138.6138,136.1669,136.2296,137.4159,140.0529,5.29
ETH,2019-03-18 11:13:09.860595,2019-03-18 20:13:09.860595,long,136.98,135.9455,138.0145,139.049,140.0836,135.9455,sl,0.8793,0.85,133.11,136.0083,137.8946,136.7419,136.5748,136.4763,135.2742,4.17
ETH,2019-03-19 09:13:09.860595,2019-03-19 15:13:09.860595,long,137.27,135.4353,139.1047,140.9395,142.7742,135.4353,sl,-1.8347,-1.0,136.27,135.7067,138.25,136.9783,136.6319,136.4312,135.4396,1.05
ETH,2019-03-22 13:13:09.860595,2019-03-24 06:13:09.860595,short,132.86,135.0913,130.6287,128.3974,126.1661,135.0913,sl,-0.4463,-0.2,132.17,131.3667,133.53,131.8583,131.8426,132.2729,133.8541,8.58
ETH,2019-04-15 00:13:09.860595,2019-05-05 14:13:09.860595,long,164.14,153.6853,174.5947,185.0493,195.504,153.6853,sl,8.8865,0.85,155.41,159.8092,165.3008,163.3788,162.609,164.4263,167.4361,8.65
ETH,2019-05-08 12:13:09.860595,2019-05-10 14:13:09.860595,short,158.16,160.5859,155.7341,153.3081,150.8822,160.5859,sl,2.0621,0.85,162.0,154.7667,159.2625,158.0521,158.4556,157.872,160.6315,2.33
ETH,2019-06-08 08:13:09.860595,2019-06-08 09:13:09.860595,long,270.81,266.1417,275.4784,280.1467,284.815,284.815,tp3,14.005,3.0,281.99,266.675,272.6375,270.3188,271.1305,269.1339,258.027,4.48
ETH,2019-06-15 13:13:09.860595,2019-06-16 05:13:09.860595,short,243.88,249.2876,238.4724,233.0648,227.6573,249.2876,sl,-1.0815,-0.2,248.76,239.73,247.0725,241.3988,243.369,244.8687,253.2913,2.92
ETH,2019-07-21 02:13:09.860595,2019-08-25 03:13:09.860595,short,266.68,295.2468,238.1132,209.5464,180.9796,180.9796,tp3,52.8486,1.85,182.33,181.23,197.2092,187.9904,187.0123,193.1051,206.4965,1.99
ETH,2019-09-18 07:13:09.860595,2019-09-20 04:13:09.860595,long,180.55,176.9001,184.1999,187.8499,191.4998,176.9001,sl,-0.73,-0.2,178.28,178.3525,182.6471,181.2806,179.8331,180.0087,177.9722,2.26
ETH,2019-10-15 04:13:09.860595,2019-10-16 10:13:09.860595,short,174.12,177.2738,170.9662,167.8123,164.6585,177.2738,sl,2.6808,0.85,177.0,170.8,175.48,173.725,172.6483,172.9915,175.2147,2.25
ETH,2019-10-17 20:13:09.860595,2019-10-25 10:13:09.860595,long,180.71,174.5976,186.8224,192.9348,199.0472,174.5976,sl,5.1955,0.85,174.11,178.0283,184.7504,182.9406,179.2339,181.0702,182.1264,4.06
ETH,2019-10-26 04:13:09.860595,2019-11-03 15:13:09.860595,short,173.91,181.9131,165.9069,157.9038,149.9007,181.9131,sl,6.8026,0.85,179.31,158.1833,162.9167,160.8458,167.1059,164.9657,169.5552,4.62
ETH,2019-11-19 00:13:09.860595,2019-11-19 03:13:09.860595,short,183.88,186.0626,181.6974,179.5147,177.3321,186.0626,sl,-2.1826,-1.0,188.08,182.8225,185.365,184.0938,184.7655,185.0235,185.0155,3.34
ETH,2019-12-13 14:13:09.860595,2019-12-17 09:13:09.860595,short,145.94,150.072,141.808,137.6759,133.5439,150.072,sl,-4.132,-1.0,150.68,146.7475,148.5946,148.0069,148.0303,147.7721,148.6193,4.18
ETH,2020-01-16 13:13:09.860595,2020-01-17 10:13:09.860595,long,143.19,138.5573,147.8227,152.4553,157.088,138.5573,sl,-4.6327,-1.0,138.81,141.0125,145.1421,143.0773,142.7871,142.1726,136.9467,2.83
ETH,2020-02-11 00:13:09.860595,2020-02-14 15:13:09.860595,long,186.04,179.2774,192.8026,199.5652,206.3278,206.3278,tp3,12.5108,1.85,206.68,184.69,195.6533,188.485,197.6264,193.2547,184.5948,1.01
ETH,2020-03-07 09:13:09.860595,2020-03-15 10:13:09.860595,short,226.52,242.4439,210.5961,194.6722,178.7482,242.4439,sl,-15.9239,-1.0,244.88,225.9575,237.1104,231.534,237.3391,233.4674,231.6728,1.6
ETH,2020-04-06 20:13:09.860595,2020-04-10 10:13:09.860595,short,128.35,135.5439,121.1561,113.9622,106.7684,135.5439,sl,-7.1939,-1.0,135.69,130.8867,133.4367,132.1617,131.8838,131.7903,132.146,3.81
ETH,2020-04-25 20:13:09.860595,2020-05-08 01:13:09.860595,long,171.66,156.8357,186.4843,201.3086,216.1329,216.1329,tp3,27.425,1.85,214.3,191.0383,201.5283,195.8462,204.8511,200.2608,190.881,3.46
ETH,2020-05-15 01:13:09.860595,2020-05-15 08:13:09.860595,long,208.37,203.2627,213.4773,218.5847,223.692,203.2627,sl,-5.1073,-1.0,198.97,204.115,209.455,207.8975,205.9013,206.182,205.1011,3.01
ETH,2020-06-09 11:13:09.860595,2020-06-10 23:13:09.860595,long,238.37,228.9162,247.8238,257.2775,266.7313,228.9162,sl,-1.8908,-0.2,234.33,229.58,246.7358,238.1579,246.1672,242.0751,226.8966,3.84
ETH,2020-06-15 11:13:09.860595,2020-06-15 20:13:09.860595,long,243.38,239.4418,247.3182,251.2564,255.1945,239.4418,sl,-3.9382,-1.0,238.89,239.9217,243.6867,242.2225,241.5981,241.7769,237.0008,2.07
ETH,2020-06-22 14:13:09.860595,2020-06-23 07:13:09.860595,short,236.5,238.3996,234.6004,232.7008,230.8012,230.8012,tp3,3.5143,1.85,233.58,235.3583,238.0075,236.4421,235.1532,236.1435,238.3167,3.47
ETH,2020-07-01 20:13:09.860595,2020-07-03 00:13:09.860595,long,243.37,233.2359,253.5041,263.6381,273.7722,233.2359,sl,-10.1341,-1.0,232.1,240.0388,245.9925,243.0156,240.8953,240.8004,236.2302,2.81
ETH,2020-07-29 13:13:09.860595,2020-07-31 04:13:09.860595,long,241.77,234.4701,249.0699,256.3698,263.6696,263.6696,tp3,21.8996,3.0,262.48,241.4058,245.6092,243.7702,246.1327,243.4286,239.1701,8.57
ETH,2020-08-07 12:13:09.860595,2020-08-08 01:13:09.860595,long,319.2,313.7729,324.6271,330.0543,335.4814,335.4814,tp3,10.0402,1.85,333.25,315.535,322.3708,317.9012,321.7264,319.8019,300.1925,2.98
ETH,2020-09-27 17:13:09.860595,2020-09-28 18:13:09.860595,long,386.71,377.1093,396.3107,405.9115,415.5122,377.1093,sl,-9.6007,-1.0,372.3,379.8,385.9462,383.9906,380.9019,381.7023,376.8495,3.1
ETH,2020-10-12 21:13:09.860595,2020-10-13 00:13:09.860595,short,346.69,349.3139,344.0661,341.4422,338.8183,349.3139,sl,-2.6239,-1.0,351.05,343.2542,348.6167,347.1271,347.8431,347.8703,351.3931,2.97
ETH,2020-10-19 16:13:09.860595,2020-11-14 06:13:09.860595,long,376.79,360.8419,392.7381,408.6863,424.6344,424.6344,tp3,29.504,1.85,425.94,393.7742,418.0,403.2915,410.7584,401.9514,393.0606,1.62
ETH,2020-11-17 06:13:09.860595,2020-11-17 21:13:09.860595,long,456.7,437.9756,475.4244,494.1487,512.8731,437.9756,sl,-18.7244,-1.0,437.71,437.5867,457.7567,451.8738,449.0245,447.2239,424.6752,2.52
ETH,2020-11-20 12:13:09.860595,2020-11-23 23:13:09.860595,long,462.47,448.3889,476.5511,490.6322,504.7132,448.3889,sl,-2.8162,-0.2,445.72,454.1675,470.4238,459.0444,457.2684,460.1662,452.2195,3.76
ETH,2020-12-11 08:13:09.860595,2020-12-12 16:13:09.860595,long,595.24,584.0629,606.4171,617.5943,628.7714,584.0629,sl,9.5006,0.85,585.57,588.4137,611.7646,595.9194,604.6934,602.7885,578.9583,1.83
ETH,2020-12-14 19:13:09.860595,2020-12-16 14:13:09.860595,long,594.61,579.1444,610.0756,625.5412,641.0068,579.1444,sl,-15.4656,-1.0,573.74,588.2725,597.9388,594.8631,588.8144,591.4147,586.5524,3.57
ETH,2020-12-19 04:13:09.860595,2020-12-21 03:13:09.860595,short,558.99,573.268,544.712,530.434,516.156,573.268,sl,-2.8556,-0.2,570.97,541.0,557.5,544.4375,560.177,557.2708,567.1905,0.78
ETH,2020-12-29 01:13:09.860595,2020-12-29 02:13:09.860595,long,656.44,645.3505,667.5295,678.6191,689.7086,645.3505,sl,-11.0895,-1.0,632.7,646.6438,660.6275,653.6356,649.7439,650.0157,624.3642,3.56
ETH,2021-02-19 23:13:09.860595,2021-02-23 01:13:09.860595,long,1791.46,1722.5904,1860.3296,1929.1992,1998.0688,1722.5904,sl,-13.7739,-0.2,1719.47,1796.1267,1845.04,1811.69,1800.7916,1807.4002,1744.9053,4.16
ETH,2021-03-30 06:13:09.860595,2021-04-01 17:13:09.860595,short,1780.3,1831.8764,1728.7236,1677.1471,1625.5707,1625.5707,tp3,95.4164,1.85,1635.56,1664.5088,1721.1379,1678.666,1693.7566,1706.5756,1755.4391,2.06
ETH,2021-04-14 07:13:09.860595,2021-04-15 07:13:09.860595,long,2115.51,2029.0941,2201.9259,2288.3418,2374.7577,2029.0941,sl,-86.4159,-1.0,2053.31,2082.7771,2132.3938,2104.4844,2092.9885,2092.1387,2003.0915,1.97
ETH,2021-06-17 07:13:09.860595,2021-06-22 21:13:09.860595,short,2456.89,2626.6929,2287.0871,2117.2842,1947.4813,2626.6929,sl,-33.9606,-0.2,2633.22,2400.4571,2610.8504,2485.9294,2557.0902,2503.6952,2503.6332,1.6
ETH,2021-06-23 05:13:09.860595,2021-06-24 04:13:09.860595,long,2598.44,2465.8634,2731.0166,2863.5932,2996.1698,2465.8634,sl,-132.5766,-1.0,2460.06,2520.6667,2610.1667,2569.1458,2525.7809,2528.4792,2515.2456,1.96
ETH,2021-08-31 19:13:09.860595,2021-09-01 03:13:09.860595,long,3349.65,3224.7368,3474.5632,3599.4765,3724.3897,3224.7368,sl,-124.9132,-1.0,3238.0,3252.155,3367.4121,3341.2173,3308.5499,3297.1598,3221.9407,2.5
ETH,2021-09-10 16:13:09.860595,2021-09-15 03:13:09.860595,long,3806.83,3520.9507,4092.7093,4378.5887,4664.468,3520.9507,sl,-285.8793,-1.0,3399.09,3875.3333,3966.9167,3921.125,3798.6078,3861.7603,3733.6882,4.8
ETH,2021-09-16 15:13:09.860595,2021-09-23 12:13:09.860595,short,3448.76,3601.0314,3296.4886,3144.2171,2991.9457,3601.0314,sl,129.4307,0.85,3613.55,3280.7117,3442.8417,3395.5538,3492.6862,3421.1698,3420.7705,1.13
ETH,2021-10-12 04:13:09.860595,2021-10-15 00:13:09.860595,long,3411.26,3334.6507,3487.8693,3564.4787,3641.088,3641.088,tp3,141.7273,1.85,3630.06,3438.7033,3607.9342,3589.8023,3559.9168,3517.5254,3346.044,1.91
ETH,2021-10-16 18:13:09.860595,2021-10-17 12:13:09.860595,long,3606.3,3538.4423,3674.1577,3742.0155,3809.8732,3538.4423,sl,-67.8577,-1.0,3505.28,3565.9583,3627.0833,3610.1042,3581.3844,3583.4329,3458.0828,2.63
ETH,2021-10-22 13:13:09.860595,2021-11-18 01:13:09.860595,long,3830.52,3491.3907,4169.6493,4508.7786,4847.9078,4847.9078,tp3,627.3892,1.85,4845.24,4724.6846,4811.5517,4781.4823,4749.4508,4737.9193,4592.1356,2.82
ETH,2021-11-24 05:13:09.860595,2021-12-07 23:13:09.860595,short,4236.46,4613.967,3858.953,3481.446,3103.939,4613.967,sl,-377.507,-1.0,4584.0,4255.7417,4480.1583,4424.0542,4445.409,4353.7954,4273.411,2.14
ETH,2021-12-16 01:13:09.860595,2021-12-17 02:13:09.860595,long,4409.47,4210.8032,4608.1368,4806.8036,5005.4705,4210.8032,sl,-198.6668,-1.0,4201.35,4278.1688,4399.65,4316.8219,4324.5498,4327.6388,4303.704,2.84
ETH,2021-12-23 01:13:09.860595,2021-12-23 06:13:09.860595,short,3778.21,3874.4814,3681.9386,3585.6672,3489.3958,3874.4814,sl,-19.2543,-0.2,3969.54,3753.0,3875.325,3827.7542,3816.6684,3840.1209,4005.9155,5.67
ETH,2022-01-01 05:13:09.860595,2022-01-04 14:13:09.860595,long,4120.29,3949.5077,4291.0723,4461.8547,4632.637,3949.5077,sl,-170.7823,-1.0,3960.7,4027.8442,4098.9983,4066.979,4042.902,4055.7203,4030.7376,1.18
ETH,2022-01-08 04:13:09.860595,2022-01-10 03:13:09.860595,short,3722.03,3803.425,3640.635,3559.24,3477.845,3803.425,sl,-16.279,-0.2,3838.62,3685.9067,3773.3796,3745.5473,3756.5471,3745.6787,3822.956,3.4
ETH,2022-01-14 10:13:09.860595,2022-01-29 08:13:09.860595,short,3406.81,3672.664,3140.956,2875.102,2609.248,2609.248,tp3,491.8299,1.85,2608.28,2843.5108,3273.37,3126.3129,2826.7751,2952.1091,3141.5185,2.87
ETH,2022-02-04 17:13:09.860595,2022-02-05 11:13:09.860595,short,2421.64,2575.0511,2268.2289,2114.8179,1961.4068,2575.0511,sl,-153.4111,-1.0,2561.4,2377.0675,2478.13,2402.3331,2472.2886,2453.2342,2570.1667,0.98
ETH,2022-02-13 04:13:09.860595,2022-02-26 03:13:09.860595,long,3015.96,2772.4872,3259.4328,3502.9055,3746.3783,2772.4872,sl,-48.6946,-0.2,2785.23,2848.3462,3090.0775,2904.7502,2894.134,2957.768,2996.5357,3.22
ETH,2022-03-18 00:13:09.860595,2022-03-23 13:13:09.860595,short,2573.71,2718.6289,2428.7911,2283.8722,2138.9533,2718.6289,sl,-144.9189,-1.0,2691.14,2522.3333,2603.0,2584.6667,2606.1055,2583.4701,2600.4194,3.22
ETH,2022-03-26 00:13:09.860595,2022-04-01 02:13:09.860595,long,2811.65,2720.5409,2902.7591,2993.8681,3084.9772,3084.9772,tp3,168.5518,1.85,3114.67,2967.4392,3061.0175,3010.8862,3037.8959,3006.5931,2898.7716,2.86
ETH,2022-04-10 08:13:09.860595,2022-04-13 11:13:09.860595,long,3478.03,3284.4779,3671.5821,3865.1342,4058.6864,3284.4779,sl,-193.5521,-1.0,3324.48,3449.5625,3529.4821,3518.584,3454.0231,3472.5566,3401.2625,4.46
ETH,2022-04-16 08:13:09.860595,2022-04-18 03:13:09.860595,short,3221.96,3277.8451,3166.0749,3110.1898,3054.3047,3277.8451,sl,-55.8851,-1.0,3277.66,3195.745,3262.42,3248.5294,3248.0001,3244.0422,3293.9477,1.84
ETH,2022-04-22 23:13:09.860595,2022-04-27 01:13:09.860595,short,3021.29,3109.0306,2933.5494,2845.8087,2758.0681,3109.0306,sl,-17.5481,-0.2,3113.35,2936.21,3086.3483,3046.6058,3043.9791,3023.2958,3062.2196,2.6
ETH,2022-05-13 18:13:09.860595,2022-05-17 04:13:09.860595,short,2730.2,2889.1188,2571.2812,2412.3624,2253.4436,2253.4436,tp3,293.9998,1.85,2299.87,2433.6496,2633.1204,2540.509,2424.2579,2507.728,2687.9444,2.58
ETH,2022-06-16 23:13:09.860595,2022-06-18 03:13:09.860595,short,1793.98,1826.5721,1761.3879,1728.7958,1696.2037,1696.2037,tp3,60.2954,1.85,1682.11,1784.0767,1815.33,1797.75,1759.6522,1780.4381,1810.4305,3.6
ETH,2022-07-20 23:13:09.860595,2022-07-21 10:13:09.860595,short,1029.28,1099.8002,958.7598,888.2396,817.7194,1099.8002,sl,-70.5202,-1.0,1115.0,1037.6638,1094.0825,1072.1419,1076.841,1083.3801,1128.1722,1.11
ETH,2022-07-25 08:13:09.860595,2022-08-05 02:13:09.860595,long,1365.59,1256.2857,1474.8943,1584.1985,1693.5028,1693.5028,tp3,202.2129,1.85,1728.31,1449.7454,1677.0,1616.8444,1621.2809,1562.2587,1506.0918,3.35
ETH,2022-08-15 07:13:09.860595,2022-08-17 01:13:09.860595,long,1722.04,1676.3893,1767.6907,1813.3415,1858.9922,1676.3893,sl,38.8031,0.85,1685.26,1714.965,1812.2758,1775.0688,1740.8964,1740.7132,1692.5548,2.2
ETH,2022-08-22 13:13:09.860595,2022-08-22 17:13:09.860595,long,2000.15,1953.7513,2046.5487,2092.9473,2139.346,1953.7513,sl,-46.3987,-1.0,1906.97,1968.0,2014.5,1986.0833,1962.3332,1960.6857,1863.2821,2.86
ETH,2022-09-22 02:13:09.860595,2022-10-20 23:13:09.860595,short,1594.94,1720.8615,1469.0185,1343.097,1217.1754,1217.1754,tp3,232.9548,1.85,1217.93,1274.4475,1303.2675,1294.2612,1273.4918,1285.0543,1308.4922,6.11
ETH,2022-11-05 03:13:09.860595,2022-11-10 07:13:09.860595,long,1567.13,1513.7706,1620.4894,1673.8489,1727.2083,1513.7706,sl,-10.6719,-0.2,1511.27,1555.4175,1590.5579,1569.7931,1559.5742,1571.2626,1538.203,1.49
ETH,2022-11-26 01:13:09.860595,2022-11-27 09:13:09.860595,short,1214.47,1225.4147,1203.5253,1192.5806,1181.6359,1225.4147,sl,-2.1889,-0.2,1224.19,1204.1304,1219.8512,1208.0606,1210.6752,1211.5446,1248.3034,4.36
ETH,2022-11-27 21:13:09.860595,2022-11-28 13:13:09.860595,short,1196.55,1221.8847,1171.2153,1145.8805,1120.5458,1120.5458,tp3,46.8692,1.85,1122.77,1162.24,1225.905,1209.9888,1165.3699,1186.8832,1232.101,2.0
ETH,2022-12-04 15:13:09.860595,2022-12-05 12:13:09.860595,long,1218.99,1184.9404,1253.0396,1287.0893,1321.1389,1184.9404,sl,-34.0496,-1.0,1164.0,1207.3621,1222.3433,1214.8527,1206.2155,1207.0983,1197.4589,4.58
ETH,2022-12-26 14:13:09.860595,2022-12-27 12:13:09.860595,short,1179.27,1191.0841,1167.4559,1155.6418,1143.8278,1191.0841,sl,10.042,0.85,1185.82,1172.9821,1189.3254,1182.1752,1176.9831,1182.6653,1222.0183,2.63
ETH,2023-01-03 10:13:09.860595,2023-01-04 01:13:09.860595,long,1228.11,1208.1638,1248.0562,1268.0023,1287.9485,1208.1638,sl,-19.9462,-1.0,1209.95,1211.7654,1225.2821,1219.3685,1219.2141,1219.0069,1218.0246,3.52
ETH,2023-01-07 16:13:09.860595,2023-01-08 01:13:09.860595,short,1193.53,1203.6621,1183.3979,1173.2658,1163.1337,1203.6621,sl,-10.1321,-1.0,1203.44,1190.6387,1201.2596,1197.5423,1197.3896,1197.0642,1205.0359,2.66
ETH,2023-01-09 00:13:09.860595,2023-01-09 06:13:09.860595,short,1195.26,1204.0182,1186.5018,1177.7435,1168.9853,1204.0182,sl,-8.7582,-1.0,1201.78,1193.585,1200.585,1195.7725,1197.5901,1197.2932,1203.1361,1.38
ETH,2023-01-10 16:13:09.860595,2023-01-16 03:13:09.860595,long,1217.86,1198.0042,1237.7158,1257.5716,1277.4274,1277.4274,tp3,36.7332,1.85,1264.02,1258.0458,1271.6125,1263.9812,1264.3948,1262.0581,1241.8883,3.46
ETH,2023-01-19 05:13:09.860595,2023-01-19 10:13:09.860595,long,1337.72,1320.586,1354.854,1371.9879,1389.1219,1389.1219,tp3,37.6947,2.2,1389.39,1321.8738,1338.1788,1329.3469,1341.1538,1331.3267,1288.3535,4.04
ETH,2023-01-31 07:13:09.860595,2023-02-01 01:13:09.860595,long,1634.8,1609.927,1659.673,1684.5459,1709.4189,1609.927,sl,-24.873,-1.0,1613.4,1618.04,1640.965,1636.0525,1627.2899,1628.3509,1584.8556,2.9
ETH,2023-02-19 03:13:09.860595,2023-02-22 02:13:09.860595,short,1517.9,1566.111,1469.689,1421.4781,1373.2671,1566.111,sl,-9.6422,-0.2,1544.83,1476.2783,1522.9104,1485.246,1511.736,1510.8027,1555.1121,3.03
ETH,2023-03-03 16:13:09.860595,2023-03-09 11:13:09.860595,short,1645.12,1675.3498,1614.8902,1584.6603,1554.4305,1675.3498,sl,25.6954,0.85,1658.85,1619.9067,1657.2667,1630.8033,1650.7609,1642.0068,1635.4204,1.39
ETH,2023-03-11 05:13:09.860595,2023-03-21 01:13:09.860595,short,1559.82,1647.7815,1471.8585,1383.897,1295.9355,1647.7815,sl,74.7673,0.85,1643.34,1416.57,1571.0925,1463.7852,1575.7881,1530.7394,1520.977,2.32
ETH,2023-03-31 16:13:09.860595,2023-04-01 03:13:09.860595,long,1811.88,1743.3862,1880.3738,1948.8675,2017.3613,1743.3862,sl,-68.4938,-1.0,1737.51,1746.88,1832.6533,1811.21,1784.1672,1784.3042,1751.203,2.76
ETH,2023-04-18 00:13:09.860595,2023-04-18 08:13:09.860595,long,1856.41,1839.067,1873.753,1891.096,1908.439,1908.439,tp3,32.0846,1.85,1903.95,1830.7583,1867.8742,1856.0646,1874.3065,1864.398,1851.044,1.77
ETH,2023-05-09 19:13:09.860595,2023-05-11 08:13:09.860595,short,1828.48,1898.4961,1758.4639,1688.4478,1618.4318,1898.4961,sl,-70.0161,-1.0,1906.85,1828.2025,1879.7283,1866.8469,1870.4173,1862.8983,1876.5128,1.71
ETH,2023-05-26 17:13:09.860595,2023-05-27 01:13:09.860595,short,1805.62,1828.311,1782.929,1760.238,1737.547,1828.311,sl,-22.691,-1.0,1815.45,1792.5367,1824.6617,1807.2606,1809.0191,1810.5521,1818.5346,4.27
ETH,2023-06-17 01:13:09.860595,2023-06-17 14:13:09.860595,short,1841.71,1858.0863,1825.3337,1808.9575,1792.5812,1792.5812,tp3,36.0278,2.2,1788.2,1834.43,1849.3467,1838.1592,1833.0328,1839.7432,1853.7846,6.64
ETH,2023-07-01 00:13:09.860595,2023-07-04 02:13:09.860595,long,1884.27,1856.8879,1911.6521,1939.0341,1966.4162,1856.8879,sl,-5.4764,-0.2,1852.54,1870.2058,1905.5388,1887.8723,1885.3307,1888.3608,1848.1015,3.48
ETH,2023-07-10 08:13:09.860595,2023-07-12 20:13:09.860595,long,1942.05,1906.4337,1977.6663,2013.2827,2048.899,1906.4337,sl,-35.6163,-1.0,1910.19,1948.2975,1968.73,1954.7988,1936.5416,1941.5865,1913.1934,3.79
ETH,2023-07-15 13:13:09.860595,2023-07-21 01:13:09.860595,short,1863.94,1917.828,1810.052,1756.164,1702.276,1917.828,sl,-53.888,-1.0,1932.8,1865.6817,1887.1425,1869.8088,1883.4775,1879.8028,1881.2037,8.54
ETH,2023-07-27 00:13:09.860595,2023-07-27 19:13:09.860595,short,1898.8,1918.1612,1879.4388,1860.0777,1840.7165,1918.1612,sl,-19.3612,-1.0,1918.79,1891.1667,1912.3921,1895.9906,1904.58,1905.1698,1910.6022,1.76
ETH,2023-07-28 23:13:09.860595,2023-08-15 02:13:09.860595,short,1889.31,1915.8574,1862.7626,1836.2152,1809.6678,1809.6678,tp3,49.1127,1.85,1815.59,1827.6683,1837.3342,1833.8821,1830.8939,1833.037,1843.3913,4.57
ETH,2023-08-15 11:13:09.860595,2023-08-15 23:13:09.860595,short,1826.97,1846.9365,1807.0035,1787.037,1767.0705,1846.9365,sl,-19.9665,-1.0,1835.57,1824.5,1843.25,1831.0625,1833.0781,1832.3217,1841.0229,2.61
ETH,2023-08-20 02:13:09.860595,2023-08-21 08:13:09.860595,long,1851.88,1841.335,1862.425,1872.9701,1883.5152,1841.335,sl,-10.545,-1.0,1839.13,1846.9667,1852.2283,1851.1008,1849.8237,1849.8329,1848.2065,7.64
ETH,2023-08-23 01:13:09.860595,2023-08-24 06:13:09.860595,short,1840.4,1854.2469,1826.5531,1812.7062,1798.8592,1798.8592,tp3,30.4632,2.2,1810.15,1825.2033,1847.61,1844.109,1824.6109,1831.8134,1842.0538,4.69
ETH,2023-08-28 20:13:09.860595,2023-08-30 07:13:09.860595,short,1666.99,1685.5832,1648.3968,1629.8036,1611.2104,1611.2104,tp3,34.3974,1.85,1604.01,1647.4062,1688.4375,1664.7656,1646.4584,1659.5873,1714.591,4.39
ETH,2023-09-04 15:13:09.860595,2023-09-04 22:13:09.860595,short,1642.88,1658.1363,1627.6237,1612.3674,1597.111,1658.1363,sl,-3.0513,-0.2,1655.4,1642.5988,1658.6362,1649.8156,1647.0362,1649.4641,1668.3102,4.16
ETH,2023-09-11 21:13:09.860595,2023-09-13 01:13:09.860595,short,1632.15,1643.3268,1620.9732,1609.7965,1598.6197,1643.3268,sl,9.5002,0.85,1636.62,1623.8688,1639.6229,1635.6844,1630.0043,1631.415,1648.3308,2.74
ETH,2023-09-14 00:13:09.860595,2023-09-14 03:13:09.860595,short,1624.35,1640.1141,1608.5859,1592.8218,1577.0577,1640.1141,sl,-15.7641,-1.0,1646.23,1622.4667,1636.8404,1631.2506,1631.4428,1631.7288,1644.6287,6.88
ETH,2023-09-22 12:13:09.860595,2023-09-28 20:13:09.860595,long,1632.71,1596.8828,1668.5372,1704.3645,1740.1917,1596.8828,sl,-7.1654,-0.2,1591.85,1620.9979,1646.9075,1638.6635,1619.5944,1627.4261,1628.875,3.13
ETH,2023-09-30 05:13:09.860595,2023-10-04 21:13:09.860595,short,1592.48,1622.7315,1562.2285,1531.977,1501.7255,1622.7315,sl,-30.2515,-1.0,1629.64,1582.065,1596.8275,1591.6606,1598.6248,1592.897,1599.4511,3.78
ETH,2023-10-12 12:13:09.860595,2023-10-17 02:13:09.860595,short,1643.87,1664.4619,1623.2781,1602.6863,1582.0944,1582.0944,tp3,38.0949,1.85,1569.3,1615.6467,1643.0,1634.2967,1605.7299,1619.6053,1636.0515,6.8
ETH,2023-10-28 17:13:09.860595,2023-10-31 08:13:09.860595,long,1606.59,1560.7922,1652.3878,1698.1857,1743.9835,1743.9835,tp3,84.726,1.85,1785.37,1620.16,1680.8146,1629.0798,1694.8983,1666.6921,1615.4635,5.21
ETH,2023-11-08 02:13:09.860595,2023-11-09 00:13:09.860595,long,1803.55,1785.0407,1822.0593,1840.5686,1859.078,1785.0407,sl,-3.7019,-0.2,1786.16,1795.1267,1816.8225,1807.0594,1803.6001,1802.9095,1774.7117,2.48
ETH,2023-11-25 21:13:09.860595,2023-11-27 09:13:09.860595,short,1934.92,2001.1944,1868.6456,1802.3712,1736.0968,2001.1944,sl,-66.2744,-1.0,2011.47,1936.2183,1965.1017,1954.9925,1972.3145,1966.0628,1982.1235,4.59
ETH,2023-12-13 01:13:09.860595,2023-12-15 01:13:09.860595,long,2228.45,2196.7976,2260.1024,2291.7548,2323.4072,2323.4072,tp3,58.5569,1.85,2321.39,2233.03,2287.48,2265.205,2258.9415,2252.6486,2182.4554,4.67
ETH,2023-12-18 04:13:09.860595,2023-12-18 11:13:09.860595,long,2356.99,2336.0685,2377.9115,2398.833,2419.7545,2336.0685,sl,-20.9215,-1.0,2331.81,2340.75,2368.4167,2352.8542,2350.3052,2348.3624,2278.5618,2.1
ETH,2024-02-08 01:13:09.860595,2024-02-08 07:13:09.860595,long,2329.42,2281.9536,2376.8864,2424.3528,2471.8192,2281.9536,sl,-47.4664,-1.0,2279.0,2291.8817,2344.565,2310.3208,2320.1582,2318.0182,2308.8922,1.34
ETH,2024-02-11 03:13:09.860595,2024-02-11 16:13:09.860595,long,2309.0,2288.9696,2329.0304,2349.0609,2369.0913,2288.9696,sl,-20.0304,-1.0,2287.5,2295.9517,2315.9683,2306.9608,2301.7016,2303.8338,2304.1348,1.66
ETH,2024-02-12 00:13:09.860595,2024-02-12 18:13:09.860595,short,2299.23,2320.6003,2277.8597,2256.4895,2235.1192,2320.6003,sl,-4.2741,-0.2,2322.41,2290.2542,2312.0829,2303.594,2298.6853,2299.7388,2302.5809,1.95
ETH,2024-03-01 06:13:09.860595,2024-03-02 02:13:09.860595,long,3013.01,2910.3189,3115.7011,3218.3921,3321.0832,2910.3189,sl,-102.6911,-1.0,2934.35,2910.005,2994.015,2934.5079,2947.7135,2951.3034,2867.6983,1.93
ETH,2024-03-06 14:13:09.860595,2024-03-12 14:13:09.860595,long,3267.33,3114.1991,3420.4609,3573.5918,3726.7226,3726.7226,tp3,283.2921,1.85,3695.65,3421.5146,3593.7554,3476.8777,3591.1834,3526.2468,3360.589,2.12
ETH,2024-04-05 11:13:09.860595,2024-04-06 01:13:09.860595,long,3569.58,3504.452,3634.708,3699.8359,3764.9638,3504.452,sl,-65.128,-1.0,3488.53,3502.8992,3588.6575,3567.2179,3545.4393,3551.1402,3527.4131,2.79
ETH,2024-05-03 10:13:09.860595,2024-05-05 03:13:09.860595,short,3146.2,3226.2129,3066.1871,2986.1742,2906.1614,3226.2129,sl,-80.0129,-1.0,3257.75,3113.5775,3160.415,3147.4046,3145.6836,3143.7686,3156.2981,4.22
ETH,2024-05-20 12:13:09.860595,2024-05-20 17:13:09.860595,short,2885.35,2941.0211,2829.6789,2774.0077,2718.3366,2941.0211,sl,-55.6711,-1.0,2953.99,2898.675,2940.1267,2915.6325,2917.423,2926.356,2988.6073,2.33
ETH,2024-05-27 14:13:09.860595,2024-05-27 16:13:09.860595,long,3123.6,3074.6118,3172.5882,3221.5764,3270.5646,3074.6118,sl,-48.9882,-1.0,3073.65,3080.7733,3130.4283,3115.9456,3090.3369,3086.9794,3032.6661,1.96
ETH,2024-06-10 14:13:09.860595,2024-06-11 00:13:09.860595,long,3817.55,3766.5643,3868.5357,3919.5214,3970.5072,3766.5643,sl,-50.9857,-1.0,3769.42,3786.1412,3827.1117,3806.6265,3806.3028,3800.2537,3769.1179,3.5
ETH,2024-06-16 01:13:09.860595,2024-07-01 19:13:09.860595,short,3688.13,3829.7108,3546.5492,3404.9684,3263.3876,3263.3876,tp3,261.9245,1.85,3308.6,3416.9312,3521.45,3497.0623,3412.4748,3454.3878,3507.0345,6.48
ETH,2024-07-14 23:13:09.860595,2024-07-15 18:13:09.860595,short,2973.8,3044.2263,2903.3737,2832.9474,2762.5211,3044.2263,sl,59.8624,0.85,3057.26,2930.7083,3070.9892,3011.6396,2951.5943,2984.0021,3149.2893,3.23
ETH,2024-07-22 05:13:09.860595,2024-07-23 01:13:09.860595,long,3190.9,3128.7732,3253.0268,3315.1535,3377.2803,3377.2803,tp3,114.9345,1.85,3367.83,3140.94,3324.6542,3194.1204,3317.7458,3254.9791,3167.265,1.48
ETH,2024-07-28 00:13:09.860595,2024-07-31 02:13:09.860595,long,3497.41,3403.6466,3591.1734,3684.9369,3778.7003,3403.6466,sl,-93.7634,-1.0,3403.49,3449.255,3524.965,3483.9554,3472.1982,3479.668,3429.6769,1.88
ETH,2024-08-02 08:13:09.860595,2024-08-12 11:13:09.860595,short,3165.04,3440.3503,2889.7297,2614.4194,2339.1091,2339.1091,tp3,509.3241,1.85,2319.25,2759.34,3018.02,2912.9312,2739.4802,2864.0145,3095.0367,8.72
ETH,2024-08-23 03:13:09.860595,2024-08-31 03:13:09.860595,short,2614.0,2721.766,2506.234,2398.468,2290.702,2721.766,sl,-107.766,-1.0,2727.0,2580.7808,2650.805,2628.5246,2661.547,2641.8361,2630.4052,2.9
ETH,2024-09-22 06:13:09.860595,2024-09-23 07:13:09.860595,long,2416.12,2353.8778,2478.3622,2540.6044,2602.8466,2353.8778,sl,-62.2422,-1.0,2353.08,2401.2075,2446.645,2421.6544,2394.787,2400.0004,2380.7943,2.75
ETH,2024-09-30 08:13:09.860595,2024-10-09 01:13:09.860595,long,2589.93,2533.6837,2646.1763,2702.4225,2758.6688,2533.6837,sl,47.8093,0.85,2524.81,2599.6025,2648.8075,2630.3556,2608.604,2624.1314,2618.1493,4.6
ETH,2024-10-17 02:13:09.860595,2024-10-17 06:13:09.860595,short,2434.13,2461.0097,2407.2503,2380.3706,2353.4909,2353.4909,tp3,80.6391,3.0,2356.17,2420.135,2448.5675,2437.5104,2428.2829,2436.1803,2456.8586,3.42
ETH,2024-10-25 11:13:09.860595,2024-10-30 18:13:09.860595,long,2643.87,2593.2044,2694.5356,2745.2011,2795.8667,2593.2044,sl,43.0657,0.85,2576.6,2607.32,2687.14,2634.95,2618.6677,2638.4523,2622.815,3.09
ETH,2024-11-02 01:13:09.860595,2024-11-02 09:13:09.860595,short,2524.86,2565.0031,2484.7169,2444.5738,2404.4307,2404.4307,tp3,88.3148,2.2,2440.62,2506.3512,2561.7162,2536.3406,2500.7285,2524.3704,2576.1264,4.14
ETH,2024-11-13 05:13:09.860595,2024-11-13 10:13:09.860595,short,2408.4,2479.6143,2337.1857,2265.9713,2194.757,2479.6143,sl,-71.2143,-1.0,2484.9,2413.34,2474.665,2438.4275,2439.0663,2443.5743,2495.8079,2.38
ETH,2024-11-18 10:13:09.860595,2024-11-22 09:13:09.860595,long,3193.5,3034.4889,3352.5111,3511.5223,3670.5334,3034.4889,sl,-31.8022,-0.2,3058.82,3116.4583,3263.25,3189.8542,3142.161,3179.6645,3069.7329,1.17
ETH,2024-12-15 23:13:09.860595,2024-12-16 01:13:09.860595,long,3997.17,3962.5336,4031.8064,4066.4427,4101.0791,3962.5336,sl,-34.6364,-1.0,3990.79,3972.4546,4045.8117,3988.174,3981.3663,3967.9932,3809.6915,1.49
ETH,2024-12-16 05:13:09.860595,2024-12-16 10:13:09.860595,long,3989.99,3964.5097,4015.4703,4040.9507,4066.431,3964.5097,sl,-5.0961,-0.2,3972.37,3971.4004,4026.1438,3988.5077,3985.2095,3973.8247,3824.9498,2.42
ETH,2024-12-23 09:13:09.860595,2024-12-25 09:13:09.860595,long,3959.09,3852.3012,4065.8788,4172.6676,4279.4564,3852.3012,sl,-21.3578,-0.2,3893.01,3921.225,4041.95,3948.6625,3957.6814,3960.7323,3900.323,1.7
ETH,2024-12-31 04:13:09.860595,2024-12-31 06:13:09.860595,short,3305.0,3386.401,3223.5991,3142.1981,3060.7972,3386.401,sl,-81.4009,-1.0,3403.59,3278.98,3364.2438,3337.1144,3330.3993,3343.9665,3538.651,1.14
ETH,2025-01-08 23:13:09.860595,2025-01-09 14:13:09.860595,short,3343.37,3409.138,3277.602,3211.834,3146.066,3409.138,sl,-65.768,-1.0,3417.69,3313.88,3382.44,3351.0167,3370.5421,3365.5146,3394.0141,2.05
ETH,2025-01-10 21:13:09.860595,2025-01-15 07:13:09.860595,long,3465.62,3364.3366,3566.9034,3668.1868,3769.4702,3364.3366,sl,86.0909,0.85,3363.32,3512.255,3744.83,3659.5525,3531.5551,3592.9309,3545.9464,0.93
ETH,2025-01-20 11:13:09.860595,2025-01-20 19:13:09.860595,short,3261.48,3300.0469,3222.9131,3184.3462,3145.7792,3145.7792,tp3,71.3488,1.85,3155.8,3239.25,3291.75,3268.125,3233.8985,3255.776,3345.5788,2.86
ETH,2025-03-18 00:13:09.860595,2025-04-14 04:13:09.860595,short,2018.96,2157.4797,1880.4403,1741.9206,1603.401,1603.401,tp3,256.2614,1.85,1618.28,1781.95,1817.1625,1791.7312,1757.816,1783.8136,1835.1121,6.44
ETH,2025-04-25 05:13:09.860595,2025-04-26 14:13:09.860595,short,1581.45,1613.1215,1549.7785,1518.1071,1486.4356,1613.1215,sl,-31.6715,-1.0,1603.47,1578.88,1601.28,1588.96,1592.0642,1591.2339,1605.5203,2.4
ETH,2025-05-06 16:13:09.860595,2025-05-07 22:13:09.860595,long,1821.13,1774.0431,1868.2169,1915.3037,1962.3906,1774.0431,sl,-47.0869,-1.0,1775.46,1789.755,1830.705,1799.9925,1803.8343,1804.1027,1768.0035,3.56
ETH,2025-06-08 09:13:09.860595,2025-06-10 11:13:09.860595,short,2528.06,2629.1904,2426.9296,2325.7992,2224.6688,2629.1904,sl,-101.1304,-1.0,2646.1,2492.81,2545.3517,2539.2892,2556.1409,2539.2895,2561.0776,1.45
ETH,2025-06-11 03:13:09.860595,2025-06-13 05:13:09.860595,long,2619.11,2515.0548,2723.1652,2827.2204,2931.2756,2515.0548,sl,-104.0552,-1.0,2528.96,2589.9429,2642.8471,2608.4594,2591.7414,2600.904,2585.6472,2.59
ETH,2025-06-18 22:13:09.860595,2025-06-20 06:13:09.860595,long,2805.08,2654.3457,2955.8143,3106.5487,3257.283,2654.3457,sl,-150.7343,-1.0,2639.5,2729.4208,2816.1467,2757.0154,2739.2976,2743.1592,2649.8407,2.94
ETH,2025-06-21 19:13:09.860595,2025-06-24 00:13:09.860595,short,2523.0,2654.923,2391.077,2259.154,2127.231,2654.923,sl,-131.923,-1.0,2639.91,2494.9608,2557.3692,2535.5262,2595.9239,2572.9076,2591.8578,1.66
ETH,2025-06-28 23:13:09.860595,2025-07-07 09:13:09.860595,short,2420.5,2523.6272,2317.3728,2214.2456,2111.1185,2523.6272,sl,87.6581,0.85,2500.09,2414.5317,2445.0575,2434.1554,2449.9742,2440.8825,2432.0041,4.15
ETH,2025-07-29 11:13:09.860595,2025-07-29 13:13:09.860595,long,3794.43,3709.6808,3879.1792,3963.9285,4048.6777,3709.6808,sl,-84.7492,-1.0,3731.14,3717.115,3824.2788,3758.7898,3761.5292,3730.6921,3453.7076,0.96
ETH,2025-08-18 00:13:09.860595,2025-08-30 05:13:09.860595,long,4219.37,4007.123,4431.617,4643.8639,4856.1109,4856.1109,tp3,392.6569,1.85,4833.0,4204.2,4371.885,4288.0425,4491.5112,4373.7036,4332.59,0.92
ETH,2025-08-31 08:13:09.860595,2025-09-02 06:13:09.860595,long,4781.86,4366.2974,5197.4226,5612.9852,6028.5478,4366.2974,sl,-415.5626,-1.0,4352.13,4596.26,4844.1175,4787.7862,4600.2698,4657.216,4531.2805,2.26
ETH,2025-09-15 16:13:09.860595,2025-09-15 19:13:09.860595,short,4292.21,4319.637,4264.783,4237.3559,4209.9289,4319.637,sl,-27.427,-1.0,4318.93,4277.675,4311.015,4296.4288,4299.6626,4302.4661,4350.9583,2.74
ETH,2025-09-17 10:13:09.860595,2025-09-17 22:13:09.860595,short,4285.73,4350.2744,4221.1856,4156.6411,4092.0967,4350.2744,sl,-64.5444,-1.0,4370.99,4281.2308,4339.3517,4314.7621,4323.2263,4317.8738,4338.5765,4.68
ETH,2025-09-19 03:13:09.860595,2025-09-29 12:13:09.860595,long,4433.31,4310.9271,4555.6929,4678.0758,4800.4586,4310.9271,sl,104.0255,0.85,4288.13,4461.8367,4488.2029,4472.0902,4433.4291,4464.5498,4500.0696,5.16
ETH,2025-10-12 07:13:09.860595,2025-10-12 17:13:09.860595,long,4484.5,4446.3545,4522.6455,4560.7911,4598.9366,4598.9366,tp3,70.5692,1.85,4605.97,4448.4487,4530.2438,4479.1219,4520.2277,4488.2673,4339.5949,2.28
ETH,2025-10-18 00:13:09.860595,2025-10-18 07:13:09.860595,short,4280.35,4481.5043,4079.1957,3878.0414,3676.8871,3676.8871,tp3,372.1354,1.85,3949.99,4137.2125,4539.31,4352.6219,4176.9511,4299.5435,4404.6747,7.22
ETH,2025-11-08 09:13:09.860595,2025-11-11 15:13:09.860595,short,3847.99,3947.8374,3748.1426,3648.2952,3548.4478,3548.4478,tp3,184.7177,1.85,3492.08,3558.82,3798.4267,3716.0619,3640.2301,3719.8628,3854.685,3.08
ETH,2025-11-21 01:13:09.860595,2025-11-25 05:13:09.860595,short,3386.85,3523.042,3250.658,3114.466,2978.2739,2978.2739,tp3,251.9552,1.85,2982.27,3085.6667,3218.375,3203.0625,3121.1412,3149.9405,3289.5826,2.63
ETH,2026-01-02 08:13:09.860595,2026-01-02 12:13:09.860595,short,2921.56,2969.432,2873.688,2825.816,2777.944,2969.432,sl,-47.872,-1.0,2973.5,2921.9467,2963.505,2944.8038,2937.5337,2943.4378,2968.7029,4.69
ETH,2026-01-03 20:13:09.860595,2026-01-05 10:13:09.860595,short,2926.85,2974.5222,2879.1778,2831.5057,2783.8335,2974.5222,sl,-47.6722,-1.0,2966.77,2924.48,2946.53,2929.0738,2943.4849,2940.5928,2954.1997,2.78
ETH,2026-01-06 15:13:09.860595,2026-01-06 18:13:09.860595,short,2941.74,2996.1424,2887.3376,2832.9352,2778.5328,2996.1424,sl,-54.4024,-1.0,2977.6,2910.25,2990.1621,2937.9119,2948.736,2950.6568,2955.813,2.75
ETH,2026-01-07 15:13:09.860595,2026-01-12 10:13:09.860595,long,2975.21,2910.5643,3039.8557,3104.5014,3169.1471,3169.1471,tp3,119.5946,1.85,3168.19,3106.4067,3152.0167,3138.7138,3140.7784,3121.4732,3043.6849,2.95
ETH,2026-01-22 00:13:09.860595,2026-01-27 16:13:09.860595,long,3349.21,3122.2596,3576.1604,3803.1107,4030.0611,3122.2596,sl,-226.9504,-1.0,3116.91,3173.8567,3284.0533,3212.0017,3195.3594,3232.6158,3243.8265,3.57
ETH,2026-01-29 02:13:09.860595,2026-02-09 13:13:09.860595,short,2891.58,3131.0897,2652.0703,2412.5606,2173.051,2173.051,tp3,443.0929,1.85,2239.02,2263.0533,2468.32,2314.37,2329.8226,2441.1743,2726.9675,2.81
ETH,2026-03-09 13:13:09.860595,2026-03-21 00:13:09.860595,long,1972.3,1895.5646,2049.0354,2125.7708,2202.5062,2202.5062,tp3,141.9605,1.85,2151.14,2021.09,2084.945,2070.4325,2113.2094,2083.3587,2037.8061,2.68
ETH,2026-03-29 08:13:09.860595,2026-03-29 09:13:09.860595,short,2149.94,2163.1652,2136.7148,2123.4896,2110.2644,2110.2644,tp3,39.6756,3.0,2084.87,2134.3683,2159.3517,2153.1058,2145.501,2153.713,2163.4685,7.9
ETH,2026-04-05 23:13:09.860595,2026-04-06 10:13:09.860595,short,1987.09,2015.3276,1958.8524,1930.6148,1902.3772,2015.3276,sl,-5.6475,-0.2,1997.25,1981.7946,2010.3404,1994.6402,1997.0046,2007.3088,2067.6549,3.15
ETH,2026-04-09 05:13:09.860595,2026-04-09 15:13:09.860595,long,2141.43,2040.8855,2241.9745,2342.5191,2443.0636,2040.8855,sl,-100.5445,-1.0,2050.21,2077.3108,2161.3829,2138.7481,2105.3935,2098.0346,2078.7096,0.59
ETH,2026-04-15 07:13:09.860595,2026-04-21 08:13:09.860595,long,2145.04,2082.2243,2207.8557,2270.6714,2333.4871,2333.4871,tp3,116.2091,1.85,2352.74,2181.4554,2239.5542,2191.1385,2233.8955,2222.2283,2188.9657,5.54
ETH,2026-04-24 01:13:09.860595,2026-04-24 02:13:09.860595,long,2339.01,2311.9639,2366.0561,2393.1022,2420.1483,2311.9639,sl,-27.0461,-1.0,2316.76,2316.5971,2368.6512,2334.816,2336.5693,2332.5201,2263.8653,1.59
ETH,2026-04-24 04:13:09.860595,2026-04-24 23:13:09.860595,long,2343.1,2311.9639,2374.2361,2405.3722,2436.5083,2436.5083,tp3,68.4994,2.2,2437.05,2322.7913,2364.6704,2350.0127,2352.8997,2342.2938,2279.7034,6.55
SOL,2020-10-09 20:13:16.646164,2020-10-09 22:13:16.646164,short,2.9154,2.9841,2.8467,2.778,2.7094,2.7094,tp3,0.206,3.0,2.7231,2.8882,2.9781,2.925,2.909,2.928,2.9798,7.28
SOL,2020-11-12 19:13:16.646164,2020-11-13 21:13:16.646164,short,1.3522,1.4622,1.2422,1.1321,1.0221,1.4622,sl,-0.11,-1.0,1.4324,1.3404,1.4327,1.353,1.3844,1.3973,1.5065,3.12
SOL,2020-12-24 20:13:16.646164,2020-12-26 05:13:16.646164,long,1.7343,1.6364,1.8322,1.9301,2.028,1.6364,sl,-0.0979,-1.0,1.6453,1.662,1.7554,1.7257,1.6979,1.6968,1.6711,0.84
SOL,2020-12-30 00:13:16.646164,2020-12-31 23:13:16.646164,short,1.5331,1.6419,1.4243,1.3155,1.2067,1.2067,tp3,0.2013,1.85,1.1832,1.3658,1.5799,1.5232,1.3287,1.4202,1.5656,3.88
SOL,2021-01-10 12:13:16.646164,2021-01-12 19:13:16.646164,long,1.8053,1.5995,2.0111,2.217,2.4228,2.4228,tp3,0.3808,1.85,2.4397,1.9396,2.2917,2.0073,2.1896,2.0835,1.7779,1.07
SOL,2021-02-02 15:13:16.646164,2021-02-08 06:13:16.646164,long,3.7116,3.462,3.9612,4.2107,4.4603,4.4603,tp3,0.4617,1.85,4.5143,3.6347,4.1556,3.8257,4.1935,4.0176,3.7876,1.36
SOL,2021-03-19 15:13:16.646164,2021-03-20 18:13:16.646164,long,15.8196,14.0915,17.5477,19.2759,21.004,14.0915,sl,-1.7281,-1.0,14.421,14.4954,16.3821,15.7335,15.2743,15.119,14.2597,1.86
SOL,2021-04-03 00:13:16.646164,2021-04-03 21:13:16.646164,short,12.3649,14.6757,10.0541,7.7433,5.4324,14.6757,sl,-2.3108,-1.0,14.7664,13.0076,14.4141,14.0039,14.0993,13.8826,14.1413,0.68
SOL,2021-04-20 18:13:16.646164,2021-04-22 06:13:16.646164,long,27.8847,26.013,29.7564,31.6281,33.4997,26.013,sl,-1.8717,-1.0,26.1637,26.6372,28.3023,27.5391,26.9613,27.2749,26.2847,1.04
SOL,2021-05-24 15:13:16.646164,2021-05-27 04:13:16.646164,long,47.6,40.8849,54.3151,61.0301,67.7452,40.8849,sl,-1.343,-0.2,43.969,46.9958,54.1858,49.6921,50.4224,50.3813,46.838,2.38
SOL,2021-07-19 12:13:16.646164,2021-07-21 20:13:16.646164,short,32.001,33.3512,30.6508,29.3007,27.9505,27.9505,tp3,2.4978,1.85,28.159,29.1435,31.4526,30.2981,29.3909,30.2787,32.1397,1.82
SOL,2021-09-04 03:13:16.646164,2021-09-07 07:13:16.646164,long,82.01,71.2984,92.7216,103.4333,114.1449,114.1449,tp3,19.8165,1.85,115.72,91.7692,100.5842,93.6056,102.1095,97.0711,84.2768,2.63
SOL,2021-09-13 10:13:16.646164,2021-09-14 01:13:16.646164,long,140.45,137.7681,143.1319,145.8138,148.4958,137.7681,sl,2.2796,0.85,141.94,137.085,143.5338,141.4819,142.2843,140.7687,124.3437,2.07
SOL,2021-09-16 07:13:16.646164,2021-09-20 20:13:16.646164,long,183.11,153.0046,213.2154,243.3207,273.4261,153.0046,sl,-6.0211,-0.2,152.91,172.815,188.4108,179.8331,167.3439,174.0422,168.4068,1.89
SOL,2021-10-09 23:13:16.646164,2021-10-19 06:13:16.646164,long,161.71,142.3522,181.0678,200.4256,219.7833,142.3522,sl,-19.3578,-1.0,141.58,149.5867,158.08,154.1367,148.4341,151.7016,155.7132,1.56
SOL,2021-10-29 08:13:16.646164,2021-11-11 06:13:16.646164,long,188.01,171.5766,204.4434,220.8768,237.3103,237.3103,tp3,30.4018,1.85,234.69,211.5867,235.1867,226.5333,226.5556,218.5118,204.1557,0.86
SOL,2021-12-03 12:13:16.646164,2021-12-07 23:13:16.646164,short,206.89,216.7852,196.9948,187.0996,177.2044,216.7852,sl,8.4109,0.85,214.81,198.1658,211.4242,204.1321,204.8809,202.3604,204.6309,4.45
SOL,2021-12-20 12:13:16.646164,2021-12-21 06:13:16.646164,short,167.88,172.668,163.092,158.304,153.5161,153.5161,tp3,8.8578,1.85,153.17,163.4125,175.9542,170.1312,162.9218,167.2094,180.4932,3.8
SOL,2022-01-08 03:13:16.646164,2022-01-09 06:13:16.646164,short,173.62,176.2564,170.9836,168.3472,165.7108,176.2564,sl,2.2409,0.85,177.3,170.5808,175.155,172.4521,173.5252,173.6085,179.5685,1.69
SOL,2022-01-18 21:13:16.646164,2022-01-19 04:13:16.646164,short,134.65,142.0661,127.2339,119.8179,112.4018,142.0661,sl,-7.4161,-1.0,141.62,130.6546,140.4733,135.564,137.275,138.0844,148.6693,2.88
SOL,2022-02-03 12:13:16.646164,2022-02-08 07:13:16.646164,short,88.39,98.9542,77.8258,67.2616,56.6975,98.9542,sl,-10.5642,-1.0,98.2,91.585,97.1967,95.3929,94.43,93.7644,97.5341,1.26
SOL,2022-04-11 17:13:16.646164,2022-04-11 21:13:16.646164,long,136.35,134.5803,138.1197,139.8894,141.6591,134.5803,sl,-0.3539,-0.2,134.05,134.85,139.7212,136.2031,136.0038,135.3615,123.5863,1.84
SOL,2022-05-06 13:13:16.646164,2022-05-08 09:13:16.646164,short,97.4,100.2175,94.5825,91.7649,88.9474,88.9474,tp3,5.2124,1.85,85.36,93.4162,98.3508,93.9856,91.8372,94.0295,97.9507,4.02
SOL,2022-05-12 04:13:16.646164,2022-05-12 05:13:16.646164,short,86.97,88.9392,85.0008,83.0316,81.0624,88.9392,sl,-1.9692,-1.0,90.76,86.4433,88.7617,87.4242,87.5203,87.5755,91.762,5.01
SOL,2022-05-28 01:13:16.646164,2022-05-30 09:13:16.646164,short,50.37,53.0759,47.6641,44.9581,42.2522,53.0759,sl,-2.7059,-1.0,52.51,48.2792,51.4229,50.2702,51.3936,51.0133,53.2176,1.52
SOL,2022-07-10 16:13:16.646164,2022-07-11 07:13:16.646164,short,32.65,33.6772,31.6228,30.5956,29.5683,33.6772,sl,-1.0272,-1.0,33.45,32.3429,33.2888,32.9577,32.8933,32.9403,34.5448,1.71
SOL,2022-08-20 06:13:16.646164,2022-08-24 23:13:16.646164,long,44.65,42.331,46.969,49.288,51.607,42.331,sl,-0.4638,-0.2,42.13,42.9017,44.1096,43.2269,43.2868,43.6941,43.6868,3.4
SOL,2022-08-26 00:13:16.646164,2022-09-03 02:13:16.646164,short,40.88,43.2831,38.4769,36.0739,33.6708,33.6708,tp3,4.4457,1.85,33.28,34.865,36.2733,35.4608,34.7947,35.1579,36.636,3.62
SOL,2022-09-19 12:13:16.646164,2022-09-21 05:13:16.646164,long,35.83,34.3794,37.2806,38.7311,40.1817,34.3794,sl,1.233,0.85,34.24,35.6808,39.01,37.5412,36.4095,36.4378,34.7131,0.72
SOL,2022-10-04 06:13:16.646164,2022-10-05 05:13:16.646164,long,33.74,32.4845,34.9955,36.251,37.5065,32.4845,sl,-0.2511,-0.2,32.8,32.755,35.115,34.7462,33.9681,33.7181,33.1311,1.59
SOL,2022-10-15 19:13:16.646164,2022-10-20 18:13:16.646164,short,32.86,33.9453,31.7747,30.6895,29.6042,29.6042,tp3,2.0077,1.85,29.72,31.0325,31.5838,31.3081,30.8388,31.2099,32.2392,6.46
SOL,2022-10-31 00:13:16.646164,2022-10-31 04:13:16.646164,short,28.0,28.4919,27.5081,27.0163,26.5244,28.4919,sl,-0.4919,-1.0,28.49,27.565,28.435,28.0362,28.1429,28.1466,29.1572,1.85
SOL,2022-12-03 11:13:16.646164,2022-12-04 09:13:16.646164,long,14.26,14.0111,14.5089,14.7578,15.0067,14.0111,sl,0.2116,0.85,14.06,14.0438,14.4896,14.1998,14.301,14.2208,13.9105,1.32
SOL,2022-12-05 05:13:16.646164,2022-12-05 10:13:16.646164,long,14.37,14.0506,14.6894,15.0088,15.3282,14.0506,sl,-0.3194,-1.0,14.12,14.1383,14.475,14.3698,14.3001,14.2658,13.9935,2.42
SOL,2022-12-13 12:13:16.646164,2022-12-14 19:13:16.646164,long,14.06,13.4963,14.6237,15.1874,15.7511,13.4963,sl,-0.5637,-1.0,13.57,13.8062,14.1438,14.0256,13.9644,13.9428,13.7893,3.08
SOL,2022-12-19 09:13:16.646164,2022-12-20 18:13:16.646164,short,13.48,13.7065,13.2535,13.027,12.8004,12.8004,tp3,0.4191,1.85,12.96,12.9425,13.4733,13.2079,13.1594,13.2822,13.534,2.28
SOL,2022-12-26 14:13:16.646164,2022-12-31 16:13:16.646164,short,12.23,12.5283,11.9317,11.6333,11.335,11.335,tp3,0.6563,2.2,11.37,11.7117,11.9825,11.8471,11.772,11.8743,12.3365,7.66
SOL,2023-02-16 12:13:16.646164,2023-02-17 08:13:16.646164,short,23.14,23.8401,22.4399,21.7398,21.0397,21.0397,tp3,1.2952,1.85,21.29,22.6933,23.8533,22.935,22.4478,22.8777,23.5517,1.89
SOL,2023-03-07 04:13:16.646164,2023-03-10 12:13:16.646164,short,22.73,23.4,22.06,21.3899,20.7199,20.7199,tp3,1.4741,2.2,20.54,21.7025,22.49,21.9912,21.869,22.1043,22.7269,8.55
SOL,2023-03-13 08:13:16.646164,2023-03-15 02:13:16.646164,short,21.17,21.5731,20.7669,20.3639,19.9608,19.9608,tp3,0.7457,1.85,20.42,20.5879,21.0875,20.7469,20.5907,20.776,21.5338,6.26
SOL,2023-04-11 06:13:16.646164,2023-04-11 21:13:16.646164,short,20.34,20.9451,19.7349,19.1297,18.5246,20.9451,sl,-0.6051,-1.0,20.97,20.1667,20.79,20.4217,20.542,20.545,20.7135,2.11
SOL,2023-05-09 23:13:16.646164,2023-05-13 10:13:16.646164,short,21.88,23.2197,20.5403,19.2006,17.861,23.2197,sl,-1.3397,-1.0,23.02,21.6858,22.4408,21.7802,22.4729,22.2098,22.2226,1.48
SOL,2023-05-14 11:13:16.646164,2023-05-15 03:13:16.646164,short,21.84,22.7187,20.9613,20.0826,19.204,22.7187,sl,-0.8787,-1.0,22.59,21.7687,22.7429,22.0123,22.2035,22.1743,22.2107,1.91
SOL,2023-06-02 01:13:16.646164,2023-06-04 06:13:16.646164,short,19.24,19.8246,18.6554,18.0709,17.4863,19.8246,sl,-0.5846,-1.0,19.82,19.2071,19.5121,19.2706,19.5559,19.4722,19.7403,1.86
SOL,2023-06-05 02:13:16.646164,2023-06-13 02:13:16.646164,long,20.56,19.5712,21.5488,22.5376,23.5264,19.5712,sl,-0.1978,-0.2,20.02,21.4562,22.1875,21.5969,21.3288,21.4363,21.0014,5.9
SOL,2023-06-13 20:13:16.646164,2023-06-17 14:13:16.646164,short,19.99,21.662,18.318,16.646,14.974,14.974,tp3,3.0932,1.85,14.57,17.4217,19.37,18.7438,17.4057,18.2286,19.5946,4.73
SOL,2023-08-09 22:13:16.646164,2023-08-16 03:13:16.646164,short,23.51,24.1348,22.8852,22.2603,21.6355,24.1348,sl,0.5311,0.85,24.18,22.795,23.32,23.1742,23.4214,23.2212,23.3468,2.71
SOL,2023-08-18 23:13:16.646164,2023-08-21 08:13:16.646164,long,24.63,24.3109,24.9491,25.2683,25.5874,24.3109,sl,-0.0638,-0.2,24.29,24.435,24.78,24.5692,24.5976,24.622,24.2338,1.73
SOL,2023-09-11 07:13:16.646164,2023-09-11 10:13:16.646164,short,19.45,19.6455,19.2545,19.0591,18.8636,19.6455,sl,-0.1955,-1.0,19.73,19.3867,19.62,19.515,19.4929,19.5467,20.1711,2.53
SOL,2023-10-18 21:13:16.646164,2023-10-19 19:13:16.646164,short,22.14,22.4461,21.8339,21.5279,21.2218,21.2218,tp3,0.5662,1.85,21.28,21.82,22.315,22.1706,21.7631,21.9911,22.4153,2.6
SOL,2023-10-25 02:13:16.646164,2023-10-28 16:13:16.646164,long,24.21,22.9016,25.5184,26.8268,28.1352,28.1352,tp3,2.4205,1.85,28.03,24.7562,27.5,26.8598,26.815,26.0026,24.1183,4.73
SOL,2023-11-13 12:13:16.646164,2023-11-13 14:13:16.646164,long,41.73,40.3629,43.0971,44.4643,45.8314,40.3629,sl,-1.3671,-1.0,40.24,40.6917,42.2333,41.5396,41.1217,41.1017,38.5335,2.41
SOL,2023-12-02 11:13:16.646164,2023-12-04 00:13:16.646164,long,58.78,56.8985,60.6615,62.543,64.4246,56.8985,sl,-1.8815,-1.0,56.98,57.4167,59.1333,58.5325,58.1409,58.0836,57.4211,3.11
SOL,2023-12-08 11:13:16.646164,2023-12-10 10:13:16.646164,long,60.24,58.8487,61.6313,63.0225,64.4138,64.4138,tp3,2.5738,1.85,65.24,59.925,62.3542,60.9188,62.5177,61.4842,59.2912,2.51
SOL,2023-12-23 21:13:16.646164,2023-12-24 16:13:16.646164,long,75.15,72.2802,78.0198,80.8897,83.7596,72.2802,sl,-2.8698,-1.0,72.83,73.6067,77.0733,73.78,73.9401,74.1249,71.5961,1.13
SOL,2024-01-23 06:13:16.646164,2024-01-24 10:13:16.646164,short,95.28,98.8298,91.7302,88.1805,84.6307,98.8298,sl,-3.5498,-1.0,98.56,94.65,97.53,95.73,97.0754,96.4863,96.9004,1.0
SOL,2024-02-13 20:13:16.646164,2024-02-14 06:13:16.646164,short,93.95,97.7476,90.1524,86.3548,82.5572,97.7476,sl,-3.7976,-1.0,97.25,94.335,97.0025,95.9112,95.8044,96.1472,96.8375,1.12
SOL,2024-02-29 23:13:16.646164,2024-03-05 03:13:16.646164,short,103.88,107.9467,99.8133,95.7466,91.6799,107.9467,sl,-0.8133,-0.2,109.6,102.19,104.09,103.425,103.8993,103.3486,104.8359,2.84
SOL,2024-03-19 07:13:16.646164,2024-03-20 03:13:16.646164,long,148.41,143.0583,153.7617,159.1134,164.4651,143.0583,sl,-1.0703,-0.2,147.53,143.4312,152.6862,147.6731,149.4678,148.158,141.3005,2.72
SOL,2024-04-01 02:13:16.646164,2024-04-01 06:13:16.646164,short,174.19,176.972,171.408,168.626,165.844,176.972,sl,-2.782,-1.0,178.95,172.25,177.2,175.175,175.4192,175.4523,176.6998,1.48
SOL,2024-04-07 15:13:16.646164,2024-04-09 01:13:16.646164,long,196.51,187.1674,205.8526,215.1952,224.5378,187.1674,sl,-9.3426,-1.0,188.08,193.5825,199.3075,196.1588,196.3289,196.2081,190.3089,2.34
SOL,2024-04-12 06:13:16.646164,2024-04-20 03:13:16.646164,short,182.53,189.8406,175.2194,167.9088,160.5982,160.5982,tp3,13.5246,1.85,163.43,171.0492,175.8408,172.7262,170.2509,171.8968,176.3674,3.96
SOL,2024-05-30 07:13:16.646164,2024-05-30 09:13:16.646164,long,180.22,176.4364,184.0036,187.7872,191.5707,176.4364,sl,-3.7836,-1.0,176.95,176.79,184.05,178.3025,179.0646,178.8523,170.1401,1.23
SOL,2024-06-07 23:13:16.646164,2024-06-12 08:13:16.646164,short,167.35,170.5842,164.1158,160.8815,157.6473,170.5842,sl,-0.6468,-0.2,170.81,163.2096,166.9887,165.2881,167.776,166.559,166.8582,0.92
SOL,2024-06-13 09:13:16.646164,2024-06-15 03:13:16.646164,long,173.54,166.7982,180.2818,187.0235,193.7653,166.7982,sl,-6.7418,-1.0,165.36,170.2067,173.9146,172.3977,170.5897,171.0872,169.3835,2.73
SOL,2024-06-22 00:13:16.646164,2024-07-23 04:13:16.646164,short,145.05,156.1705,133.9295,122.8091,111.6886,156.1705,sl,9.4524,0.85,155.74,139.1,151.2917,145.1958,151.9289,148.2873,142.7532,1.26
SOL,2024-07-31 00:13:16.646164,2024-07-31 02:13:16.646164,long,178.22,173.647,182.793,187.366,191.939,173.647,sl,-4.573,-1.0,171.57,173.995,181.445,178.0304,176.6539,176.8284,167.2001,2.1
SOL,2024-08-01 05:13:16.646164,2024-08-01 11:13:16.646164,long,178.2,172.2207,184.1793,190.1586,196.1379,172.2207,sl,-5.9793,-1.0,175.43,172.915,179.305,177.4412,177.3852,176.6663,169.677,3.36
SOL,2024-09-06 02:13:16.646164,2024-09-08 15:13:16.646164,short,144.22,148.4714,139.9686,135.7173,131.466,131.466,tp3,7.865,1.85,131.59,134.5862,140.0425,139.1331,135.0294,137.0942,143.9892,3.29
SOL,2024-09-15 08:13:16.646164,2024-09-16 08:13:16.646164,short,126.81,130.9789,122.6411,118.4721,114.3032,130.9789,sl,-4.1689,-1.0,129.4,124.1138,129.1417,127.0848,128.6502,128.4102,131.7111,2.59
SOL,2024-09-18 03:13:16.646164,2024-09-19 00:13:16.646164,long,135.75,128.9715,142.5285,149.3069,156.0854,128.9715,sl,-6.7785,-1.0,129.78,131.1,136.16,134.55,132.3285,132.579,132.1985,2.06
SOL,2024-09-19 11:13:16.646164,2024-09-23 08:13:16.646164,long,134.78,131.2037,138.3563,141.9325,145.5088,131.2037,sl,-0.7153,-0.2,131.88,135.4342,139.8,137.2812,134.7288,135.7078,134.5264,1.1
SOL,2024-09-24 23:13:16.646164,2024-09-25 00:13:16.646164,short,131.14,133.4363,128.8437,126.5473,124.251,133.4363,sl,-2.2963,-1.0,133.51,129.8462,132.9671,130.9385,131.9365,132.4124,133.5,4.02
SOL,2024-09-28 19:13:16.646164,2024-09-30 07:13:16.646164,long,147.5,142.2815,152.7185,157.9369,163.1554,142.2815,sl,-5.2185,-1.0,141.9,145.0233,148.6167,147.4733,144.966,145.518,140.5768,1.41
SOL,2024-10-06 23:13:16.646164,2024-10-07 13:13:16.646164,long,157.34,155.4921,159.1879,161.0357,162.8836,155.4921,sl,1.5707,0.85,156.19,155.8475,158.6725,156.8362,157.5984,157.1321,152.1177,1.93
SOL,2024-10-22 23:13:16.646164,2024-10-23 01:13:16.646164,long,158.55,151.1421,165.9579,173.3658,180.7737,151.1421,sl,-7.4079,-1.0,153.29,151.445,158.44,155.234,154.6307,152.8811,147.7906,2.8
SOL,2024-10-30 21:13:16.646164,2024-10-31 05:13:16.646164,long,166.41,164.4105,168.4095,170.409,172.4084,172.4084,tp3,4.3989,2.2,173.02,164.74,168.49,166.1983,167.5199,166.5695,160.3077,2.56
SOL,2024-11-21 03:13:16.646164,2024-11-21 07:13:16.646164,long,218.97,207.4118,230.5282,242.0863,253.6445,207.4118,sl,-11.5582,-1.0,210.14,208.85,221.12,212.4288,211.9823,211.6833,201.1059,0.98
SOL,2024-12-17 22:13:16.646164,2024-12-19 13:13:16.646164,short,211.41,231.8837,190.9363,170.4626,149.989,231.8837,sl,-20.4737,-1.0,230.36,206.64,220.36,216.3583,226.3021,223.7651,228.6286,1.04
SOL,2025-01-07 07:13:16.646164,2025-01-08 00:13:16.646164,short,189.45,196.625,182.275,175.1001,167.9251,196.625,sl,-7.175,-1.0,197.42,188.845,194.755,193.0312,192.5543,192.0079,192.866,2.16
SOL,2025-02-20 14:13:16.646164,2025-02-22 01:13:16.646164,short,195.7,201.4195,189.9805,184.2609,178.5414,201.4195,sl,-1.1439,-0.2,200.86,190.6333,197.6317,196.2858,197.2785,196.2734,199.7154,2.54
SOL,2025-03-14 08:13:16.646164,2025-03-15 04:13:16.646164,short,143.63,148.9724,138.2876,132.9453,127.6029,148.9724,sl,-1.0685,-0.2,149.63,141.7375,149.1792,144.3421,144.309,144.634,147.2382,1.19
SOL,2025-04-07 13:13:16.646164,2025-04-08 00:13:16.646164,short,124.56,127.1914,121.9286,119.2973,116.6659,127.1914,sl,-2.6314,-1.0,126.72,124.1238,126.3925,125.4644,125.3673,126.1011,130.7733,2.06
SOL,2025-04-22 13:13:16.646164,2025-04-23 03:13:16.646164,long,130.54,128.216,132.864,135.1881,137.5121,128.216,sl,-0.4648,-0.2,128.24,128.4729,133.4275,131.851,130.8031,130.321,124.0389,1.11
SOL,2025-05-14 06:13:16.646164,2025-05-14 08:13:16.646164,short,144.01,146.5024,141.5176,139.0252,136.5327,146.5024,sl,-2.4924,-1.0,146.13,142.4767,146.21,144.4767,144.3162,144.9278,146.4249,2.42
SOL,2025-06-08 12:13:16.646164,2025-06-11 00:13:16.646164,short,154.79,162.7515,146.8285,138.867,130.9054,162.7515,sl,-7.9615,-1.0,163.19,151.6367,158.4733,153.8342,159.2503,157.6092,162.2923,2.01
SOL,2025-06-11 21:13:16.646164,2025-06-13 06:13:16.646164,short,155.92,160.469,151.371,146.8219,142.2729,142.2729,tp3,8.4157,1.85,141.82,150.5512,157.6638,156.5969,150.5067,153.2411,158.8823,3.12
SOL,2025-06-21 05:13:16.646164,2025-07-08 01:13:16.646164,short,145.17,159.8169,130.5231,115.8762,101.2293,159.8169,sl,-2.9294,-0.2,157.83,149.5783,152.545,150.8762,151.5297,150.2235,146.2161,6.96
SOL,2025-07-16 03:13:16.646164,2025-07-18 03:13:16.646164,long,152.06,149.3594,154.7606,157.4611,160.1617,160.1617,tp3,4.996,1.85,160.9,151.6075,158.4808,157.4069,157.3735,155.4002,151.7653,2.97
SOL,2025-07-21 04:13:16.646164,2025-07-21 08:13:16.646164,long,163.08,159.8497,166.3103,169.5407,172.771,159.8497,sl,-3.2303,-1.0,160.8,160.17,163.815,163.0556,161.8339,161.6115,157.4016,1.61
SOL,2025-08-13 10:13:16.646164,2025-08-14 00:13:16.646164,short,162.75,167.9477,157.5523,152.3546,147.1568,167.9477,sl,-5.1977,-1.0,167.9,162.455,168.1967,163.5592,164.3449,164.6767,169.1365,3.36
SOL,2025-09-09 23:13:16.646164,2025-09-17 22:13:16.646164,long,204.05,197.7304,210.3696,216.6892,223.0088,223.0088,tp3,11.6912,1.85,223.43,212.5067,218.2175,214.8429,218.9716,216.044,209.2163,2.94
SOL,2025-10-12 12:13:16.646164,2025-10-13 05:13:16.646164,long,231.12,227.3856,234.8544,238.5889,242.3233,227.3856,sl,-0.7469,-0.2,227.07,227.9054,235.0283,230.919,230.5194,229.8676,222.5702,0.8
SOL,2025-10-26 18:13:16.646164,2025-10-26 19:13:16.646164,short,184.17,187.4508,180.8892,177.6084,174.3275,187.4508,sl,-3.2808,-1.0,187.2,178.7933,187.0767,185.5975,185.962,186.1033,193.8271,3.7
SOL,2025-12-05 23:13:16.646164,2025-12-06 02:13:16.646164,long,142.51,139.0755,145.9445,149.3791,152.8136,139.0755,sl,-3.4345,-1.0,138.79,140.6021,144.3729,141.5448,141.0283,140.6656,138.1478,1.83
SOL,2026-01-02 08:13:16.646164,2026-01-02 12:13:16.646164,short,121.82,124.2246,119.4154,117.0108,114.6061,124.2246,sl,-0.4809,-0.2,123.47,121.4925,123.5625,122.0962,122.2807,122.6858,124.8017,4.26
SOL,2026-01-06 15:13:16.646164,2026-01-08 06:13:16.646164,short,123.42,127.8151,119.0249,114.6298,110.2346,127.8151,sl,-4.3951,-1.0,124.19,123.795,126.0225,124.3012,125.2488,125.0403,124.6119,8.17
SOL,2026-01-14 06:13:16.646164,2026-01-15 17:13:16.646164,long,138.95,134.1462,143.7538,148.5577,153.3615,134.1462,sl,-4.8038,-1.0,135.9,136.2996,140.4567,138.0002,136.7457,137.1378,133.4871,1.7
SOL,2026-01-27 08:13:16.646164,2026-02-08 03:13:16.646164,short,132.97,142.4343,123.5057,114.0414,104.5771,104.5771,tp3,17.509,1.85,103.31,114.5258,118.9329,117.359,113.399,116.323,122.527,5.5
SOL,2026-03-03 11:13:16.646164,2026-03-04 11:13:16.646164,short,77.67,81.688,73.652,69.6339,65.6158,81.688,sl,-4.0181,-1.0,82.0,76.3033,79.3333,78.155,78.5204,79.0655,82.0752,3.34
SOL,2026-03-18 14:13:16.646164,2026-03-24 05:13:16.646164,long,86.72,83.8653,89.5747,92.4295,95.2842,95.2842,tp3,5.2813,1.85,95.21,90.96,94.7825,93.9137,93.1399,91.2401,88.2414,0.87
SOL,2026-03-29 09:13:16.646164,2026-03-30 21:13:16.646164,short,87.56,90.2109,84.9091,82.2582,79.6073,90.2109,sl,-2.6509,-1.0,88.78,85.3312,88.2075,87.2119,86.7622,87.5472,88.9933,8.58
SOL,2026-04-25 10:13:16.646164,2026-04-26 04:13:16.646164,long,88.96,86.226,91.694,94.4281,97.1621,86.226,sl,-2.734,-1.0,85.95,87.5567,90.5033,88.5767,87.3955,87.5521,85.5753,1.4
SOL,2026-04-29 01:13:16.646164,2026-04-29 05:13:16.646164,long,86.05,84.3385,87.7615,89.473,91.1845,84.3385,sl,-1.7115,-1.0,84.57,84.5075,86.2492,85.8138,85.5065,85.5454,85.4683,1.17
SOL,2026-05-07 00:13:16.646164,2026-05-11 12:13:16.646164,short,83.85,85.1687,82.5313,81.2125,79.8938,85.1687,sl,-0.2637,-0.2,85.26,83.6033,84.2867,83.8425,84.2787,84.0958,84.3622,5.35
SOL,2026-05-12 20:13:16.646164,2026-05-13 18:13:16.646164,long,84.9,83.7297,86.0703,87.2406,88.4109,88.4109,tp3,2.165,1.85,89.02,83.9433,85.905,84.7458,86.7452,85.7727,84.8486,2.48
XRP,2018-06-05 08:13:21.757414,2018-06-07 11:13:21.757414,short,0.609,0.6354,0.5826,0.5561,0.5297,0.6354,sl,-0.0264,-1.0,0.6049,0.5965,0.6182,0.6003,0.6069,0.6106,0.6389,1.53
XRP,2018-07-14 21:13:21.757414,2018-07-15 23:13:21.757414,long,0.4974,0.4765,0.5183,0.5392,0.56,0.4765,sl,-0.0209,-1.0,0.4824,0.4833,0.5008,0.4946,0.489,0.4892,0.4807,1.42
XRP,2018-08-01 10:13:21.757414,2018-08-03 21:13:21.757414,short,0.454,0.4645,0.4434,0.4329,0.4224,0.4645,sl,-0.0021,-0.2,0.4668,0.4478,0.4619,0.4548,0.4529,0.4528,0.4595,1.71
XRP,2018-08-16 14:13:21.757414,2018-08-17 05:13:21.757414,short,0.4308,0.4357,0.4259,0.421,0.4161,0.4161,tp3,0.0091,1.85,0.4161,0.4271,0.4346,0.4308,0.4239,0.4284,0.4375,1.43
XRP,2018-09-03 03:13:21.757414,2018-09-07 09:13:21.757414,short,0.3191,0.3408,0.2973,0.2756,0.2538,0.3408,sl,-0.0217,-1.0,0.3419,0.3214,0.3289,0.3229,0.3313,0.328,0.326,1.66
XRP,2018-10-25 04:13:21.757414,2018-10-25 08:13:21.757414,short,0.4216,0.4284,0.4149,0.4081,0.4014,0.4014,tp3,0.0179,2.65,0.4104,0.42,0.4284,0.423,0.4216,0.4234,0.4498,2.35
XRP,2018-11-07 20:13:21.757414,2018-11-08 04:13:21.757414,short,0.4609,0.4669,0.4549,0.4489,0.443,0.4669,sl,-0.006,-1.0,0.4647,0.4589,0.4637,0.4609,0.4614,0.462,0.4636,1.79
XRP,2018-12-01 11:13:21.757414,2018-12-16 23:13:21.757414,short,0.4408,0.489,0.3925,0.3443,0.2961,0.2961,tp3,0.0892,1.85,0.3,0.333,0.3528,0.3404,0.3243,0.3354,0.3583,2.15
XRP,2019-01-31 19:13:21.757414,2019-02-07 09:13:21.757414,short,0.3152,0.325,0.3054,0.2955,0.2857,0.2857,tp3,0.0182,1.85,0.2886,0.2924,0.312,0.3073,0.2997,0.3053,0.3136,2.54
XRP,2019-02-13 01:13:21.757414,2019-02-13 04:13:21.757414,long,0.3081,0.3031,0.3131,0.318,0.323,0.3031,sl,-0.005,-1.0,0.306,0.305,0.3104,0.3081,0.3075,0.3072,0.3071,3.78
XRP,2019-03-09 12:13:21.757414,2019-04-12 04:13:21.757414,short,0.3143,0.3332,0.2953,0.2764,0.2574,0.3332,sl,-0.0038,-0.2,0.3375,0.3085,0.3245,0.3122,0.3229,0.3169,0.3112,2.42
XRP,2019-04-15 00:13:21.757414,2019-04-20 19:13:21.757414,long,0.367,0.337,0.3971,0.4271,0.4571,0.337,sl,-0.03,-1.0,0.3318,0.3468,0.3552,0.3489,0.3502,0.3515,0.3473,6.48
XRP,2019-04-25 08:13:21.757414,2019-04-27 05:13:21.757414,short,0.3235,0.3283,0.3187,0.3139,0.3091,0.3283,sl,0.0041,0.85,0.3335,0.3166,0.3231,0.3216,0.3222,0.3219,0.3282,10.11
XRP,2019-06-25 07:13:21.757414,2019-06-27 02:13:21.757414,long,0.4116,0.3986,0.4247,0.4377,0.4508,0.4508,tp3,0.0241,1.85,0.4518,0.4055,0.4297,0.4095,0.4307,0.424,0.4106,4.35
XRP,2019-07-09 16:13:21.757414,2019-07-14 13:13:21.757414,short,0.4125,0.4243,0.4007,0.3889,0.3771,0.3771,tp3,0.0219,1.85,0.3776,0.3931,0.4047,0.3975,0.3877,0.3928,0.4092,2.27
XRP,2019-08-15 12:13:21.757414,2019-08-15 16:13:21.757414,long,0.3219,0.3176,0.3262,0.3305,0.3348,0.3176,sl,-0.0043,-1.0,0.3167,0.3182,0.3262,0.3202,0.3213,0.3207,0.3175,3.29
XRP,2019-09-09 16:13:21.757414,2019-09-09 19:13:21.757414,short,0.2545,0.2583,0.2507,0.2469,0.2432,0.2583,sl,-0.0038,-1.0,0.2594,0.2533,0.2573,0.2557,0.2562,0.2563,0.2626,2.24
XRP,2019-09-11 10:13:21.757414,2019-09-11 11:13:21.757414,short,0.2541,0.2579,0.2502,0.2464,0.2426,0.2579,sl,-0.0038,-1.0,0.2571,0.2535,0.2574,0.255,0.2549,0.2554,0.2603,5.73
XRP,2019-09-13 20:13:21.757414,2019-09-17 01:13:21.757414,short,0.2584,0.2634,0.2535,0.2486,0.2436,0.2634,sl,0.0042,0.85,0.2642,0.2496,0.2582,0.2512,0.2588,0.2569,0.258,2.53
XRP,2019-09-18 07:13:21.757414,2019-09-19 17:13:21.757414,long,0.2619,0.2569,0.2669,0.272,0.277,0.2569,sl,-0.005,-1.0,0.2562,0.2586,0.2623,0.2608,0.2596,0.2597,0.2591,3.16
XRP,2019-09-22 17:13:21.757414,2019-09-22 21:13:21.757414,short,0.2538,0.2551,0.2525,0.2512,0.2498,0.2551,sl,-0.0013,-1.0,0.2552,0.2521,0.2551,0.254,0.2542,0.2542,0.2564,0.87
XRP,2019-09-24 08:13:21.757414,2019-09-26 14:13:21.757414,long,0.2637,0.2538,0.2736,0.2835,0.2935,0.2935,tp3,0.0184,1.85,0.2925,0.2553,0.2738,0.2603,0.2703,0.2649,0.26,5.69
XRP,2019-11-07 03:13:21.757414,2019-11-07 10:13:21.757414,long,0.2971,0.2938,0.3005,0.3039,0.3072,0.3072,tp3,0.0074,2.2,0.3049,0.2948,0.3,0.2968,0.2981,0.2969,0.2914,5.77
XRP,2019-11-15 02:13:21.757414,2019-11-16 07:13:21.757414,long,0.3006,0.2936,0.3075,0.3144,0.3213,0.2936,sl,0.0059,0.85,0.2922,0.2959,0.3037,0.3006,0.3004,0.3,0.2963,1.89
XRP,2019-11-18 22:13:21.757414,2019-11-19 14:13:21.757414,short,0.2784,0.2829,0.2738,0.2693,0.2647,0.2829,sl,-0.0046,-1.0,0.2816,0.2756,0.2805,0.2788,0.2791,0.2801,0.2876,5.69
XRP,2019-11-20 02:13:21.757414,2019-11-23 00:13:21.757414,short,0.278,0.2818,0.2741,0.2703,0.2665,0.2665,tp3,0.0071,1.85,0.2698,0.2709,0.2742,0.2726,0.272,0.2728,0.2797,4.58
XRP,2019-12-13 14:13:21.757414,2019-12-14 14:13:21.757414,short,0.2167,0.2234,0.21,0.2033,0.1965,0.2234,sl,-0.0067,-1.0,0.2235,0.2127,0.2198,0.2156,0.2171,0.217,0.2215,4.98
XRP,2019-12-21 15:13:21.757414,2019-12-25 12:13:21.757414,short,0.219,0.2226,0.2154,0.2119,0.2083,0.2083,tp3,0.0066,1.85,0.2071,0.2135,0.219,0.2159,0.2133,0.2152,0.2189,7.36
XRP,2020-01-02 17:13:21.757414,2020-01-07 10:13:21.757414,short,0.1908,0.196,0.1855,0.1802,0.175,0.196,sl,-0.0011,-0.2,0.1957,0.1901,0.1955,0.1926,0.1937,0.1925,0.1925,1.83
XRP,2020-01-24 06:13:21.757414,2020-01-24 19:13:21.757414,long,0.2366,0.2225,0.2508,0.2649,0.279,0.2225,sl,-0.0141,-1.0,0.2252,0.2282,0.2438,0.2346,0.2337,0.2299,0.2172,1.86
XRP,2020-02-13 08:13:21.757414,2020-02-21 03:13:21.757414,long,0.2606,0.2488,0.2724,0.2842,0.296,0.296,tp3,0.0218,1.85,0.2953,0.2683,0.2834,0.2728,0.2848,0.2803,0.2729,1.66
XRP,2020-03-17 20:13:21.757414,2020-03-21 10:13:21.757414,short,0.2082,0.2317,0.1846,0.161,0.1374,0.1374,tp3,0.0436,1.85,0.1355,0.1598,0.2138,0.2063,0.1673,0.1845,0.2116,2.05
XRP,2020-04-08 03:13:21.757414,2020-04-15 03:13:21.757414,long,0.1735,0.1675,0.1795,0.1854,0.1914,0.1914,tp3,0.0111,1.85,0.1936,0.1775,0.1855,0.1796,0.1862,0.183,0.1772,2.24
XRP,2020-04-28 11:13:21.757414,2020-04-28 21:13:21.757414,long,0.1928,0.1889,0.1968,0.2007,0.2046,0.1889,sl,-0.0039,-1.0,0.1897,0.1909,0.1952,0.1934,0.1918,0.1917,0.1896,1.96
XRP,2020-05-04 09:13:21.757414,2020-05-05 00:13:21.757414,long,0.1952,0.193,0.1974,0.1996,0.2017,0.193,sl,-0.0004,-0.2,0.1934,0.1934,0.196,0.1943,0.1949,0.1943,0.1913,3.72
XRP,2020-05-16 12:13:21.757414,2020-05-16 15:13:21.757414,long,0.2189,0.2144,0.2235,0.2281,0.2326,0.2144,sl,-0.0046,-1.0,0.2152,0.2148,0.2208,0.2189,0.2176,0.2172,0.2154,0.91
XRP,2020-05-21 06:13:21.757414,2020-05-21 10:13:21.757414,short,0.1955,0.1987,0.1924,0.1892,0.1861,0.1987,sl,-0.0031,-1.0,0.1987,0.1922,0.199,0.1966,0.197,0.1973,0.2058,0.48
XRP,2020-05-27 17:13:21.757414,2020-05-29 00:13:21.757414,long,0.2053,0.2012,0.2093,0.2133,0.2174,0.2012,sl,-0.004,-1.0,0.1998,0.2033,0.2057,0.2044,0.2045,0.2042,0.2034,5.51
XRP,2020-06-03 15:13:21.757414,2020-06-04 19:13:21.757414,short,0.1938,0.1978,0.1897,0.1857,0.1817,0.1978,sl,-0.004,-1.0,0.199,0.1933,0.1953,0.1944,0.1954,0.1952,0.1979,3.11
XRP,2020-06-26 20:13:21.757414,2020-07-02 19:13:21.757414,short,0.1916,0.195,0.1883,0.1849,0.1816,0.1816,tp3,0.0062,1.85,0.1839,0.1883,0.1901,0.189,0.1881,0.1884,0.1896,3.58
XRP,2020-07-04 23:13:21.757414,2020-07-06 04:13:21.757414,short,0.1819,0.1845,0.1793,0.1767,0.1741,0.1741,tp3,0.0057,2.2,0.1718,0.1799,0.1838,0.1829,0.1805,0.1819,0.1854,6.89
XRP,2020-07-10 20:13:21.757414,2020-07-11 00:13:21.757414,short,0.176,0.1776,0.1745,0.1729,0.1714,0.1776,sl,0.0013,0.85,0.1744,0.1752,0.1772,0.1768,0.1757,0.1761,0.1792,2.06
XRP,2020-07-16 07:13:21.757414,2020-08-05 02:13:21.757414,long,0.1936,0.1827,0.2046,0.2155,0.2265,0.2265,tp3,0.0203,1.85,0.2266,0.2127,0.2212,0.2162,0.2191,0.2167,0.2081,1.45
XRP,2020-09-22 10:13:21.757414,2020-09-22 21:13:21.757414,short,0.2424,0.248,0.2369,0.2313,0.2257,0.248,sl,-0.0056,-1.0,0.2482,0.2402,0.2482,0.2432,0.2444,0.2441,0.2456,1.74
XRP,2020-10-01 21:13:21.757414,2020-10-02 02:13:21.757414,short,0.2308,0.2339,0.2278,0.2247,0.2216,0.2216,tp3,0.0068,2.2,0.2238,0.2307,0.2332,0.2321,0.2308,0.2331,0.2408,2.71
XRP,2020-10-05 21:13:21.757414,2020-10-07 23:13:21.757414,long,0.2419,0.2386,0.2452,0.2485,0.2519,0.2386,sl,-0.0007,-0.2,0.2395,0.242,0.2463,0.2453,0.2429,0.2429,0.2406,1.22
XRP,2020-10-14 21:13:21.757414,2020-10-15 01:13:21.757414,long,0.2542,0.2451,0.2632,0.2722,0.2813,0.2451,sl,-0.009,-1.0,0.2438,0.247,0.2544,0.2499,0.251,0.2491,0.2428,1.84
XRP,2020-10-17 15:13:21.757414,2020-10-23 15:13:21.757414,long,0.2511,0.2448,0.2575,0.2639,0.2703,0.2448,sl,-0.0013,-0.2,0.2454,0.2515,0.2594,0.2554,0.2489,0.2513,0.2517,2.28
XRP,2020-10-27 07:13:21.757414,2020-10-27 15:13:21.757414,short,0.2419,0.243,0.2408,0.2397,0.2386,0.243,sl,-0.0002,-0.2,0.2454,0.2409,0.2424,0.242,0.2418,0.242,0.2457,4.31
XRP,2020-11-02 04:13:21.757414,2020-11-02 11:13:21.757414,long,0.2557,0.2529,0.2585,0.2613,0.2641,0.2529,sl,-0.0028,-1.0,0.2529,0.2537,0.2582,0.2553,0.2555,0.2554,0.2518,3.01
XRP,2020-11-11 08:13:21.757414,2020-11-11 16:13:21.757414,short,0.2329,0.241,0.2249,0.2168,0.2088,0.241,sl,-0.008,-1.0,0.2422,0.2292,0.2394,0.2354,0.2344,0.2363,0.2418,3.44
XRP,2020-11-21 14:13:21.757414,2020-11-22 08:13:21.757414,long,0.2596,0.2539,0.2653,0.271,0.2768,0.2768,tp3,0.0106,1.85,0.2762,0.2525,0.2606,0.2557,0.2642,0.2601,0.2544,2.2
XRP,2020-12-20 04:13:21.757414,2020-12-24 05:13:21.757414,short,0.5494,0.5801,0.5188,0.4882,0.4575,0.4575,tp3,0.0567,1.85,0.4555,0.4817,0.5164,0.4958,0.4785,0.4906,0.5293,2.32
XRP,2021-03-27 22:13:21.757414,2021-03-28 05:13:21.757414,long,0.4704,0.4656,0.4752,0.48,0.4848,0.4848,tp3,0.0089,1.85,0.4824,0.4678,0.4772,0.4698,0.4725,0.4708,0.4634,2.55
XRP,2021-05-06 18:13:21.757414,2021-05-07 22:13:21.757414,long,1.3824,1.3312,1.4336,1.4848,1.536,1.536,tp3,0.1126,2.2,1.538,1.3373,1.4073,1.3688,1.4048,1.3814,1.316,4.43
XRP,2021-05-10 05:13:21.757414,2021-05-11 06:13:21.757414,long,1.5906,1.5335,1.6477,1.7047,1.7618,1.5335,sl,-0.0571,-1.0,1.5406,1.5466,1.6066,1.5676,1.5856,1.5759,1.4622,2.89
XRP,2021-06-15 10:13:21.757414,2021-06-15 14:13:21.757414,short,0.9351,0.9604,0.9098,0.8844,0.8591,0.8591,tp3,0.0671,2.65,0.8743,0.9236,0.9585,0.9358,0.9336,0.9435,0.9659,3.26
XRP,2021-07-15 08:13:21.757414,2021-07-15 17:13:21.757414,short,0.6621,0.6729,0.6513,0.6405,0.6297,0.6297,tp3,0.0237,2.2,0.6351,0.6575,0.6712,0.6644,0.6612,0.6648,0.6674,3.93
XRP,2021-09-22 00:13:21.757414,2021-09-23 02:13:21.757414,short,1.0698,1.1042,1.0354,1.0011,0.9667,1.1042,sl,-0.0344,-1.0,1.0977,1.0623,1.0935,1.0732,1.0868,1.082,1.1111,1.67
XRP,2021-09-24 13:13:21.757414,2021-09-27 16:13:21.757414,short,1.086,1.1216,1.0504,1.0148,0.9792,0.9792,tp3,0.0659,1.85,0.9811,1.0559,1.0908,1.0712,1.0452,1.0622,1.088,2.44
XRP,2021-10-14 00:13:21.757414,2021-10-17 03:13:21.757414,long,1.0716,1.0312,1.112,1.1524,1.1928,1.1928,tp3,0.0747,1.85,1.1973,1.0569,1.0813,1.0737,1.1044,1.0857,1.052,5.02
XRP,2021-10-31 03:13:21.757414,2021-11-02 13:13:21.757414,short,1.0873,1.1163,1.0583,1.0293,1.0004,1.1163,sl,-0.0058,-0.2,1.1185,1.0783,1.0978,1.0902,1.0972,1.0931,1.0994,1.51
XRP,2021-11-17 23:13:21.757414,2021-11-18 07:13:21.757414,long,1.2687,1.2355,1.3019,1.335,1.3682,1.2355,sl,0.0282,0.85,1.2382,1.2347,1.2786,1.2615,1.2756,1.2611,1.2069,2.94
XRP,2022-01-30 09:13:21.757414,2022-02-12 11:13:21.757414,short,0.5861,0.6826,0.4896,0.3932,0.2967,0.6826,sl,-0.0965,-1.0,0.672,0.5953,0.6197,0.5986,0.6327,0.6208,0.6176,3.25
XRP,2022-03-10 01:13:21.757414,2022-03-10 17:13:21.757414,long,0.7753,0.7589,0.7917,0.808,0.8244,0.7589,sl,-0.0164,-1.0,0.7646,0.7622,0.78,0.7691,0.768,0.7674,0.7535,1.08
XRP,2022-03-20 07:13:21.757414,2022-03-22 20:13:21.757414,long,0.7965,0.7442,0.8488,0.9011,0.9535,0.7442,sl,-0.0523,-1.0,0.751,0.7551,0.7855,0.7614,0.7613,0.7675,0.7618,1.1
XRP,2022-03-26 03:13:21.757414,2022-03-29 04:13:21.757414,long,0.7917,0.7785,0.8049,0.8181,0.8313,0.8313,tp3,0.0244,1.85,0.8312,0.8022,0.817,0.8145,0.8121,0.8089,0.7918,1.76
XRP,2022-04-11 23:13:21.757414,2022-04-14 00:13:21.757414,short,0.827,0.8458,0.8082,0.7895,0.7707,0.7707,tp3,0.0347,1.85,0.7779,0.8088,0.8332,0.8237,0.8077,0.8169,0.8304,2.79
XRP,2022-06-10 21:13:21.757414,2022-06-13 20:13:21.757414,short,0.3933,0.4092,0.3774,0.3614,0.3455,0.4092,sl,-0.0159,-1.0,0.4088,0.3892,0.4009,0.392,0.4004,0.397,0.3989,1.47
XRP,2022-07-04 07:13:21.757414,2022-07-04 09:13:21.757414,long,0.3685,0.3601,0.3769,0.3852,0.3936,0.3601,sl,-0.0084,-1.0,0.3603,0.3608,0.3713,0.367,0.3653,0.3632,0.3465,1.72
XRP,2022-07-07 11:13:21.757414,2022-07-15 11:13:21.757414,short,0.3253,0.3488,0.3018,0.2782,0.2547,0.3488,sl,-0.0235,-1.0,0.3516,0.3207,0.3314,0.3231,0.3376,0.3318,0.3273,2.29
XRP,2022-08-02 06:13:21.757414,2022-08-04 13:13:21.757414,short,0.3428,0.3611,0.3245,0.3062,0.2878,0.3611,sl,-0.0183,-1.0,0.36,0.3266,0.3397,0.3332,0.3482,0.3432,0.3479,1.34
XRP,2022-08-19 07:13:21.757414,2022-08-22 18:13:21.757414,long,0.3813,0.3691,0.3935,0.4057,0.4179,0.3691,sl,-0.0122,-1.0,0.3698,0.3761,0.3853,0.3803,0.3789,0.3797,0.3771,2.15
XRP,2022-09-19 19:13:21.757414,2022-09-20 02:13:21.757414,long,0.3565,0.3519,0.3611,0.3657,0.3703,0.3519,sl,-0.0046,-1.0,0.3528,0.352,0.3572,0.3549,0.3543,0.3538,0.3444,0.96
XRP,2022-09-25 18:13:21.757414,2022-09-26 13:13:21.757414,long,0.387,0.3407,0.4333,0.4796,0.5258,0.3407,sl,-0.0463,-1.0,0.3418,0.3664,0.3958,0.3766,0.3718,0.3675,0.3519,1.97
XRP,2022-09-29 05:13:21.757414,2022-09-30 16:13:21.757414,long,0.4226,0.3794,0.4658,0.509,0.5523,0.5523,tp3,0.08,1.85,0.5374,0.385,0.4505,0.4026,0.4809,0.4452,0.393,1.62
XRP,2022-10-18 02:13:21.757414,2022-10-18 09:13:21.757414,long,0.5229,0.5104,0.5354,0.548,0.5605,0.5104,sl,-0.0125,-1.0,0.4989,0.5114,0.5311,0.5176,0.5198,0.5201,0.5001,3.52
XRP,2022-11-01 10:13:21.757414,2022-11-02 04:13:21.757414,short,0.4529,0.4655,0.4403,0.4276,0.415,0.4655,sl,-0.0126,-1.0,0.4656,0.4459,0.4594,0.4564,0.4538,0.4549,0.4612,3.35
XRP,2022-11-05 06:13:21.757414,2022-11-06 21:13:21.757414,long,0.4704,0.4609,0.4799,0.4894,0.4989,0.4609,sl,-0.0019,-0.2,0.4627,0.4646,0.4758,0.4719,0.4681,0.4687,0.4659,0.97
XRP,2022-12-15 20:13:21.757414,2022-12-16 04:13:21.757414,short,0.3845,0.3901,0.3789,0.3733,0.3678,0.3901,sl,-0.0056,-1.0,0.39,0.3813,0.3893,0.3865,0.3868,0.3862,0.3889,1.55
XRP,2022-12-28 14:13:21.757414,2022-12-29 09:13:21.757414,short,0.3388,0.3468,0.3308,0.3227,0.3147,0.3468,sl,-0.008,-1.0,0.3459,0.3386,0.3463,0.3436,0.3438,0.3443,0.3566,0.84
XRP,2023-01-04 06:13:21.757414,2023-01-04 16:13:21.757414,long,0.3697,0.3555,0.3839,0.398,0.4122,0.3555,sl,-0.0142,-1.0,0.356,0.3606,0.3721,0.3674,0.3647,0.3624,0.3563,2.01
XRP,2023-01-23 11:13:21.757414,2023-01-23 19:13:21.757414,long,0.3872,0.3804,0.394,0.4008,0.4076,0.3804,sl,0.0058,0.85,0.3836,0.382,0.3968,0.3867,0.3915,0.389,0.3734,2.81
XRP,2023-02-06 14:13:21.757414,2023-02-06 20:13:21.757414,long,0.4137,0.4075,0.4199,0.4262,0.4324,0.4075,sl,-0.0062,-1.0,0.3993,0.409,0.4145,0.4128,0.4112,0.4112,0.4084,4.11
XRP,2023-02-08 17:13:21.757414,2023-02-09 07:13:21.757414,short,0.4,0.4125,0.3875,0.3751,0.3626,0.4125,sl,-0.0125,-1.0,0.4121,0.3944,0.4071,0.4023,0.403,0.4027,0.405,1.51
XRP,2023-02-17 06:13:21.757414,2023-02-23 11:13:21.757414,short,0.3879,0.404,0.3718,0.3556,0.3395,0.404,sl,-0.0032,-0.2,0.399,0.3644,0.3849,0.3699,0.3906,0.3836,0.3846,2.17
XRP,2023-03-03 20:13:21.757414,2023-03-05 07:13:21.757414,short,0.3887,0.3945,0.3829,0.3771,0.3713,0.3713,tp3,0.0107,1.85,0.3735,0.3723,0.3883,0.3775,0.3774,0.381,0.3874,3.24
XRP,2023-03-06 09:13:21.757414,2023-03-07 02:13:21.757414,short,0.3767,0.3794,0.374,0.3713,0.3686,0.3794,sl,0.0023,0.85,0.3773,0.374,0.3788,0.3771,0.3759,0.3771,0.3836,1.12
XRP,2023-03-10 08:13:21.757414,2023-03-10 12:13:21.757414,short,0.378,0.384,0.372,0.3659,0.3599,0.3599,tp3,0.0181,3.0,0.3607,0.3767,0.3833,0.3784,0.3765,0.3779,0.3806,7.41
XRP,2023-03-20 20:13:21.757414,2023-03-21 01:13:21.757414,short,0.3581,0.3696,0.3466,0.3352,0.3237,0.3696,sl,-0.0115,-1.0,0.3714,0.3545,0.3676,0.3622,0.3637,0.3639,0.3702,2.14
XRP,2023-04-03 12:13:21.757414,2023-04-03 22:13:21.757414,long,0.4522,0.442,0.4624,0.4726,0.4829,0.4829,tp3,0.0189,1.85,0.4813,0.4451,0.4595,0.4471,0.4595,0.4525,0.4294,3.26
XRP,2023-04-24 02:13:21.757414,2023-04-24 10:13:21.757414,long,0.5212,0.516,0.5264,0.5316,0.5368,0.516,sl,-0.0052,-1.0,0.5111,0.5176,0.5224,0.5193,0.5198,0.5197,0.5148,5.3
XRP,2023-05-22 10:13:21.757414,2023-05-22 12:13:21.757414,short,0.4227,0.4286,0.4168,0.4109,0.405,0.4286,sl,-0.0059,-1.0,0.4279,0.4237,0.4278,0.4253,0.426,0.4258,0.4326,1.51
XRP,2023-07-10 18:13:21.757414,2023-07-12 20:13:21.757414,long,0.4838,0.4768,0.4908,0.4977,0.5047,0.4768,sl,-0.0014,-0.2,0.4754,0.4838,0.4905,0.4878,0.4868,0.4863,0.4826,3.81
XRP,2023-07-15 02:13:21.757414,2023-07-18 05:13:21.757414,short,0.4668,0.4774,0.4562,0.4457,0.4351,0.4774,sl,-0.0106,-1.0,0.4791,0.467,0.4728,0.4688,0.4715,0.4702,0.4734,1.93
XRP,2023-08-08 06:13:21.757414,2023-08-12 06:13:21.757414,short,0.7002,0.7195,0.6809,0.6617,0.6424,0.6424,tp3,0.0356,1.85,0.6353,0.6577,0.6743,0.6652,0.66,0.6686,0.6912,4.92
XRP,2023-08-21 16:13:21.757414,2023-08-22 01:13:21.757414,short,0.6278,0.6324,0.6232,0.6186,0.6141,0.6324,sl,-0.0046,-1.0,0.6319,0.6258,0.6311,0.6281,0.6294,0.6295,0.6366,1.02
XRP,2023-09-05 15:13:21.757414,2023-09-06 00:13:21.757414,short,0.5203,0.5263,0.5143,0.5082,0.5022,0.5263,sl,-0.0012,-0.2,0.5411,0.5144,0.5219,0.5206,0.5207,0.521,0.5271,8.49
XRP,2023-09-19 10:13:21.757414,2023-09-22 12:13:21.757414,short,0.4724,0.4976,0.4472,0.422,0.3969,0.4976,sl,-0.0252,-1.0,0.4965,0.4778,0.4868,0.4818,0.489,0.4857,0.4905,1.89
XRP,2023-10-05 00:13:21.757414,2023-10-06 02:13:21.757414,short,0.5003,0.5061,0.4945,0.4886,0.4828,0.5061,sl,-0.0058,-1.0,0.5078,0.4972,0.5031,0.5009,0.5016,0.5016,0.5036,1.98
XRP,2023-10-10 03:13:21.757414,2023-10-10 04:13:21.757414,long,0.5227,0.5164,0.529,0.5352,0.5415,0.5164,sl,-0.0063,-1.0,0.5118,0.5175,0.5244,0.5215,0.5205,0.5197,0.5132,2.6
XRP,2023-10-12 08:13:21.757414,2023-10-16 17:13:21.757414,long,0.5334,0.5115,0.5553,0.5771,0.599,0.5115,sl,-0.0219,-1.0,0.5145,0.5181,0.5232,0.5221,0.5176,0.5196,0.52,2.18
XRP,2023-12-03 03:13:21.757414,2023-12-03 20:13:21.757414,long,0.6207,0.6163,0.6251,0.6295,0.6339,0.6339,tp3,0.0132,3.0,0.6337,0.6181,0.6224,0.6209,0.6219,0.6201,0.6185,5.74
XRP,2023-12-31 19:13:21.757414,2023-12-31 20:13:21.757414,long,0.6205,0.6146,0.6264,0.6322,0.6381,0.6146,sl,-0.0059,-1.0,0.6174,0.6159,0.6229,0.6198,0.618,0.618,0.6178,1.38
XRP,2024-01-12 11:13:21.757414,2024-01-18 08:13:21.757414,short,0.572,0.5999,0.5441,0.5161,0.4882,0.5999,sl,-0.0279,-1.0,0.6077,0.5598,0.5748,0.5673,0.5741,0.5698,0.5786,3.02
XRP,2024-01-23 00:13:21.757414,2024-01-27 02:13:21.757414,short,0.5711,0.5842,0.558,0.5449,0.5318,0.5318,tp3,0.0242,1.85,0.5264,0.5455,0.5679,0.5499,0.5476,0.5556,0.57,4.7
XRP,2024-02-08 06:13:21.757414,2024-02-18 19:13:21.757414,short,0.5056,0.5319,0.4793,0.4529,0.4266,0.5319,sl,-0.0263,-1.0,0.5342,0.5197,0.5264,0.5239,0.526,0.5233,0.5166,4.44
XRP,2024-03-06 23:13:21.757414,2024-03-07 03:13:21.757414,long,0.5873,0.5506,0.624,0.6606,0.6973,0.5506,sl,-0.0367,-1.0,0.5725,0.5561,0.5991,0.5862,0.5825,0.5718,0.5548,5.19
XRP,2024-03-23 21:13:21.757414,2024-04-20 04:13:21.757414,short,0.6306,0.6718,0.5894,0.5482,0.507,0.507,tp3,0.0907,2.2,0.5283,0.6064,0.6189,0.6096,0.5948,0.6044,0.6057,6.71
XRP,2024-05-04 08:13:21.757414,2024-05-06 13:13:21.757414,short,0.5241,0.531,0.5172,0.5104,0.5035,0.5035,tp3,0.0127,1.85,0.5038,0.5119,0.5208,0.5197,0.5155,0.5185,0.5245,2.47
XRP,2024-05-24 01:13:21.757414,2024-06-15 04:13:21.757414,long,0.5185,0.5011,0.5359,0.5532,0.5706,0.5011,sl,0.0148,0.85,0.4905,0.5228,0.5275,0.5254,0.5201,0.5226,0.5233,8.74
XRP,2024-06-28 22:13:21.757414,2024-07-11 11:13:21.757414,short,0.4892,0.4988,0.4796,0.47,0.4603,0.4603,tp3,0.0178,1.85,0.4548,0.4773,0.4866,0.4825,0.4704,0.4753,0.4774,3.15
XRP,2024-08-05 10:13:21.757414,2024-08-06 01:13:21.757414,long,0.6022,0.5944,0.61,0.6178,0.6256,0.5944,sl,-0.0016,-0.2,0.5991,0.5997,0.612,0.6031,0.6049,0.6035,0.5969,1.63
XRP,2024-08-30 12:13:21.757414,2024-08-31 00:13:21.757414,long,0.6,0.5927,0.6073,0.6146,0.6219,0.5927,sl,-0.0073,-1.0,0.5961,0.595,0.6024,0.5992,0.5984,0.598,0.5876,3.59
XRP,2024-10-04 14:13:21.757414,2024-10-05 17:13:21.757414,long,0.5891,0.583,0.5952,0.6012,0.6073,0.6073,tp3,0.0133,2.2,0.608,0.586,0.5919,0.589,0.5908,0.5895,0.5867,5.99
XRP,2024-10-14 07:13:21.757414,2024-10-14 10:13:21.757414,short,0.5302,0.5364,0.524,0.5178,0.5117,0.5364,sl,-0.0062,-1.0,0.5385,0.5297,0.5344,0.5314,0.5327,0.5327,0.5576,2.79
XRP,2024-11-04 13:13:21.757414,2024-11-04 17:13:21.757414,short,0.5133,0.5179,0.5087,0.5041,0.4995,0.5179,sl,-0.0046,-1.0,0.5163,0.5113,0.516,0.5142,0.5148,0.5153,0.5254,3.08
XRP,2024-11-09 01:13:21.757414,2024-11-13 12:13:21.757414,short,0.5162,0.5261,0.5063,0.4965,0.4866,0.5261,sl,0.0084,0.85,0.5295,0.5054,0.5142,0.5108,0.5142,0.5108,0.5132,2.3
XRP,2025-02-19 23:13:21.757414,2025-02-20 08:13:21.757414,short,2.3883,2.4812,2.2954,2.2025,2.1095,2.4812,sl,-0.0929,-1.0,2.4759,2.3815,2.4798,2.4184,2.434,2.4308,2.4838,1.04
XRP,2025-04-01 03:13:21.757414,2025-04-03 03:13:21.757414,long,2.4692,2.3848,2.5536,2.6379,2.7223,2.3848,sl,-0.0844,-1.0,2.389,2.4355,2.472,2.4537,2.4339,2.4384,2.4101,1.52
XRP,2025-04-07 10:13:21.757414,2025-04-08 19:13:21.757414,short,2.0913,2.1896,1.993,1.8948,1.7965,2.1896,sl,-0.0983,-1.0,2.1863,2.0555,2.1428,2.0912,2.1118,2.1179,2.2253,2.29
XRP,2025-04-26 08:13:21.757414,2025-04-28 10:13:21.757414,short,2.0736,2.1029,2.0443,2.0149,1.9856,2.1029,sl,-0.0059,-0.2,2.1025,2.0608,2.0926,2.084,2.0725,2.0742,2.0779,3.75
XRP,2025-05-01 08:13:21.757414,2025-05-01 17:13:21.757414,long,2.2302,2.1484,2.312,2.3937,2.4755,2.1484,sl,-0.0818,-1.0,2.1493,2.1553,2.301,2.2282,2.2005,2.1895,2.1288,1.45
XRP,2025-05-28 19:13:21.757414,2025-05-29 00:13:21.757414,short,2.3392,2.3875,2.2909,2.2427,2.1944,2.3875,sl,-0.0483,-1.0,2.4001,2.3326,2.3937,2.3454,2.3593,2.359,2.3802,1.87
XRP,2025-06-01 07:13:21.757414,2025-06-13 06:13:21.757414,short,2.3428,2.4357,2.2499,2.1569,2.064,2.064,tp3,0.1719,1.85,2.0601,2.19,2.2679,2.2502,2.1774,2.1986,2.2195,5.67
XRP,2025-07-03 05:13:21.757414,2025-07-04 02:13:21.757414,long,2.2057,2.1025,2.3089,2.4121,2.5153,2.1025,sl,-0.1032,-1.0,2.1008,2.1681,2.2091,2.1912,2.1611,2.1657,2.1446,1.69
XRP,2025-07-05 03:13:21.757414,2025-07-05 11:13:21.757414,short,2.092,2.1746,2.0094,1.9269,1.8443,2.1746,sl,-0.0826,-1.0,2.1757,2.0732,2.146,2.0944,2.1197,2.1255,2.1344,1.1
XRP,2025-07-08 01:13:21.757414,2025-07-08 05:13:21.757414,long,2.1928,2.1712,2.2144,2.2361,2.2577,2.2577,tp3,0.04,1.85,2.3197,2.1755,2.1987,2.1871,2.2054,2.1912,2.1624,6.3
XRP,2025-07-14 18:13:21.757414,2025-07-17 05:13:21.757414,long,2.2747,2.2302,2.3192,2.3638,2.4083,2.4083,tp3,0.0824,1.85,2.421,2.2485,2.3586,2.31,2.3593,2.3251,2.2644,2.09
XRP,2025-08-15 21:13:21.757414,2025-08-21 22:13:21.757414,long,3.3364,3.0091,3.6637,3.9909,4.3182,3.0091,sl,-0.3273,-1.0,3.1011,3.2174,3.31,3.274,3.2464,3.2468,3.1973,5.44
XRP,2025-08-24 07:13:21.757414,2025-08-24 15:13:21.757414,short,3.0946,3.1367,3.0525,3.0105,2.9684,3.1367,sl,-0.0421,-1.0,3.122,3.0728,3.1368,3.108,3.1098,3.1141,3.1502,0.83
XRP,2025-08-25 09:13:21.757414,2025-08-27 00:13:21.757414,short,3.0877,3.1374,3.038,2.9884,2.9387,2.9387,tp3,0.0919,1.85,2.9429,2.9576,3.0783,2.9706,3.0137,3.0362,3.1027,2.56
XRP,2025-09-01 03:13:21.757414,2025-09-01 10:13:21.757414,long,3.0515,2.9864,3.1166,3.1816,3.2467,2.9864,sl,-0.013,-0.2,2.9939,3.0093,3.0818,3.0456,3.0312,3.0211,3.0139,1.16
XRP,2025-09-15 15:13:21.757414,2025-09-20 05:13:21.757414,long,2.8927,2.8266,2.9588,3.0248,3.0909,3.0909,tp3,0.1222,1.85,3.09,2.9934,3.0575,3.0334,3.0487,3.0264,2.9502,1.28
XRP,2025-10-16 10:13:21.757414,2025-10-18 06:13:21.757414,short,2.8667,2.9831,2.7503,2.6339,2.5174,2.5174,tp3,0.2561,2.2,2.494,2.7572,2.8542,2.8145,2.7477,2.799,2.8857,4.93
XRP,2025-11-04 16:13:21.757414,2025-11-05 00:13:21.757414,long,2.6482,2.611,2.6854,2.7225,2.7597,2.611,sl,-0.0074,-0.2,2.6314,2.6183,2.66,2.6371,2.6465,2.6338,2.5478,3.01
XRP,2025-11-08 10:13:21.757414,2025-11-11 06:13:21.757414,short,2.5005,2.5728,2.4282,2.3558,2.2835,2.2835,tp3,0.1338,1.85,2.2861,2.4018,2.544,2.5057,2.393,2.4435,2.5052,1.79
XRP,2025-12-14 19:13:21.757414,2025-12-15 03:13:21.757414,short,2.0286,2.0718,1.9854,1.9422,1.8989,2.0718,sl,-0.0432,-1.0,2.0875,2.017,2.0539,2.0285,2.0425,2.0483,2.0954,3.32
XRP,2025-12-22 20:13:21.757414,2025-12-23 11:13:21.757414,short,1.9943,2.0361,1.9525,1.9106,1.8688,1.8688,tp3,0.0774,1.85,1.8726,1.9165,2.0306,1.9937,1.9227,1.9617,2.0201,1.1
XRP,2026-01-01 20:13:21.757414,2026-01-02 01:13:21.757414,short,1.8577,1.887,1.8284,1.7992,1.7699,1.887,sl,-0.0293,-1.0,1.8829,1.8516,1.8803,1.8703,1.8686,1.8725,1.901,2.94
XRP,2026-01-02 06:13:21.757414,2026-01-02 09:13:21.757414,short,1.8688,1.8795,1.8581,1.8474,1.8367,1.8367,tp3,0.0283,2.65,1.8326,1.8545,1.8762,1.8708,1.8638,1.8695,1.8981,2.61
XRP,2026-01-03 00:13:21.757414,2026-01-05 11:13:21.757414,short,1.844,1.8822,1.8058,1.7676,1.7294,1.8822,sl,-0.0382,-1.0,1.8821,1.8415,1.8685,1.8502,1.8674,1.8641,1.8784,3.37
XRP,2026-01-19 01:13:21.757414,2026-01-21 02:13:21.757414,short,2.0893,2.1125,2.0661,2.0429,2.0198,2.1125,sl,0.0197,0.85,2.105,2.0444,2.0881,2.0584,2.0708,2.0724,2.0898,3.29
XRP,2026-01-29 02:13:21.757414,2026-01-29 05:13:21.757414,short,1.8791,1.9605,1.7977,1.7162,1.6348,1.9605,sl,-0.0814,-1.0,1.9734,1.8833,1.9566,1.9066,1.9156,1.9325,2.0098,2.45
XRP,2026-01-30 18:13:21.757414,2026-01-31 03:13:21.757414,short,1.9056,1.9548,1.8564,1.8073,1.7581,1.9548,sl,-0.0492,-1.0,1.9474,1.8961,1.9558,1.9135,1.9199,1.926,1.9804,2.74
XRP,2026-02-07 06:13:21.757414,2026-02-12 11:13:21.757414,short,1.7393,1.8252,1.6534,1.5674,1.4815,1.4815,tp3,0.159,1.85,1.4748,1.5412,1.6223,1.5962,1.5392,1.5713,1.682,1.77
XRP,2026-03-20 10:13:21.757414,2026-03-24 04:13:21.757414,long,1.4064,1.3683,1.4445,1.4826,1.5207,1.5207,tp3,0.0705,1.85,1.5356,1.4179,1.4927,1.4773,1.4814,1.4506,1.4097,2.07
XRP,2026-04-05 09:13:21.757414,2026-04-06 14:13:21.757414,short,1.3333,1.3572,1.3094,1.2854,1.2615,1.3572,sl,-0.0048,-0.2,1.3509,1.3216,1.3477,1.3386,1.3352,1.3376,1.3726,1.41
XRP,2026-04-11 04:13:21.757414,2026-04-12 22:13:21.757414,short,1.318,1.3269,1.3091,1.3002,1.2913,1.2913,tp3,0.0165,1.85,1.2825,1.309,1.324,1.3165,1.3046,1.3109,1.3314,4.18
XRP,2026-05-01 21:13:21.757414,2026-05-04 23:13:21.757414,long,1.4383,1.4084,1.4682,1.4981,1.528,1.4084,sl,-0.0299,-1.0,1.4018,1.4157,1.4326,1.429,1.4213,1.4256,1.4251,2.99
XRP,2026-05-06 22:13:21.757414,2026-05-11 11:13:21.757414,short,1.3833,1.4059,1.3607,1.3381,1.3155,1.4059,sl,-0.0045,-0.2,1.4049,1.3833,1.3946,1.3853,1.3932,1.3902,1.3936,2.98
XRP,2026-05-12 00:13:21.757414,2026-05-15 16:13:21.757414,long,1.4081,1.3786,1.4376,1.467,1.4965,1.3786,sl,-0.0059,-0.2,1.3817,1.4027,1.4477,1.4236,1.3909,1.4014,1.4027,1.38
ADA,2018-05-19 13:13:28.878529,2018-05-22 14:13:28.878529,short,0.321,0.3444,0.2977,0.2743,0.251,0.251,tp3,0.0432,1.85,0.2546,0.2888,0.3255,0.3178,0.2799,0.2974,0.3233,1.95
ADA,2018-05-24 02:13:28.878529,2018-05-24 17:13:28.878529,short,0.258,0.2759,0.2401,0.2222,0.2042,0.2759,sl,-0.0179,-1.0,0.278,0.2546,0.2715,0.2649,0.266,0.2677,0.2988,1.81
ADA,2018-06-04 08:13:28.878529,2018-06-11 14:13:28.878529,short,0.2046,0.2203,0.189,0.1733,0.1577,0.2203,sl,0.0133,0.85,0.221,0.1977,0.213,0.2053,0.2113,0.2055,0.2057,1.99
ADA,2018-06-15 02:13:28.878529,2018-06-15 07:13:28.878529,long,0.2287,0.222,0.2354,0.242,0.2487,0.222,sl,-0.0067,-1.0,0.222,0.2225,0.2326,0.2271,0.2269,0.226,0.217,1.17
ADA,2018-09-03 22:13:28.878529,2018-09-04 01:13:28.878529,short,0.0913,0.0925,0.09,0.0888,0.0876,0.0925,sl,-0.0012,-1.0,0.0922,0.0893,0.0924,0.0912,0.0917,0.0918,0.0962,1.47
ADA,2018-10-03 02:13:28.878529,2018-10-03 14:13:28.878529,long,0.0836,0.0813,0.0858,0.088,0.0903,0.0903,tp3,0.0042,1.85,0.0888,0.082,0.0876,0.0831,0.0849,0.0831,0.0767,4.16
ADA,2018-11-11 06:13:28.878529,2018-11-12 01:13:28.878529,short,0.07,0.0709,0.069,0.0681,0.0671,0.0709,sl,-0.0009,-1.0,0.0714,0.0693,0.0707,0.0703,0.0704,0.0704,0.0723,4.13
ADA,2018-11-15 20:13:28.878529,2018-11-24 07:13:28.878529,long,0.078,0.0736,0.0825,0.0869,0.0913,0.0736,sl,-0.0009,-0.2,0.0726,0.0758,0.0774,0.077,0.0753,0.0759,0.0761,2.71
ADA,2018-11-28 23:13:28.878529,2018-11-29 06:13:28.878529,short,0.0608,0.0624,0.0591,0.0575,0.0559,0.0559,tp3,0.003,1.85,0.055,0.0603,0.0632,0.0607,0.0598,0.0611,0.0663,4.53
ADA,2018-12-06 07:13:28.878529,2018-12-08 12:13:28.878529,short,0.0379,0.04,0.0358,0.0336,0.0315,0.04,sl,-0.0004,-0.2,0.0409,0.0349,0.0379,0.0357,0.0383,0.0376,0.0428,2.93
ADA,2018-12-25 21:13:28.878529,2018-12-26 04:13:28.878529,short,0.0281,0.0292,0.027,0.0259,0.0248,0.0292,sl,-0.0011,-1.0,0.0291,0.0278,0.0287,0.0283,0.0285,0.0286,0.0302,1.01
ADA,2019-01-28 04:13:28.878529,2019-01-28 15:13:28.878529,long,0.0442,0.0434,0.045,0.0459,0.0467,0.0434,sl,-0.0008,-1.0,0.0434,0.0436,0.0446,0.0442,0.044,0.0439,0.0437,1.58
ADA,2019-02-10 12:13:28.878529,2019-02-18 13:13:28.878529,short,0.0378,0.0397,0.0359,0.034,0.0321,0.0397,sl,-0.0004,-0.2,0.0399,0.0362,0.0372,0.0366,0.0376,0.0372,0.0379,3.16
ADA,2019-02-27 19:13:28.878529,2019-02-27 23:13:28.878529,long,0.041,0.0406,0.0414,0.0418,0.0422,0.0422,tp3,0.0007,1.85,0.0418,0.0407,0.0413,0.041,0.0412,0.041,0.0407,2.84
ADA,2019-03-13 08:13:28.878529,2019-03-14 03:13:28.878529,short,0.0424,0.0432,0.0416,0.0408,0.04,0.04,tp3,0.0015,1.85,0.0403,0.0421,0.0426,0.0424,0.0418,0.0422,0.0431,4.21
ADA,2019-03-21 12:13:28.878529,2019-03-29 08:13:28.878529,long,0.0466,0.0447,0.0485,0.0505,0.0524,0.0524,tp3,0.0035,1.85,0.0522,0.0494,0.0504,0.0497,0.05,0.0499,0.0485,5.67
ADA,2019-03-30 22:13:28.878529,2019-03-31 05:13:28.878529,long,0.0532,0.0511,0.0552,0.0572,0.0592,0.0511,sl,-0.002,-1.0,0.0526,0.0513,0.0536,0.053,0.0533,0.0525,0.05,5.68
ADA,2019-04-29 12:13:28.878529,2019-05-09 05:13:28.878529,short,0.0782,0.0826,0.0737,0.0693,0.0648,0.0648,tp3,0.0082,1.85,0.0652,0.0685,0.0711,0.0706,0.0679,0.069,0.072,4.59
ADA,2019-05-17 06:13:28.878529,2019-05-21 00:13:28.878529,short,0.0654,0.069,0.0619,0.0583,0.0548,0.069,sl,-0.0007,-0.2,0.0693,0.0613,0.0648,0.063,0.0644,0.0637,0.0654,3.56
ADA,2019-07-09 16:13:28.878529,2019-07-11 10:13:28.878529,short,0.0866,0.0889,0.0842,0.0819,0.0795,0.0795,tp3,0.0043,1.85,0.0803,0.0815,0.0858,0.0851,0.0826,0.0841,0.0886,2.9
ADA,2019-08-13 21:13:28.878529,2019-08-14 16:13:28.878529,short,0.0564,0.0581,0.0546,0.0529,0.0512,0.0581,sl,-0.0017,-1.0,0.0573,0.0559,0.0572,0.0565,0.0567,0.0569,0.0582,2.83
ADA,2019-09-10 05:13:28.878529,2019-09-11 16:13:28.878529,short,0.0447,0.0453,0.0441,0.0435,0.0429,0.0453,sl,0.0005,0.85,0.0457,0.0436,0.0448,0.044,0.0443,0.0444,0.046,2.32
ADA,2019-09-17 23:13:28.878529,2019-09-18 06:13:28.878529,long,0.0466,0.0453,0.048,0.0493,0.0506,0.0453,sl,-0.0013,-1.0,0.0457,0.0454,0.0472,0.0466,0.0462,0.046,0.0455,0.78
ADA,2019-09-18 08:13:28.878529,2019-09-20 04:13:28.878529,long,0.0466,0.0453,0.0479,0.0493,0.0506,0.0453,sl,-0.0003,-0.2,0.0455,0.0459,0.0476,0.0465,0.0462,0.0464,0.0459,2.11
ADA,2019-09-23 10:13:28.878529,2019-09-23 11:13:28.878529,short,0.0449,0.0457,0.0441,0.0432,0.0424,0.0457,sl,-0.0008,-1.0,0.0458,0.0448,0.0456,0.0451,0.0452,0.0453,0.0455,3.28
ADA,2019-09-24 20:13:28.878529,2019-09-26 14:13:28.878529,long,0.0464,0.0455,0.0474,0.0483,0.0493,0.0493,tp3,0.0018,1.85,0.0499,0.0463,0.048,0.0474,0.0479,0.0472,0.0463,2.94
ADA,2019-10-02 15:13:28.878529,2019-10-03 12:13:28.878529,short,0.0484,0.0497,0.0471,0.0457,0.0444,0.0444,tp3,0.0025,1.85,0.0443,0.0471,0.0496,0.0488,0.0462,0.0475,0.0488,1.01
ADA,2019-10-27 01:13:28.878529,2019-10-30 22:13:28.878529,short,0.039,0.0399,0.0382,0.0374,0.0366,0.0399,sl,0.0007,0.85,0.0396,0.0385,0.0393,0.0391,0.039,0.0389,0.0392,2.93
ADA,2019-11-05 07:13:28.878529,2019-11-05 12:13:28.878529,long,0.0403,0.0399,0.0408,0.0412,0.0416,0.0416,tp3,0.0008,1.85,0.0426,0.0398,0.0418,0.0404,0.0406,0.0402,0.0392,3.2
ADA,2019-11-20 12:13:28.878529,2019-11-23 04:13:28.878529,long,0.0432,0.0422,0.0443,0.0454,0.0464,0.0422,sl,-0.0002,-0.2,0.0423,0.0431,0.0439,0.0433,0.0431,0.0433,0.0431,1.56
ADA,2019-11-24 10:13:28.878529,2019-11-24 18:13:28.878529,short,0.0423,0.0439,0.0408,0.0392,0.0376,0.0439,sl,-0.0016,-1.0,0.0443,0.042,0.0432,0.0425,0.043,0.0429,0.043,2.08
ADA,2019-11-26 04:13:28.878529,2019-11-27 14:13:28.878529,long,0.0439,0.043,0.0448,0.0457,0.0466,0.043,sl,0.0008,0.85,0.0435,0.0443,0.0458,0.0453,0.0448,0.0445,0.0437,3.13
ADA,2019-12-13 14:13:28.878529,2019-12-15 20:13:28.878529,short,0.0374,0.0385,0.0363,0.0351,0.034,0.0385,sl,-0.0011,-1.0,0.0388,0.037,0.0377,0.0373,0.0379,0.0377,0.0381,1.38
ADA,2019-12-21 02:13:28.878529,2019-12-22 05:13:28.878529,short,0.0363,0.0371,0.0355,0.0347,0.0339,0.0371,sl,-0.0008,-1.0,0.0372,0.0362,0.0367,0.0366,0.0367,0.0366,0.0373,1.58
ADA,2020-01-11 10:13:28.878529,2020-01-11 22:13:28.878529,short,0.0328,0.0337,0.0319,0.0311,0.0302,0.0337,sl,-0.0009,-1.0,0.0336,0.0324,0.0334,0.0328,0.0329,0.0331,0.0334,5.34
ADA,2020-01-12 17:13:28.878529,2020-01-15 18:13:28.878529,long,0.0342,0.033,0.0354,0.0366,0.0378,0.0378,tp3,0.0022,1.85,0.0373,0.0342,0.0362,0.0345,0.0362,0.0355,0.0343,3.7
ADA,2020-01-24 03:13:28.878529,2020-02-06 01:13:28.878529,long,0.0415,0.0384,0.0446,0.0477,0.0508,0.0508,tp3,0.0057,1.85,0.0514,0.0431,0.048,0.0439,0.0479,0.0462,0.0444,4.48
ADA,2020-02-15 08:13:28.878529,2020-02-26 04:13:28.878529,long,0.0602,0.0561,0.0643,0.0684,0.0724,0.0561,sl,0.0035,0.85,0.0572,0.0567,0.0651,0.0604,0.0597,0.0623,0.0638,1.7
ADA,2020-02-26 13:13:28.878529,2020-03-17 03:13:28.878529,short,0.059,0.0644,0.0536,0.0483,0.0429,0.0429,tp3,0.0099,1.85,0.0442,0.0486,0.0519,0.0508,0.0471,0.0486,0.0499,4.65
ADA,2020-04-10 09:13:28.878529,2020-04-11 01:13:28.878529,long,0.0303,0.0298,0.0309,0.0314,0.032,0.032,tp3,0.001,1.85,0.0319,0.0296,0.0307,0.0305,0.0311,0.0306,0.0299,1.82
ADA,2020-04-16 14:13:28.878529,2020-04-18 16:13:28.878529,long,0.0365,0.034,0.0391,0.0416,0.0441,0.034,sl,-0.0025,-1.0,0.0337,0.0359,0.0365,0.0361,0.0356,0.0358,0.034,3.18
ADA,2020-05-21 20:13:28.878529,2020-06-05 22:13:28.878529,long,0.0504,0.0477,0.0531,0.0558,0.0585,0.0585,tp3,0.005,1.85,0.0588,0.0534,0.056,0.0551,0.0558,0.055,0.0541,5.65
ADA,2020-06-15 00:13:28.878529,2020-06-15 20:13:28.878529,long,0.0866,0.0851,0.088,0.0895,0.0909,0.0851,sl,-0.0003,-0.2,0.0846,0.0847,0.0871,0.0862,0.0864,0.0862,0.0805,1.5
ADA,2020-07-01 21:13:28.878529,2020-07-03 12:13:28.878529,long,0.0826,0.0796,0.0856,0.0886,0.0916,0.0796,sl,-0.0006,-0.2,0.0799,0.0818,0.0848,0.0828,0.0824,0.0826,0.0812,2.91
ADA,2020-07-05 18:13:28.878529,2020-07-06 04:13:28.878529,short,0.0805,0.082,0.079,0.0774,0.0759,0.0759,tp3,0.0034,2.2,0.076,0.0797,0.0814,0.0807,0.0795,0.0804,0.0809,4.08
ADA,2020-07-30 18:13:28.878529,2020-07-31 05:13:28.878529,short,0.1216,0.1245,0.1188,0.1159,0.113,0.1245,sl,-0.0029,-1.0,0.1238,0.1197,0.1243,0.122,0.122,0.1219,0.1223,2.69
ADA,2020-10-12 02:13:28.878529,2020-10-13 01:13:28.878529,short,0.0935,0.0972,0.0899,0.0863,0.0827,0.0972,sl,-0.0036,-1.0,0.0976,0.0927,0.0947,0.0938,0.0948,0.0947,0.0955,2.4
ADA,2020-10-19 16:13:28.878529,2020-10-28 17:13:28.878529,long,0.108,0.1017,0.1144,0.1207,0.1271,0.1017,sl,-0.0063,-1.0,0.1023,0.1059,0.1094,0.1063,0.1069,0.1071,0.106,3.41
ADA,2020-11-12 13:13:28.878529,2020-11-12 15:13:28.878529,short,0.0927,0.0944,0.091,0.0892,0.0875,0.0944,sl,-0.0017,-1.0,0.0942,0.0903,0.0945,0.0928,0.0932,0.0932,0.0962,1.22
ADA,2020-12-31 03:13:28.878529,2020-12-31 23:13:28.878529,short,0.1537,0.1619,0.1454,0.1371,0.1289,0.1289,tp3,0.0182,2.2,0.1383,0.1484,0.1587,0.1514,0.1472,0.1517,0.1569,3.85
ADA,2021-02-25 18:13:28.878529,2021-02-28 00:13:28.878529,long,0.8891,0.8459,0.9323,0.9755,1.0188,1.0188,tp3,0.0951,2.2,1.048,0.9026,0.9406,0.9216,0.9368,0.9205,0.8661,7.55
ADA,2021-04-10 22:13:28.878529,2021-04-11 16:13:28.878529,long,1.2212,1.1789,1.2635,1.3058,1.3481,1.1789,sl,-0.0423,-1.0,1.1954,1.1908,1.2289,1.2178,1.2095,1.2064,1.1949,1.33
ADA,2021-05-11 07:13:28.878529,2021-05-11 17:13:28.878529,long,1.3482,1.3165,1.3799,1.4116,1.4433,1.3165,sl,-0.0317,-1.0,1.2972,1.3299,1.3693,1.346,1.3487,1.3445,1.3094,2.96
ADA,2021-07-11 22:13:28.878529,2021-07-16 06:13:28.878529,long,1.4347,1.3421,1.5273,1.6199,1.7125,1.3421,sl,-0.0926,-1.0,1.3473,1.3891,1.4437,1.4206,1.3794,1.3982,1.3912,1.15
ADA,2021-07-18 10:13:28.878529,2021-07-19 23:13:28.878529,short,1.323,1.3676,1.2784,1.2337,1.1891,1.3676,sl,-0.0446,-1.0,1.3706,1.3286,1.3477,1.3403,1.3505,1.3462,1.3621,1.86
ADA,2021-07-23 22:13:28.878529,2021-07-27 06:13:28.878529,short,1.2209,1.2542,1.1876,1.1544,1.1211,1.1211,tp3,0.0615,1.85,1.119,1.1641,1.1956,1.1712,1.1665,1.1789,1.234,4.8
ADA,2021-08-17 07:13:28.878529,2021-08-18 04:13:28.878529,long,1.4667,1.4282,1.5052,1.5436,1.5821,1.5821,tp3,0.1019,2.65,1.5749,1.4215,1.492,1.4744,1.4872,1.4659,1.4069,3.45
ADA,2021-08-29 11:13:28.878529,2021-08-29 21:13:28.878529,long,2.4565,2.3975,2.5155,2.5745,2.6334,2.6334,tp3,0.1091,1.85,2.6021,2.4392,2.5314,2.5021,2.5056,2.4532,2.2127,2.0
ADA,2021-09-05 10:13:28.878529,2021-09-14 19:13:28.878529,long,2.862,2.5848,3.1392,3.4164,3.6935,2.5848,sl,-0.2772,-1.0,2.69,2.8325,2.9105,2.8552,2.8276,2.8578,2.855,5.48
ADA,2021-10-15 18:13:28.878529,2021-10-18 08:13:28.878529,long,2.293,2.1836,2.4024,2.5118,2.6211,2.1836,sl,-0.1094,-1.0,2.195,2.2384,2.2782,2.2692,2.2412,2.2512,2.2385,3.63
ADA,2021-10-30 16:13:28.878529,2021-11-03 19:13:28.878529,short,2.152,2.2448,2.0592,1.9664,1.8736,1.8736,tp3,0.2784,3.0,2.002,2.1353,2.1753,2.1503,2.133,2.1464,2.1558,11.02
ADA,2022-01-02 21:13:28.878529,2022-01-03 21:13:28.878529,long,1.444,1.4053,1.4827,1.5214,1.5601,1.5601,tp3,0.0716,1.85,1.581,1.4214,1.4613,1.4377,1.4854,1.4578,1.384,3.25
ADA,2022-01-12 22:13:28.878529,2022-01-13 06:13:28.878529,short,1.328,1.3504,1.3056,1.2833,1.2609,1.2609,tp3,0.0492,2.2,1.256,1.3108,1.3457,1.3282,1.3198,1.328,1.3511,5.66
ADA,2022-02-04 12:13:28.878529,2022-02-09 11:13:28.878529,short,1.035,1.1018,0.9682,0.9014,0.8345,1.1018,sl,-0.0668,-1.0,1.089,1.0303,1.0729,1.0531,1.0681,1.0567,1.0715,1.54
ADA,2022-02-14 08:13:28.878529,2022-02-15 01:13:28.878529,long,1.125,1.0989,1.1511,1.1772,1.2032,1.2032,tp3,0.0482,1.85,1.203,1.1094,1.163,1.1238,1.1649,1.1434,1.1021,2.84
ADA,2022-03-03 10:13:28.878529,2022-03-05 11:13:28.878529,short,0.866,0.919,0.813,0.7601,0.7071,0.919,sl,0.045,0.85,0.914,0.7827,0.9,0.8523,0.8749,0.8629,0.9177,1.68
ADA,2022-03-22 14:13:28.878529,2022-03-23 06:13:28.878529,short,0.792,0.8095,0.7745,0.757,0.7395,0.8095,sl,-0.0175,-1.0,0.813,0.7877,0.806,0.7918,0.7985,0.7973,0.8116,2.01
ADA,2022-04-11 13:13:28.878529,2022-04-13 11:13:28.878529,long,1.182,1.1566,1.2074,1.2328,1.2582,1.1566,sl,0.0216,0.85,1.15,1.1812,1.2202,1.2114,1.1888,1.1917,1.1698,5.24
ADA,2022-05-11 16:13:28.878529,2022-05-11 19:13:28.878529,short,0.7772,0.7945,0.7599,0.7426,0.7253,0.7945,sl,-0.0173,-1.0,0.8066,0.7735,0.7929,0.7791,0.7825,0.7825,0.8118,2.39
ADA,2022-07-10 16:13:28.878529,2022-07-11 06:13:28.878529,short,0.4467,0.4564,0.437,0.4274,0.4177,0.4564,sl,-0.0097,-1.0,0.457,0.4452,0.453,0.4491,0.4504,0.451,0.4645,1.89
ADA,2022-07-25 09:13:28.878529,2022-07-25 22:13:28.878529,long,0.4524,0.4393,0.4655,0.4786,0.4916,0.4916,tp3,0.0242,1.85,0.4881,0.4451,0.4643,0.4537,0.4663,0.4566,0.4487,3.11
ADA,2022-08-01 08:13:28.878529,2022-08-02 01:13:28.878529,long,0.5224,0.4853,0.5595,0.5966,0.6336,0.4853,sl,-0.0371,-1.0,0.4908,0.4916,0.5288,0.5195,0.4991,0.5023,0.4912,1.48
ADA,2022-08-04 03:13:28.878529,2022-08-04 05:13:28.878529,short,0.4646,0.4754,0.4538,0.4429,0.4321,0.4754,sl,-0.0108,-1.0,0.493,0.4549,0.4743,0.4694,0.4696,0.4723,0.4821,5.93
ADA,2022-08-11 19:13:28.878529,2022-08-12 13:13:28.878529,short,0.4994,0.5095,0.4893,0.4792,0.469,0.5095,sl,-0.0101,-1.0,0.5099,0.4948,0.5098,0.5,0.5019,0.5034,0.5061,1.25
ADA,2022-08-14 23:13:28.878529,2022-08-17 01:13:28.878529,long,0.5196,0.5087,0.5305,0.5414,0.5523,0.5087,sl,0.0093,0.85,0.5111,0.5272,0.5451,0.5339,0.5266,0.528,0.5182,2.66
ADA,2022-08-18 07:13:28.878529,2022-08-26 10:13:28.878529,long,0.5349,0.5125,0.5573,0.5797,0.6021,0.5125,sl,0.019,0.85,0.5119,0.5252,0.5616,0.5385,0.5322,0.5405,0.5456,4.71
ADA,2022-08-30 03:13:28.878529,2022-08-31 10:13:28.878529,short,0.4511,0.4672,0.435,0.4189,0.4028,0.4672,sl,-0.0161,-1.0,0.4658,0.4477,0.4638,0.4587,0.4596,0.4583,0.4845,1.26
ADA,2022-09-19 20:13:28.878529,2022-09-20 02:13:28.878529,long,0.5152,0.5073,0.5231,0.531,0.5389,0.5073,sl,-0.0079,-1.0,0.5047,0.5084,0.518,0.5117,0.511,0.5091,0.4938,2.05
ADA,2022-09-22 13:13:28.878529,2022-10-18 10:13:28.878529,short,0.4719,0.4954,0.4484,0.4249,0.4014,0.4014,tp3,0.0435,1.85,0.4012,0.4144,0.4249,0.4225,0.4141,0.4185,0.4258,2.63
ADA,2022-11-13 07:13:28.878529,2022-11-14 10:13:28.878529,long,0.428,0.4059,0.4501,0.4722,0.4942,0.4059,sl,-0.0221,-1.0,0.4021,0.421,0.4309,0.4255,0.4194,0.4201,0.4089,4.32
ADA,2022-12-03 03:13:28.878529,2022-12-03 11:13:28.878529,short,0.3127,0.3184,0.307,0.3012,0.2955,0.3184,sl,-0.0057,-1.0,0.3184,0.3114,0.3178,0.3152,0.3144,0.314,0.3189,1.58
ADA,2022-12-06 11:13:28.878529,2022-12-07 11:13:28.878529,short,0.305,0.3153,0.2947,0.2843,0.274,0.3153,sl,-0.0103,-1.0,0.3182,0.304,0.3121,0.3052,0.31,0.3099,0.3142,4.89
ADA,2022-12-26 14:13:28.878529,2022-12-27 05:13:28.878529,short,0.2647,0.2687,0.2607,0.2567,0.2527,0.2527,tp3,0.0074,1.85,0.2526,0.2624,0.2686,0.2634,0.2626,0.2661,0.2851,3.07
ADA,2023-01-05 06:13:28.878529,2023-01-11 14:13:28.878529,short,0.2511,0.2622,0.24,0.2289,0.2178,0.2622,sl,-0.0022,-0.2,0.2647,0.2511,0.2557,0.2542,0.2544,0.2528,0.2521,4.69
ADA,2023-01-19 06:13:28.878529,2023-01-20 00:13:28.878529,long,0.3177,0.312,0.3234,0.3291,0.3348,0.3348,tp3,0.0105,1.85,0.3306,0.3131,0.3252,0.3229,0.3225,0.3189,0.2978,4.37
ADA,2023-01-25 16:13:28.878529,2023-01-25 20:13:28.878529,long,0.3524,0.3446,0.3602,0.368,0.3758,0.3446,sl,-0.0078,-1.0,0.347,0.3469,0.3541,0.3516,0.3499,0.35,0.3357,0.83
ADA,2023-02-10 05:13:28.878529,2023-02-13 06:13:28.878529,long,0.4127,0.3849,0.4405,0.4684,0.4962,0.3849,sl,-0.0278,-1.0,0.3864,0.3975,0.4054,0.4034,0.3938,0.3971,0.3916,1.58
ADA,2023-02-18 08:13:28.878529,2023-02-22 04:13:28.878529,short,0.3583,0.3824,0.3342,0.3102,0.2861,0.3824,sl,-0.0241,-1.0,0.3808,0.351,0.3654,0.3612,0.3649,0.3621,0.3707,1.51
ADA,2023-03-03 02:13:28.878529,2023-03-05 05:13:28.878529,short,0.3853,0.3944,0.3762,0.367,0.3579,0.3579,tp3,0.0169,1.85,0.3587,0.3593,0.3808,0.364,0.3647,0.371,0.3841,1.74
ADA,2023-03-18 21:13:28.878529,2023-03-20 05:13:28.878529,short,0.3082,0.3171,0.2993,0.2903,0.2814,0.3171,sl,-0.0089,-1.0,0.3157,0.3013,0.3129,0.3044,0.3065,0.3076,0.3213,2.9
ADA,2023-04-11 04:13:28.878529,2023-04-11 07:13:28.878529,long,0.3947,0.3786,0.4108,0.4269,0.443,0.3786,sl,-0.0161,-1.0,0.3838,0.3765,0.395,0.3843,0.3876,0.3872,0.3787,0.97
ADA,2023-04-15 10:13:28.878529,2023-04-15 12:13:28.878529,short,0.3812,0.3867,0.3757,0.3702,0.3647,0.3867,sl,-0.0055,-1.0,0.3865,0.3778,0.3859,0.3819,0.3826,0.3837,0.3837,2.1
ADA,2023-04-16 11:13:28.878529,2023-04-20 21:13:28.878529,long,0.3894,0.3804,0.3984,0.4073,0.4163,0.4163,tp3,0.0166,1.85,0.4113,0.3988,0.41,0.4023,0.4059,0.4022,0.3934,2.14
ADA,2023-05-09 20:13:28.878529,2023-06-13 23:13:28.878529,short,0.385,0.3998,0.3702,0.3554,0.3406,0.3406,tp3,0.0274,1.85,0.3445,0.3463,0.373,0.3515,0.3532,0.3611,0.3693,4.9
ADA,2023-06-21 06:13:28.878529,2023-06-29 02:13:28.878529,short,0.2745,0.284,0.265,0.2556,0.2461,0.284,sl,0.008,0.85,0.2837,0.2548,0.2767,0.2593,0.2767,0.2708,0.2715,2.33
ADA,2023-07-01 01:13:28.878529,2023-07-04 02:13:28.878529,long,0.2994,0.2813,0.3175,0.3356,0.3537,0.2813,sl,-0.0181,-1.0,0.2811,0.2878,0.2981,0.2925,0.2892,0.291,0.2863,4.07
ADA,2023-07-21 01:13:28.878529,2023-08-15 02:13:28.878529,long,0.3112,0.2873,0.3351,0.359,0.3829,0.2873,sl,0.0203,0.85,0.286,0.2916,0.2946,0.2925,0.292,0.2929,0.2983,5.78
ADA,2023-08-20 01:13:28.878529,2023-08-23 05:13:28.878529,short,0.2938,0.2978,0.2898,0.2859,0.2819,0.2819,tp3,0.0087,2.2,0.2814,0.2888,0.2916,0.2898,0.2885,0.2898,0.2932,11.23
ADA,2023-09-14 00:13:28.878529,2023-09-14 03:13:28.878529,short,0.2558,0.2584,0.2532,0.2505,0.2479,0.2584,sl,-0.0026,-1.0,0.2583,0.2553,0.2579,0.2562,0.2564,0.2565,0.2582,4.05
ADA,2023-09-16 22:13:28.878529,2023-09-17 14:13:28.878529,short,0.2542,0.2579,0.2505,0.2468,0.2432,0.2432,tp3,0.0081,2.2,0.2478,0.2525,0.2572,0.2538,0.2526,0.2539,0.2563,9.67
ADA,2023-09-28 01:13:28.878529,2023-09-28 05:13:28.878529,long,0.2552,0.2519,0.2585,0.2619,0.2652,0.2519,sl,-0.0033,-1.0,0.2511,0.2524,0.2564,0.2553,0.2538,0.2535,0.2516,3.95
ADA,2023-10-01 10:13:28.878529,2023-10-03 10:13:28.878529,short,0.245,0.2467,0.2433,0.2416,0.24,0.2467,sl,0.0014,0.85,0.2467,0.2438,0.2458,0.2449,0.245,0.245,0.2473,1.23
ADA,2023-10-21 08:13:28.878529,2023-10-22 11:13:28.878529,short,0.2461,0.2481,0.2441,0.2421,0.2402,0.2481,sl,-0.002,-1.0,0.2475,0.2454,0.2475,0.2462,0.2468,0.2466,0.2498,1.87
ADA,2023-12-13 01:13:28.878529,2023-12-13 08:13:28.878529,long,0.4032,0.3961,0.4103,0.4175,0.4246,0.4246,tp3,0.0132,1.85,0.4222,0.3971,0.4123,0.4024,0.41,0.4045,0.3929,1.02
ADA,2023-12-28 16:13:28.878529,2024-01-03 03:13:28.878529,long,0.5946,0.5735,0.6157,0.6368,0.6579,0.5735,sl,0.0179,0.85,0.5867,0.6017,0.6246,0.6194,0.6102,0.6113,0.6052,3.53
ADA,2024-01-11 11:13:28.878529,2024-02-25 10:13:28.878529,short,0.5517,0.6211,0.4823,0.4129,0.3435,0.6211,sl,-0.0139,-0.2,0.6193,0.5857,0.6083,0.5885,0.5944,0.5912,0.5675,3.62
ADA,2024-03-25 19:13:28.878529,2024-03-26 19:13:28.878529,short,0.6745,0.7013,0.6477,0.6208,0.594,0.594,tp3,0.0496,1.85,0.6178,0.6463,0.6858,0.6809,0.638,0.6577,0.6985,2.4
ADA,2024-04-16 21:13:28.878529,2024-04-17 09:13:28.878529,long,0.6118,0.5921,0.6315,0.6512,0.6709,0.5921,sl,-0.0197,-1.0,0.5912,0.598,0.6167,0.6083,0.6024,0.6015,0.6001,0.55
ADA,2024-04-23 13:13:28.878529,2024-04-23 17:13:28.878529,short,0.4564,0.4732,0.4396,0.4229,0.4061,0.4732,sl,-0.0168,-1.0,0.4741,0.4441,0.4722,0.4582,0.4628,0.4689,0.5209,1.06
ADA,2024-05-18 18:13:28.878529,2024-05-24 14:13:28.878529,short,0.445,0.4633,0.4267,0.4084,0.3901,0.4633,sl,-0.0037,-0.2,0.4638,0.4465,0.4612,0.4561,0.4576,0.4519,0.4475,2.03
ADA,2024-06-02 22:13:28.878529,2024-06-03 11:13:28.878529,short,0.4595,0.4634,0.4556,0.4517,0.4478,0.4634,sl,-0.0008,-0.2,0.4629,0.4578,0.4619,0.4592,0.4599,0.4611,0.4675,1.15
ADA,2024-06-03 15:13:28.878529,2024-06-03 23:13:28.878529,short,0.4591,0.4632,0.455,0.4509,0.4468,0.4632,sl,-0.0041,-1.0,0.4667,0.4578,0.4619,0.4592,0.4608,0.4611,0.4667,2.92
ADA,2024-06-04 22:13:28.878529,2024-06-14 19:13:28.878529,short,0.4582,0.4687,0.4477,0.4372,0.4267,0.4687,sl,-0.0021,-0.2,0.4672,0.4574,0.4621,0.4606,0.4607,0.4598,0.4576,2.67
ADA,2024-06-17 17:13:28.878529,2024-06-17 19:13:28.878529,short,0.4359,0.4439,0.4279,0.4199,0.412,0.4439,sl,-0.008,-1.0,0.4492,0.4337,0.4421,0.436,0.4416,0.4427,0.4506,3.19
ADA,2024-06-24 15:13:28.878529,2024-06-25 02:13:28.878529,short,0.4114,0.4167,0.4061,0.4008,0.3955,0.3955,tp3,0.0098,1.85,0.4045,0.4058,0.4185,0.4121,0.4075,0.4111,0.4234,5.04
ADA,2024-08-07 14:13:28.878529,2024-08-10 01:13:28.878529,short,0.402,0.4142,0.3898,0.3776,0.3654,0.3654,tp3,0.0226,1.85,0.3681,0.3746,0.394,0.3851,0.3818,0.387,0.4015,5.28
ADA,2024-08-22 15:13:28.878529,2024-08-23 19:13:28.878529,short,0.3361,0.3426,0.3296,0.3231,0.3166,0.3426,sl,0.0055,0.85,0.3442,0.3266,0.3446,0.3367,0.3308,0.3328,0.3393,1.66
ADA,2024-08-28 12:13:28.878529,2024-08-30 16:13:28.878529,long,0.3456,0.333,0.3582,0.3709,0.3835,0.3835,tp3,0.0234,1.85,0.3817,0.3578,0.3795,0.3694,0.374,0.3671,0.3503,2.8
ADA,2024-09-20 09:13:28.878529,2024-09-23 06:13:28.878529,long,0.3564,0.3412,0.3716,0.3868,0.402,0.3412,sl,-0.0152,-1.0,0.3412,0.3495,0.3629,0.3544,0.3483,0.3516,0.3474,1.18
ADA,2024-09-29 09:13:28.878529,2024-09-29 16:13:28.878529,long,0.3584,0.3517,0.3651,0.3717,0.3784,0.3517,sl,-0.0067,-1.0,0.3525,0.3535,0.3603,0.3574,0.3552,0.354,0.3477,0.89
ADA,2024-10-10 14:13:28.878529,2024-10-14 11:13:28.878529,short,0.3476,0.3636,0.3316,0.3156,0.2997,0.3636,sl,-0.016,-1.0,0.3671,0.3498,0.3547,0.3515,0.355,0.3526,0.3596,2.33
ADA,2024-10-30 00:13:28.878529,2024-10-30 19:13:28.878529,long,0.3651,0.3574,0.3728,0.3805,0.3882,0.3574,sl,-0.0077,-1.0,0.3582,0.3591,0.3667,0.3633,0.363,0.3622,0.3572,1.55
ADA,2024-11-01 10:13:28.878529,2024-11-06 09:13:28.878529,short,0.345,0.3563,0.3337,0.3223,0.311,0.3563,sl,0.0096,0.85,0.3561,0.3375,0.3519,0.3473,0.3504,0.3456,0.3447,0.6
ADA,2024-11-11 23:13:28.878529,2024-11-13 12:13:28.878529,short,0.3292,0.3481,0.3103,0.2915,0.2726,0.3481,sl,-0.0189,-1.0,0.3507,0.3267,0.336,0.3318,0.3358,0.3345,0.341,2.56
ADA,2024-11-21 17:13:28.878529,2024-11-22 00:13:28.878529,long,0.581,0.5518,0.6102,0.6394,0.6685,0.5518,sl,-0.0292,-1.0,0.5457,0.5529,0.6148,0.5782,0.5688,0.5694,0.5137,2.36
ADA,2025-01-14 00:13:28.878529,2025-01-15 01:13:28.878529,long,1.0915,1.0683,1.1147,1.1379,1.1611,1.0683,sl,0.0197,0.85,1.0452,1.0693,1.1086,1.087,1.1057,1.0952,1.0251,7.08
ADA,2025-03-30 22:13:28.878529,2025-03-31 05:13:28.878529,short,0.7094,0.7146,0.7042,0.699,0.6939,0.6939,tp3,0.0096,1.85,0.6992,0.7041,0.7142,0.7107,0.7067,0.709,0.719,2.19
ADA,2025-05-15 05:13:28.878529,2025-05-15 11:13:28.878529,short,0.6593,0.6809,0.6377,0.6162,0.5946,0.6809,sl,-0.0216,-1.0,0.6796,0.6523,0.6795,0.661,0.6709,0.6709,0.6817,1.82
ADA,2025-05-26 03:13:28.878529,2025-05-29 02:13:28.878529,short,0.7545,0.772,0.737,0.7194,0.7019,0.772,sl,0.0149,0.85,0.7764,0.7256,0.7504,0.7432,0.7546,0.7476,0.7554,2.04
ADA,2025-06-05 14:13:28.878529,2025-06-06 10:13:28.878529,short,0.7507,0.7699,0.7315,0.7122,0.693,0.693,tp3,0.0423,2.2,0.6922,0.7393,0.7611,0.7511,0.7339,0.7438,0.7555,7.14
ADA,2025-06-18 04:13:28.878529,2025-06-20 05:13:28.878529,long,0.7075,0.6724,0.7426,0.7776,0.8127,0.6724,sl,-0.0351,-1.0,0.6685,0.6966,0.7292,0.7187,0.6866,0.6939,0.6886,2.64
ADA,2025-07-07 05:13:28.878529,2025-07-07 08:13:28.878529,short,0.5588,0.567,0.5506,0.5425,0.5343,0.567,sl,-0.0082,-1.0,0.5796,0.558,0.5657,0.5599,0.5626,0.5619,0.5697,5.1
ADA,2025-09-01 03:13:28.878529,2025-09-01 10:13:28.878529,long,0.9223,0.8905,0.9541,0.9859,1.0178,0.8905,sl,-0.0064,-0.2,0.8962,0.8976,0.9326,0.9119,0.9107,0.9071,0.895,1.76
ADA,2025-09-04 05:13:28.878529,2025-09-04 18:13:28.878529,short,0.8629,0.8771,0.8487,0.8344,0.8202,0.8771,sl,-0.0028,-0.2,0.871,0.8513,0.8745,0.86,0.8643,0.864,0.8765,1.3
ADA,2025-10-09 22:13:28.878529,2025-10-16 18:13:28.878529,long,0.8554,0.8052,0.9056,0.9558,1.006,0.8052,sl,-0.0502,-1.0,0.8027,0.8107,0.8441,0.8232,0.8236,0.831,0.838,2.89
ADA,2025-12-01 09:13:28.878529,2025-12-01 12:13:28.878529,short,0.4085,0.4159,0.4011,0.3938,0.3864,0.4159,sl,-0.0074,-1.0,0.416,0.4011,0.415,0.411,0.4115,0.4121,0.4479,2.16
ADA,2025-12-14 05:13:28.878529,2025-12-16 03:13:28.878529,short,0.413,0.441,0.385,0.357,0.329,0.441,sl,-0.028,-1.0,0.4379,0.4099,0.4308,0.4161,0.4304,0.4258,0.4242,1.16
ADA,2026-01-19 01:13:28.878529,2026-01-19 02:13:28.878529,short,0.3906,0.3948,0.3864,0.3821,0.3779,0.3948,sl,-0.0042,-1.0,0.3937,0.3872,0.394,0.391,0.3919,0.3921,0.3924,3.34
ADA,2026-01-19 06:13:28.878529,2026-01-19 11:13:28.878529,short,0.3896,0.3953,0.3839,0.3781,0.3724,0.3953,sl,-0.0057,-1.0,0.3946,0.3878,0.3935,0.3906,0.3919,0.392,0.3924,1.53
ADA,2026-02-04 03:13:28.878529,2026-02-04 04:13:28.878529,short,0.3503,0.357,0.3436,0.337,0.3303,0.357,sl,-0.0067,-1.0,0.3557,0.3423,0.3563,0.3514,0.3517,0.3516,0.3602,1.13
ADA,2026-02-07 06:13:28.878529,2026-02-13 01:13:28.878529,short,0.3236,0.3425,0.3047,0.2858,0.2668,0.2668,tp3,0.035,1.85,0.2623,0.2813,0.3003,0.2837,0.2782,0.2857,0.3065,5.5
ADA,2026-02-27 14:13:28.878529,2026-02-28 01:13:28.878529,short,0.2725,0.2812,0.2638,0.2552,0.2465,0.2812,sl,-0.0087,-1.0,0.2888,0.2687,0.278,0.2734,0.2762,0.276,0.2776,5.94
ADA,2026-03-14 13:13:28.878529,2026-03-18 01:13:28.878529,short,0.2587,0.2729,0.2445,0.2303,0.216,0.2729,sl,-0.0142,-1.0,0.2714,0.2505,0.2609,0.2566,0.263,0.2595,0.2632,2.97
ADA,2026-03-23 07:13:28.878529,2026-03-23 15:13:28.878529,long,0.2667,0.2601,0.2733,0.2798,0.2864,0.2864,tp3,0.0121,1.85,0.2884,0.2591,0.2662,0.2647,0.2711,0.2673,0.2649,3.24
ADA,2026-05-02 18:13:28.878529,2026-05-04 16:13:28.878529,long,0.2521,0.2466,0.2576,0.2632,0.2687,0.2466,sl,-0.0055,-1.0,0.2479,0.2505,0.2538,0.252,0.2521,0.2516,0.2504,1.56
ADA,2026-05-05 12:13:28.878529,2026-05-06 20:13:28.878529,short,0.2474,0.2533,0.2415,0.2355,0.2296,0.2533,sl,-0.0059,-1.0,0.2525,0.2449,0.2483,0.2471,0.2489,0.2484,0.2492,2.74
ADA,2026-05-07 14:13:28.878529,2026-05-08 23:13:28.878529,short,0.2449,0.2506,0.2392,0.2335,0.2279,0.2506,sl,-0.0057,-1.0,0.2505,0.2431,0.2491,0.2464,0.248,0.2473,0.2482,2.99
ADA,2026-05-12 00:13:28.878529,2026-05-13 18:13:28.878529,long,0.2524,0.2475,0.2573,0.2622,0.2671,0.2671,tp3,0.0091,1.85,0.2721,0.2478,0.2602,0.2513,0.2621,0.2579,0.2521,4.17
DOGE,2019-08-06 06:13:39.486774,2019-08-10 08:13:39.486774,short,0.0028,0.0029,0.0027,0.0025,0.0024,0.0029,sl,-0.0001,-1.0,0.0029,0.0027,0.0028,0.0028,0.0028,0.0028,0.0028,7.43
DOGE,2019-08-22 03:13:39.486774,2019-08-22 20:13:39.486774,short,0.0029,0.0029,0.0028,0.0028,0.0028,0.0028,tp3,0.0001,2.2,0.0028,0.0028,0.0029,0.0029,0.0028,0.0029,0.0029,5.54
DOGE,2019-09-01 08:13:39.486774,2019-09-01 11:13:39.486774,short,0.0026,0.0027,0.0026,0.0025,0.0025,0.0027,sl,-0.0,-1.0,0.0027,0.0026,0.0026,0.0026,0.0026,0.0026,0.0027,2.44
DOGE,2019-09-03 12:13:39.486774,2019-09-03 22:13:39.486774,short,0.0026,0.0027,0.0026,0.0025,0.0025,0.0027,sl,-0.0,-1.0,0.0027,0.0026,0.0026,0.0026,0.0026,0.0026,0.0027,2.88
DOGE,2019-09-26 12:13:39.486774,2019-09-26 21:13:39.486774,long,0.0025,0.0024,0.0025,0.0026,0.0026,0.0026,tp3,0.0001,1.85,0.0026,0.0024,0.0025,0.0024,0.0025,0.0025,0.0024,2.03
DOGE,2019-10-05 00:13:39.486774,2019-10-09 10:13:39.486774,short,0.0022,0.0024,0.0019,0.0017,0.0014,0.0024,sl,-0.0002,-1.0,0.0023,0.0021,0.0023,0.0022,0.0022,0.0022,0.0023,2.87
DOGE,2019-10-17 19:13:39.486774,2019-10-18 01:13:39.486774,long,0.0023,0.0023,0.0023,0.0023,0.0024,0.0023,sl,-0.0,-1.0,0.0023,0.0023,0.0023,0.0023,0.0023,0.0023,0.0023,3.81
DOGE,2019-12-25 12:13:39.486774,2019-12-25 15:13:39.486774,short,0.0021,0.0021,0.002,0.002,0.0019,0.0021,sl,-0.0001,-1.0,0.0021,0.0021,0.0021,0.0021,0.0021,0.0021,0.0021,1.89
DOGE,2020-01-04 19:13:39.486774,2020-01-05 17:13:39.486774,short,0.002,0.002,0.002,0.0019,0.0019,0.002,sl,-0.0,-1.0,0.002,0.002,0.002,0.002,0.002,0.002,0.002,3.16
DOGE,2020-01-08 01:13:39.486774,2020-01-08 03:13:39.486774,long,0.002,0.002,0.0021,0.0021,0.0021,0.002,sl,-0.0,-1.0,0.002,0.002,0.002,0.002,0.002,0.002,0.002,0.51
DOGE,2020-01-09 21:13:39.486774,2020-01-10 15:13:39.486774,short,0.002,0.002,0.002,0.002,0.0019,0.002,sl,-0.0,-1.0,0.002,0.002,0.002,0.002,0.002,0.002,0.002,1.28
DOGE,2020-01-19 04:13:39.486774,2020-01-23 12:13:39.486774,long,0.0022,0.0021,0.0022,0.0023,0.0024,0.0024,tp3,0.0001,1.85,0.0023,0.0022,0.0022,0.0022,0.0022,0.0022,0.0022,3.34
DOGE,2020-02-08 06:13:39.486774,2020-02-08 10:13:39.486774,long,0.0024,0.0024,0.0024,0.0024,0.0025,0.0024,sl,-0.0,-1.0,0.0024,0.0024,0.0024,0.0024,0.0024,0.0024,0.0024,3.13
DOGE,2020-02-10 00:13:39.486774,2020-02-13 18:13:39.486774,long,0.0024,0.0024,0.0024,0.0025,0.0025,0.0025,tp3,0.0001,1.85,0.0026,0.0024,0.0025,0.0024,0.0025,0.0024,0.0024,6.0
DOGE,2020-03-01 18:13:39.486774,2020-03-03 11:13:39.486774,short,0.0026,0.0027,0.0026,0.0025,0.0024,0.0027,sl,-0.0001,-1.0,0.0027,0.0026,0.0027,0.0026,0.0026,0.0026,0.0027,1.1
DOGE,2020-03-03 17:13:39.486774,2020-03-05 05:13:39.486774,short,0.0026,0.0027,0.0025,0.0025,0.0024,0.0024,tp3,0.0001,1.85,0.0024,0.0025,0.0026,0.0026,0.0025,0.0026,0.0027,2.22
DOGE,2020-03-18 01:13:39.486774,2020-03-20 21:13:39.486774,short,0.0022,0.0023,0.002,0.0018,0.0016,0.0016,tp3,0.0004,2.2,0.0017,0.0021,0.0022,0.0022,0.0021,0.0021,0.0023,5.08
DOGE,2020-03-23 23:13:39.486774,2020-03-24 08:13:39.486774,short,0.0017,0.0018,0.0016,0.0016,0.0015,0.0018,sl,-0.0001,-1.0,0.0018,0.0017,0.0017,0.0017,0.0017,0.0017,0.0019,3.35
DOGE,2020-04-06 17:13:39.486774,2020-04-08 08:13:39.486774,short,0.0018,0.0018,0.0017,0.0016,0.0015,0.0018,sl,-0.0001,-1.0,0.0018,0.0017,0.0018,0.0018,0.0018,0.0018,0.0018,2.48
DOGE,2020-05-29 23:13:39.486774,2020-05-31 23:13:39.486774,short,0.0025,0.0026,0.0024,0.0023,0.0022,0.0026,sl,-0.0001,-1.0,0.0026,0.0025,0.0025,0.0025,0.0025,0.0025,0.0025,2.4
DOGE,2020-06-05 06:13:39.486774,2020-06-05 09:13:39.486774,short,0.0025,0.0025,0.0024,0.0024,0.0023,0.0025,sl,-0.0001,-1.0,0.0025,0.0025,0.0025,0.0025,0.0025,0.0025,0.0025,4.21
DOGE,2020-06-10 01:13:39.486774,2020-06-10 05:13:39.486774,long,0.0026,0.0026,0.0026,0.0026,0.0027,0.0026,sl,-0.0,-1.0,0.0026,0.0026,0.0026,0.0026,0.0026,0.0026,0.0025,5.31
DOGE,2020-06-17 09:13:39.486774,2020-06-20 01:13:39.486774,short,0.0025,0.0026,0.0025,0.0024,0.0024,0.0024,tp3,0.0002,3.0,0.0024,0.0025,0.0026,0.0026,0.0025,0.0026,0.0026,6.24
DOGE,2020-06-29 12:13:39.486774,2020-06-29 16:13:39.486774,short,0.0024,0.0025,0.0024,0.0024,0.0024,0.0025,sl,-0.0,-1.0,0.0025,0.0024,0.0024,0.0024,0.0024,0.0024,0.0025,2.48
DOGE,2020-07-05 18:13:39.486774,2020-07-14 21:13:39.486774,short,0.0024,0.0024,0.0023,0.0023,0.0022,0.0024,sl,-0.0,-0.2,0.0024,0.0023,0.0023,0.0023,0.0023,0.0023,0.0023,2.76
DOGE,2020-08-07 20:13:39.486774,2020-08-08 01:13:39.486774,short,0.0032,0.0032,0.0031,0.003,0.003,0.0032,sl,-0.0001,-1.0,0.0032,0.0032,0.0032,0.0032,0.0032,0.0032,0.0032,3.87
DOGE,2020-08-22 02:13:39.486774,2020-08-22 06:13:39.486774,short,0.0034,0.0035,0.0034,0.0033,0.0033,0.0035,sl,-0.0001,-1.0,0.0035,0.0034,0.0035,0.0035,0.0034,0.0034,0.0035,0.7
DOGE,2020-09-01 08:13:39.486774,2020-09-01 15:13:39.486774,short,0.0034,0.0034,0.0034,0.0033,0.0033,0.0034,sl,-0.0,-0.2,0.0034,0.0034,0.0034,0.0034,0.0034,0.0034,0.0034,0.59
DOGE,2020-09-02 09:13:39.486774,2020-09-02 19:13:39.486774,short,0.0034,0.0034,0.0034,0.0033,0.0033,0.0033,tp3,0.0001,2.2,0.0033,0.0034,0.0034,0.0034,0.0034,0.0034,0.0034,2.61
DOGE,2020-09-09 17:13:39.486774,2020-09-11 18:13:39.486774,short,0.0032,0.0033,0.0032,0.0031,0.003,0.003,tp3,0.0001,1.85,0.0029,0.0031,0.0033,0.0032,0.0031,0.0031,0.0032,6.28
DOGE,2020-09-26 14:13:39.486774,2020-09-29 16:13:39.486774,short,0.0028,0.0028,0.0028,0.0027,0.0027,0.0027,tp3,0.0001,1.85,0.0027,0.0028,0.0028,0.0028,0.0028,0.0028,0.0028,2.72
DOGE,2020-10-06 04:13:39.486774,2020-10-07 00:13:39.486774,long,0.0027,0.0027,0.0027,0.0028,0.0028,0.0027,sl,-0.0,-0.2,0.0027,0.0027,0.0027,0.0027,0.0027,0.0027,0.0027,1.36
DOGE,2020-10-09 21:13:39.486774,2020-10-12 19:13:39.486774,short,0.0026,0.0027,0.0026,0.0026,0.0025,0.0027,sl,0.0,0.85,0.0026,0.0026,0.0026,0.0026,0.0026,0.0026,0.0026,3.22
DOGE,2020-10-19 11:13:39.486774,2020-10-20 16:13:39.486774,long,0.0027,0.0026,0.0027,0.0028,0.0028,0.0026,sl,-0.0,-1.0,0.0026,0.0027,0.0027,0.0027,0.0027,0.0027,0.0026,1.85
DOGE,2020-10-20 21:13:39.486774,2020-10-21 05:13:39.486774,long,0.0027,0.0027,0.0027,0.0027,0.0028,0.0027,sl,-0.0,-0.2,0.0027,0.0027,0.0027,0.0027,0.0027,0.0027,0.0026,1.77
DOGE,2020-10-23 06:13:39.486774,2020-10-30 07:13:39.486774,short,0.0026,0.0027,0.0026,0.0025,0.0025,0.0027,sl,-0.0,-0.2,0.0027,0.0026,0.0026,0.0026,0.0026,0.0026,0.0026,1.08
DOGE,2020-10-31 11:13:39.486774,2020-11-03 09:13:39.486774,long,0.0027,0.0026,0.0027,0.0028,0.0028,0.0028,tp3,0.0002,3.0,0.0029,0.0026,0.0027,0.0026,0.0027,0.0027,0.0026,13.06
DOGE,2020-11-08 08:13:39.486774,2020-11-11 09:13:39.486774,short,0.0026,0.0026,0.0026,0.0025,0.0025,0.0025,tp3,0.0,1.85,0.0025,0.0025,0.0026,0.0026,0.0025,0.0025,0.0026,2.75
DOGE,2020-11-27 03:13:39.486774,2020-11-27 14:13:39.486774,long,0.0029,0.0029,0.003,0.003,0.0031,0.0029,sl,-0.0001,-1.0,0.0029,0.0029,0.003,0.0029,0.0029,0.0029,0.0028,1.2
DOGE,2021-01-03 23:13:39.486774,2021-01-04 11:13:39.486774,long,0.0045,0.0044,0.0046,0.0047,0.0047,0.0044,sl,0.0001,0.85,0.0045,0.0044,0.0046,0.0045,0.0046,0.0045,0.0043,1.57
DOGE,2021-01-12 15:13:39.486774,2021-01-12 17:13:39.486774,long,0.0102,0.0091,0.0114,0.0125,0.0137,0.0091,sl,-0.0012,-1.0,0.0092,0.0086,0.012,0.0102,0.0097,0.0096,0.0071,0.79
DOGE,2021-01-27 04:13:39.486774,2021-01-27 15:13:39.486774,long,0.0092,0.009,0.0094,0.0097,0.0099,0.009,sl,0.0002,0.85,0.0092,0.009,0.0093,0.0091,0.0093,0.0092,0.0091,1.54
DOGE,2021-01-31 02:13:39.486774,2021-01-31 05:13:39.486774,short,0.0084,0.0087,0.0082,0.0079,0.0076,0.0087,sl,-0.0003,-1.0,0.0088,0.0082,0.0087,0.0084,0.0085,0.0086,0.0088,0.81
DOGE,2021-03-26 07:13:39.486774,2021-03-26 18:13:39.486774,long,0.0582,0.057,0.0593,0.0605,0.0616,0.057,sl,-0.0011,-1.0,0.0576,0.0576,0.0586,0.0581,0.0579,0.0579,0.0571,0.84
DOGE,2021-06-27 13:13:39.486774,2021-06-28 23:13:39.486774,short,0.2908,0.3037,0.2779,0.265,0.2521,0.2521,tp3,0.0239,1.85,0.2551,0.2586,0.2852,0.2666,0.2722,0.2797,0.3012,2.51
DOGE,2021-07-14 06:13:39.486774,2021-07-21 17:13:39.486774,short,0.2342,0.2472,0.2211,0.208,0.1949,0.1949,tp3,0.0242,1.85,0.1937,0.1984,0.2118,0.2042,0.2014,0.2057,0.2178,2.0
DOGE,2021-08-16 02:13:39.486774,2021-09-15 04:13:39.486774,long,0.2659,0.2231,0.3087,0.3516,0.3944,0.2231,sl,0.0364,0.85,0.2519,0.2995,0.3165,0.3072,0.2875,0.2973,0.2965,6.83
DOGE,2021-10-09 22:13:39.486774,2021-10-13 02:13:39.486774,long,0.2175,0.2045,0.2305,0.2436,0.2566,0.2566,tp3,0.0241,1.85,0.2598,0.2227,0.2475,0.239,0.2397,0.2319,0.2192,4.6
DOGE,2021-10-25 09:13:39.486774,2021-10-25 19:13:39.486774,long,0.2381,0.2351,0.2411,0.244,0.247,0.247,tp3,0.0055,1.85,0.2501,0.2349,0.2414,0.2377,0.2394,0.2378,0.2353,3.43
DOGE,2021-11-19 18:13:39.486774,2021-11-23 21:13:39.486774,short,0.2606,0.2727,0.2485,0.2363,0.2242,0.2242,tp3,0.0267,2.2,0.2373,0.2509,0.2719,0.2628,0.2499,0.2554,0.2614,5.88
DOGE,2021-12-13 11:13:39.486774,2021-12-14 12:13:39.486774,short,0.1672,0.1809,0.1535,0.1397,0.126,0.1809,sl,-0.0137,-1.0,0.1794,0.1646,0.1767,0.1688,0.1732,0.1737,0.1913,1.14
DOGE,2022-01-03 06:13:39.486774,2022-01-04 11:13:39.486774,long,0.1907,0.1858,0.1956,0.2006,0.2055,0.1858,sl,-0.0049,-1.0,0.185,0.1885,0.1921,0.1901,0.1897,0.1894,0.183,3.14
DOGE,2022-01-07 02:13:39.486774,2022-01-13 06:13:39.486774,short,0.1722,0.177,0.1674,0.1626,0.1578,0.1578,tp3,0.0105,2.2,0.1599,0.1687,0.1714,0.1699,0.1684,0.1696,0.1727,8.09
DOGE,2022-01-28 07:13:39.486774,2022-01-28 12:13:39.486774,short,0.1641,0.1677,0.1605,0.1569,0.1533,0.1533,tp3,0.0067,1.85,0.1506,0.1608,0.1682,0.1652,0.161,0.1634,0.1676,2.09
DOGE,2022-03-10 01:13:39.486774,2022-03-10 17:13:39.486774,long,0.1339,0.1306,0.1372,0.1404,0.1437,0.1306,sl,-0.0033,-1.0,0.1323,0.1316,0.1347,0.133,0.1328,0.1323,0.1306,1.22
DOGE,2022-04-23 09:13:39.486774,2022-04-25 10:13:39.486774,long,0.1461,0.1403,0.1519,0.1577,0.1635,0.1403,sl,-0.0058,-1.0,0.1392,0.1417,0.1452,0.144,0.1427,0.1433,0.1436,4.16
DOGE,2022-05-06 19:13:39.486774,2022-05-08 10:13:39.486774,short,0.138,0.142,0.134,0.13,0.126,0.126,tp3,0.0074,1.85,0.1274,0.1326,0.1403,0.1377,0.1327,0.1352,0.1385,7.14
DOGE,2022-05-12 00:13:39.486774,2022-05-12 03:13:39.486774,short,0.13,0.1317,0.1283,0.1265,0.1248,0.1317,sl,-0.0017,-1.0,0.1311,0.1292,0.1316,0.1306,0.1305,0.1306,0.1339,1.39
DOGE,2022-05-15 08:13:39.486774,2022-05-17 02:13:39.486774,short,0.1255,0.1293,0.1217,0.1179,0.1142,0.1142,tp3,0.007,1.85,0.1139,0.1167,0.1272,0.1253,0.12,0.1232,0.1286,1.62
DOGE,2022-06-15 17:13:39.486774,2022-06-19 00:13:39.486774,short,0.0801,0.0834,0.0768,0.0735,0.0702,0.0702,tp3,0.0061,1.85,0.0718,0.0757,0.0804,0.0792,0.0748,0.0766,0.0796,2.77
DOGE,2022-07-20 05:13:39.486774,2022-07-25 16:13:39.486774,short,0.061,0.0657,0.0562,0.0515,0.0468,0.0657,sl,-0.0047,-1.0,0.0659,0.0635,0.0649,0.064,0.0643,0.0638,0.0639,3.2
DOGE,2022-09-04 01:13:39.486774,2022-11-02 21:13:39.486774,short,0.0631,0.0686,0.0576,0.0521,0.0466,0.0686,sl,-0.0011,-0.2,0.0685,0.059,0.0653,0.0595,0.0646,0.0625,0.0605,2.89
DOGE,2022-11-27 19:13:39.486774,2022-11-28 08:13:39.486774,short,0.0837,0.0857,0.0818,0.0798,0.0778,0.0778,tp3,0.0036,1.85,0.077,0.0829,0.0856,0.0841,0.0818,0.0832,0.0865,2.2
DOGE,2022-12-17 15:13:39.486774,2022-12-19 13:13:39.486774,short,0.0964,0.0984,0.0944,0.0924,0.0904,0.0904,tp3,0.0037,1.85,0.0876,0.0952,0.0974,0.0968,0.0944,0.0957,0.0976,7.51
DOGE,2022-12-22 05:13:39.486774,2022-12-23 05:13:39.486774,short,0.0906,0.0925,0.0887,0.0869,0.085,0.085,tp3,0.0035,1.85,0.0858,0.0881,0.0928,0.091,0.0875,0.0888,0.0927,2.07
DOGE,2023-01-19 06:13:39.486774,2023-01-20 00:13:39.486774,long,0.0773,0.0753,0.0793,0.0813,0.0833,0.0753,sl,-0.0004,-0.2,0.0789,0.0755,0.0785,0.077,0.0783,0.0775,0.0749,3.4
DOGE,2023-02-15 05:13:39.486774,2023-02-15 09:13:39.486774,short,0.0905,0.0925,0.0885,0.0865,0.0846,0.0925,sl,-0.002,-1.0,0.0924,0.0905,0.0923,0.0918,0.0914,0.0917,0.0917,0.89
DOGE,2023-02-20 12:13:39.486774,2023-02-20 15:13:39.486774,short,0.0812,0.0843,0.078,0.0748,0.0716,0.0843,sl,-0.0032,-1.0,0.0844,0.081,0.084,0.0818,0.0828,0.0829,0.0861,5.69
DOGE,2023-03-07 03:13:39.486774,2023-03-07 11:13:39.486774,short,0.081,0.0824,0.0796,0.0781,0.0767,0.0824,sl,-0.0014,-1.0,0.0827,0.0807,0.082,0.0812,0.0813,0.0814,0.0833,2.58
DOGE,2023-03-30 02:13:39.486774,2023-03-30 06:13:39.486774,long,0.0774,0.073,0.0818,0.0861,0.0905,0.073,sl,-0.0044,-1.0,0.0721,0.0735,0.0776,0.0755,0.0751,0.0747,0.0737,2.64
DOGE,2023-04-04 00:13:39.486774,2023-04-05 15:13:39.486774,short,0.073,0.0751,0.071,0.0689,0.0669,0.0751,sl,-0.0021,-1.0,0.075,0.0719,0.074,0.0724,0.0736,0.0734,0.0739,2.49
DOGE,2023-04-11 03:13:39.486774,2023-04-29 06:13:39.486774,long,0.094,0.0765,0.1114,0.1289,0.1464,0.0765,sl,-0.0175,-1.0,0.0772,0.0825,0.0908,0.0837,0.0828,0.0853,0.0878,2.9
DOGE,2023-05-27 08:13:39.486774,2023-05-27 10:13:39.486774,long,0.0736,0.0732,0.074,0.0744,0.0748,0.0732,sl,-0.0004,-1.0,0.0731,0.0734,0.075,0.0736,0.0735,0.0735,0.0733,1.15
DOGE,2023-06-03 03:13:39.486774,2023-06-03 12:13:39.486774,short,0.0706,0.0713,0.0699,0.0692,0.0685,0.0713,sl,-0.0007,-1.0,0.0713,0.0702,0.0711,0.0707,0.071,0.0709,0.0719,0.33
DOGE,2023-06-13 22:13:39.486774,2023-06-14 03:13:39.486774,short,0.0662,0.0692,0.0633,0.0603,0.0573,0.0692,sl,-0.003,-1.0,0.0698,0.0635,0.0687,0.0663,0.0677,0.0688,0.071,1.07
DOGE,2023-06-17 22:13:39.486774,2023-07-01 03:13:39.486774,short,0.059,0.0697,0.0482,0.0374,0.0267,0.0697,sl,-0.0108,-1.0,0.0693,0.0648,0.0677,0.0661,0.0668,0.0662,0.0643,3.66
DOGE,2023-07-16 05:13:39.486774,2023-07-16 08:13:39.486774,short,0.0652,0.0659,0.0646,0.0639,0.0633,0.0659,sl,-0.0007,-1.0,0.0659,0.0651,0.0657,0.0653,0.0654,0.0656,0.0664,1.66
DOGE,2023-07-17 09:13:39.486774,2023-07-17 10:13:39.486774,short,0.0654,0.066,0.0648,0.0642,0.0636,0.0636,tp3,0.0018,3.0,0.0644,0.0651,0.0658,0.0654,0.0655,0.0656,0.0662,7.04
DOGE,2023-07-21 23:13:39.486774,2023-07-22 04:13:39.486774,long,0.0708,0.0675,0.0741,0.0773,0.0806,0.0675,sl,-0.0033,-1.0,0.0674,0.0684,0.0719,0.0698,0.07,0.0685,0.0667,2.88
DOGE,2023-08-19 08:13:39.486774,2023-08-21 07:13:39.486774,long,0.0757,0.0751,0.0763,0.0769,0.0775,0.0751,sl,0.0005,0.85,0.0752,0.0759,0.077,0.0761,0.076,0.0761,0.0757,2.11
DOGE,2023-08-28 14:13:39.486774,2023-08-29 01:13:39.486774,short,0.0634,0.0643,0.0625,0.0617,0.0608,0.0608,tp3,0.0019,2.2,0.0615,0.0631,0.0643,0.064,0.063,0.0635,0.067,5.67
DOGE,2023-09-07 06:13:39.486774,2023-09-08 02:13:39.486774,long,0.0656,0.0641,0.0672,0.0687,0.0703,0.0641,sl,-0.0016,-1.0,0.0638,0.0648,0.0671,0.0654,0.0658,0.0654,0.0645,2.92
DOGE,2023-09-18 19:13:39.486774,2023-09-23 08:13:39.486774,short,0.0609,0.0627,0.0591,0.0573,0.0555,0.0627,sl,-0.0018,-1.0,0.0626,0.0613,0.0622,0.0619,0.062,0.0618,0.062,1.81
DOGE,2023-09-26 18:13:39.486774,2023-09-28 20:13:39.486774,long,0.0624,0.0614,0.0635,0.0646,0.0657,0.0614,sl,-0.0011,-1.0,0.0614,0.0622,0.0629,0.0625,0.0624,0.0624,0.0622,2.62
DOGE,2023-10-07 23:13:39.486774,2023-10-09 18:13:39.486774,long,0.0619,0.0612,0.0627,0.0634,0.0641,0.0641,tp3,0.0013,1.85,0.0639,0.0618,0.0628,0.0625,0.063,0.0626,0.0618,2.13
DOGE,2023-10-13 22:13:39.486774,2023-10-14 01:13:39.486774,short,0.0608,0.0613,0.0602,0.0596,0.059,0.0613,sl,-0.0006,-1.0,0.0613,0.0609,0.0612,0.0611,0.0611,0.0611,0.0615,1.43
DOGE,2023-10-18 12:13:39.486774,2023-10-21 22:13:39.486774,short,0.0588,0.0594,0.0582,0.0576,0.057,0.0594,sl,0.0005,0.85,0.0592,0.0578,0.0586,0.0579,0.0586,0.0584,0.0593,4.84
DOGE,2023-11-29 17:13:39.486774,2023-12-04 10:13:39.486774,short,0.0742,0.0799,0.0685,0.0628,0.0571,0.0799,sl,-0.0057,-1.0,0.0797,0.0776,0.0792,0.0783,0.0779,0.0779,0.0776,3.47
DOGE,2023-12-04 14:13:39.486774,2023-12-05 01:13:39.486774,long,0.079,0.0772,0.0808,0.0826,0.0844,0.0772,sl,-0.0004,-0.2,0.0772,0.0773,0.0804,0.0782,0.0787,0.0784,0.0778,0.93
DOGE,2023-12-15 09:13:39.486774,2023-12-16 17:13:39.486774,long,0.0959,0.0929,0.099,0.102,0.1051,0.1051,tp3,0.0056,1.85,0.1048,0.0936,0.0983,0.0976,0.1012,0.0989,0.0924,1.68
DOGE,2023-12-18 05:13:39.486774,2023-12-18 12:13:39.486774,long,0.102,0.0989,0.1051,0.1083,0.1114,0.0989,sl,-0.0006,-0.2,0.0975,0.0995,0.103,0.1018,0.1009,0.1003,0.0952,6.27
DOGE,2024-01-08 05:13:39.486774,2024-01-09 02:13:39.486774,short,0.0903,0.0913,0.0893,0.0883,0.0873,0.0913,sl,0.0008,0.85,0.0911,0.0895,0.0907,0.09,0.0902,0.0902,0.0914,1.58
DOGE,2024-01-12 11:13:39.486774,2024-01-15 12:13:39.486774,short,0.0825,0.0844,0.0805,0.0785,0.0766,0.0766,tp3,0.0036,1.85,0.0761,0.0792,0.0814,0.0805,0.0791,0.0803,0.0846,3.85
DOGE,2024-01-22 08:13:39.486774,2024-01-28 06:13:39.486774,short,0.0807,0.0828,0.0786,0.0764,0.0743,0.0828,sl,0.0018,0.85,0.0847,0.0771,0.0793,0.0783,0.0799,0.0793,0.0802,7.61
DOGE,2024-02-10 16:13:39.486774,2024-02-12 02:13:39.486774,short,0.0791,0.0799,0.0783,0.0774,0.0766,0.0799,sl,-0.0008,-1.0,0.0796,0.0787,0.0793,0.079,0.079,0.0791,0.0795,3.49
DOGE,2024-02-12 07:13:39.486774,2024-02-12 11:13:39.486774,short,0.079,0.0795,0.0786,0.0781,0.0776,0.0776,tp3,0.0008,1.85,0.0778,0.0786,0.0793,0.0791,0.0788,0.0789,0.0794,2.19
DOGE,2024-02-13 20:13:39.486774,2024-02-15 03:13:39.486774,short,0.0782,0.0796,0.0768,0.0754,0.074,0.0796,sl,-0.0014,-1.0,0.0795,0.078,0.079,0.0785,0.0788,0.0787,0.0791,3.52
DOGE,2024-02-18 07:13:39.486774,2024-02-19 12:13:39.486774,long,0.0816,0.0804,0.0829,0.0841,0.0854,0.0804,sl,-0.0002,-0.2,0.0803,0.081,0.0825,0.0813,0.0815,0.0815,0.0805,2.34
DOGE,2024-02-20 14:13:39.486774,2024-02-20 23:13:39.486774,long,0.0821,0.0807,0.0836,0.0851,0.0865,0.0807,sl,-0.0015,-1.0,0.0813,0.0809,0.0829,0.0821,0.0821,0.0817,0.0808,2.6
DOGE,2024-03-02 17:13:39.486774,2024-03-05 05:13:39.486774,long,0.0851,0.0838,0.0864,0.0877,0.089,0.089,tp3,0.0028,2.2,0.0888,0.0855,0.0868,0.0861,0.0862,0.0859,0.0852,4.2
DOGE,2024-04-13 03:13:39.486774,2024-04-13 16:13:39.486774,short,0.1744,0.1826,0.1662,0.158,0.1498,0.1826,sl,-0.0082,-1.0,0.1843,0.1717,0.1822,0.1783,0.1787,0.1788,0.1861,1.22
DOGE,2024-05-06 12:13:39.486774,2024-05-08 05:13:39.486774,short,0.1453,0.1503,0.1403,0.1353,0.1304,0.1304,tp3,0.0092,1.85,0.1308,0.1355,0.1462,0.1417,0.1367,0.1407,0.1484,2.34
DOGE,2024-06-08 20:13:39.486774,2024-06-10 18:13:39.486774,short,0.1593,0.1622,0.1564,0.1535,0.1506,0.1622,sl,-0.0006,-0.2,0.1618,0.158,0.1614,0.1594,0.1594,0.1594,0.1614,1.45
DOGE,2024-06-19 21:13:39.486774,2024-06-19 22:13:39.486774,short,0.1392,0.1429,0.1356,0.132,0.1283,0.1429,sl,-0.0036,-1.0,0.1446,0.1354,0.1426,0.1405,0.1399,0.1411,0.1489,3.99
DOGE,2024-06-24 12:13:39.486774,2024-06-25 01:13:39.486774,short,0.1357,0.1374,0.134,0.1323,0.1305,0.1305,tp3,0.0032,1.85,0.1296,0.1338,0.1372,0.1363,0.1341,0.1354,0.1409,3.16
DOGE,2024-06-28 22:13:39.486774,2024-06-29 06:13:39.486774,short,0.1234,0.1251,0.1218,0.1201,0.1184,0.1251,sl,-0.0003,-0.2,0.1245,0.122,0.1249,0.1244,0.1238,0.1241,0.1301,0.84
DOGE,2024-07-06 12:13:39.486774,2024-07-08 11:13:39.486774,short,0.124,0.1271,0.121,0.1179,0.1148,0.1271,sl,-0.0006,-0.2,0.1271,0.122,0.1241,0.1236,0.1237,0.1234,0.1242,2.5
DOGE,2024-07-24 10:13:39.486774,2024-07-26 01:13:39.486774,long,0.1259,0.1181,0.1337,0.1415,0.1492,0.1181,sl,-0.0078,-1.0,0.118,0.122,0.1267,0.1253,0.1218,0.1223,0.1175,2.38
DOGE,2024-07-29 05:13:39.486774,2024-08-01 09:13:39.486774,long,0.134,0.127,0.141,0.1481,0.1551,0.127,sl,-0.0014,-0.2,0.128,0.1294,0.1356,0.1334,0.1309,0.1323,0.1289,1.02
DOGE,2024-08-08 05:13:39.486774,2024-08-12 00:13:39.486774,short,0.123,0.1294,0.1165,0.1101,0.1036,0.1036,tp3,0.0119,1.85,0.104,0.1076,0.1141,0.1121,0.1078,0.1105,0.1194,4.0
DOGE,2024-08-19 23:13:39.486774,2024-08-20 00:13:39.486774,short,0.1029,0.1071,0.0987,0.0945,0.0903,0.1071,sl,-0.0042,-1.0,0.1067,0.1,0.1069,0.1048,0.1039,0.1042,0.1051,2.28
DOGE,2024-08-29 13:13:39.486774,2024-08-31 07:13:39.486774,long,0.1053,0.1026,0.1081,0.1108,0.1136,0.1136,tp3,0.0051,1.85,0.1143,0.1047,0.1084,0.1052,0.1096,0.1074,0.1047,0.86
DOGE,2024-09-07 00:13:39.486774,2024-09-07 09:13:39.486774,short,0.0991,0.1018,0.0964,0.0936,0.0909,0.1018,sl,-0.0027,-1.0,0.1018,0.0988,0.1014,0.1001,0.1006,0.1007,0.1034,2.39
DOGE,2024-09-11 08:13:39.486774,2024-09-17 02:13:39.486774,short,0.0975,0.1007,0.0942,0.0909,0.0877,0.1007,sl,0.0028,0.85,0.1037,0.0945,0.097,0.0954,0.0979,0.0966,0.0972,7.17
DOGE,2024-09-25 05:13:39.486774,2024-09-26 04:13:39.486774,short,0.1008,0.1026,0.0989,0.0971,0.0952,0.1026,sl,-0.0018,-1.0,0.1017,0.0996,0.1016,0.101,0.1008,0.101,0.1017,6.24
DOGE,2024-10-21 09:13:39.486774,2024-10-21 10:13:39.486774,long,0.1114,0.1103,0.1125,0.1135,0.1146,0.1103,sl,-0.0011,-1.0,0.1098,0.1106,0.1119,0.1114,0.1107,0.1105,0.1099,2.09
DOGE,2024-11-15 10:13:39.486774,2024-11-17 08:13:39.486774,long,0.1946,0.1874,0.2018,0.209,0.2162,0.2162,tp3,0.0133,1.85,0.214,0.1919,0.2051,0.1971,0.2071,0.202,0.1834,1.29
DOGE,2024-11-29 03:13:39.486774,2024-11-30 12:13:39.486774,long,0.3879,0.3754,0.4004,0.4129,0.4254,0.4254,tp3,0.0231,1.85,0.4279,0.3796,0.4032,0.385,0.4048,0.396,0.3736,1.8
DOGE,2025-01-17 23:13:39.486774,2025-01-19 06:13:39.486774,short,0.3265,0.3411,0.3118,0.2971,0.2824,0.3411,sl,-0.0147,-1.0,0.3434,0.3249,0.3388,0.334,0.3358,0.3351,0.3459,2.16
DOGE,2025-02-17 11:13:39.486774,2025-02-18 06:13:39.486774,short,0.2435,0.2561,0.231,0.2184,0.2058,0.2561,sl,-0.0126,-1.0,0.2555,0.2482,0.2566,0.2511,0.2521,0.2516,0.2647,0.73
DOGE,2025-03-28 16:13:39.486774,2025-03-31 14:13:39.486774,short,0.1688,0.1748,0.1628,0.1567,0.1507,0.1748,sl,-0.006,-1.0,0.1749,0.1673,0.1711,0.1687,0.1716,0.1704,0.1709,2.11
DOGE,2025-04-22 00:13:39.486774,2025-04-22 01:13:39.486774,long,0.1654,0.1632,0.1675,0.1696,0.1718,0.1632,sl,-0.0021,-1.0,0.1603,0.1635,0.1682,0.1651,0.1645,0.164,0.1608,2.78
DOGE,2025-06-05 22:13:39.486774,2025-06-06 10:13:39.486774,short,0.2232,0.2301,0.2163,0.2094,0.2026,0.2026,tp3,0.0151,2.2,0.2038,0.2188,0.2264,0.2232,0.2185,0.2213,0.2248,6.09
DOGE,2025-06-30 07:13:39.486774,2025-07-01 04:13:39.486774,short,0.1463,0.1567,0.1359,0.1255,0.1151,0.1567,sl,-0.0104,-1.0,0.1563,0.1466,0.156,0.1548,0.1533,0.1546,0.1647,1.24
DOGE,2025-07-08 05:13:39.486774,2025-07-08 15:13:39.486774,long,0.1676,0.1622,0.1729,0.1782,0.1836,0.1622,sl,-0.0053,-1.0,0.1627,0.1629,0.1661,0.1647,0.1648,0.1648,0.164,1.4
DOGE,2025-09-10 01:13:39.486774,2025-09-10 18:13:39.486774,short,0.2094,0.2172,0.2016,0.1938,0.1861,0.2172,sl,-0.0078,-1.0,0.2156,0.2098,0.2167,0.2126,0.2143,0.2139,0.2167,0.81
DOGE,2025-09-14 03:13:39.486774,2025-09-14 21:13:39.486774,short,0.2138,0.2192,0.2083,0.2028,0.1973,0.2192,sl,-0.0055,-1.0,0.2192,0.2137,0.2184,0.2172,0.2168,0.2162,0.2163,1.57
DOGE,2025-09-26 10:13:39.486774,2025-09-27 01:13:39.486774,long,0.2827,0.2682,0.2973,0.3118,0.3264,0.2682,sl,-0.0146,-1.0,0.2666,0.2711,0.2864,0.2811,0.2744,0.2754,0.268,3.07
DOGE,2025-10-12 14:13:39.486774,2025-10-13 05:13:39.486774,long,0.2625,0.2516,0.2734,0.2842,0.2951,0.2516,sl,-0.0109,-1.0,0.2515,0.2529,0.2638,0.2572,0.256,0.2551,0.2484,0.99
DOGE,2025-10-16 23:13:39.486774,2025-10-18 07:13:39.486774,short,0.2454,0.2585,0.2324,0.2194,0.2064,0.2064,tp3,0.0241,1.85,0.1861,0.2404,0.2544,0.2474,0.236,0.2438,0.2494,9.44
DOGE,2025-11-06 09:13:39.486774,2025-11-11 01:13:39.486774,short,0.1924,0.2007,0.1841,0.1758,0.1675,0.1675,tp3,0.0154,1.85,0.167,0.1741,0.1888,0.187,0.1762,0.1806,0.1882,8.12
DOGE,2025-11-23 21:13:39.486774,2025-11-25 00:13:39.486774,short,0.1614,0.1647,0.1581,0.1548,0.1516,0.1647,sl,0.0028,0.85,0.1623,0.1571,0.1641,0.1619,0.1609,0.1614,0.167,4.35
DOGE,2026-01-01 15:13:39.486774,2026-01-03 02:13:39.486774,short,0.1284,0.131,0.1258,0.1233,0.1207,0.1207,tp3,0.0048,1.85,0.1208,0.1254,0.1287,0.1258,0.1249,0.1263,0.1293,1.64
DOGE,2026-01-13 03:13:39.486774,2026-01-14 02:13:39.486774,long,0.153,0.1472,0.1588,0.1647,0.1705,0.1472,sl,-0.0058,-1.0,0.1455,0.1491,0.1527,0.1518,0.1505,0.1496,0.1397,4.3
DOGE,2026-01-18 00:13:39.486774,2026-01-21 02:13:39.486774,short,0.1399,0.1427,0.1372,0.1344,0.1316,0.1427,sl,-0.0006,-0.2,0.1428,0.1362,0.1399,0.1366,0.1394,0.139,0.1402,2.95
DOGE,2026-01-29 22:13:39.486774,2026-01-31 03:13:39.486774,short,0.1256,0.1273,0.124,0.1223,0.1206,0.1273,sl,0.0014,0.85,0.1264,0.1235,0.1274,0.1251,0.125,0.1254,0.1302,2.21
DOGE,2026-02-06 22:13:39.486774,2026-02-13 01:13:39.486774,short,0.115,0.1222,0.1078,0.1006,0.0934,0.0934,tp3,0.0133,1.85,0.0942,0.1018,0.1083,0.1026,0.1007,0.1033,0.1096,4.94
DOGE,2026-02-20 06:13:39.486774,2026-02-20 18:13:39.486774,short,0.091,0.0936,0.0883,0.0857,0.083,0.0936,sl,-0.0027,-1.0,0.0939,0.0898,0.0932,0.0916,0.0926,0.0925,0.0961,0.81
DOGE,2026-04-14 20:13:39.486774,2026-04-15 06:13:39.486774,short,0.0906,0.0927,0.0884,0.0863,0.0842,0.0927,sl,-0.0021,-1.0,0.0921,0.0901,0.0925,0.0906,0.0912,0.0913,0.0915,2.55
DOGE,2026-04-19 02:13:39.486774,2026-04-19 11:13:39.486774,long,0.0934,0.092,0.0947,0.0961,0.0974,0.092,sl,-0.0003,-0.2,0.0911,0.0922,0.0942,0.0928,0.0932,0.0931,0.0926,4.62
DOGE,2026-05-01 17:13:39.486774,2026-05-06 17:13:39.486774,long,0.0978,0.096,0.0996,0.1015,0.1033,0.1033,tp3,0.0034,1.85,0.105,0.0979,0.1002,0.0992,0.1008,0.0998,0.0981,3.95
DOGE,2026-05-10 21:13:39.486774,2026-05-11 11:13:39.486774,long,0.1087,0.1075,0.1099,0.1111,0.1123,0.1123,tp3,0.0036,3.0,0.1125,0.1077,0.1089,0.1078,0.1089,0.1084,0.1048,8.21
DOT,2020-10-02 00:13:47.463473,2020-10-02 12:13:47.463473,short,4.0521,4.1734,3.9308,3.8095,3.6882,4.1734,sl,-0.1213,-1.0,4.1473,3.9884,4.1827,4.0855,4.1003,4.1481,4.5456,0.87
DOT,2020-10-20 19:13:47.463473,2020-10-21 19:13:47.463473,long,4.3618,4.2166,4.507,4.6522,4.7973,4.2166,sl,-0.1452,-1.0,4.1984,4.2516,4.384,4.3123,4.3066,4.3031,4.2111,2.48
DOT,2020-11-01 08:13:47.463473,2020-11-03 19:13:47.463473,long,4.3003,4.2017,4.3989,4.4976,4.5962,4.5962,tp3,0.1825,1.85,4.6255,4.3224,4.4177,4.3581,4.3964,4.3626,4.2462,5.82
DOT,2020-12-15 09:13:47.463473,2020-12-15 22:13:47.463473,short,5.0738,5.1483,4.9993,4.9248,4.8503,5.1483,sl,-0.0745,-1.0,5.1118,5.0517,5.1292,5.0819,5.0934,5.1051,5.1609,1.84
DOT,2021-01-04 14:13:47.463473,2021-01-04 22:13:47.463473,long,5.2886,5.1018,5.4754,5.6622,5.849,5.1018,sl,-0.1868,-1.0,5.1705,5.1114,5.335,5.1673,5.2187,5.1961,5.1366,1.03
DOT,2021-03-22 23:13:47.463473,2021-03-23 05:13:47.463473,long,37.7327,36.4078,39.0576,40.3825,41.7074,36.4078,sl,-1.3249,-1.0,35.9186,36.6735,38.1274,37.6186,37.1201,37.0309,36.3852,3.85
DOT,2021-03-31 16:13:47.463473,2021-04-01 20:13:47.463473,short,35.128,37.0266,33.2294,31.3307,29.4321,29.4321,tp3,4.177,2.2,29.4498,34.37,35.9518,35.24,34.1356,34.9158,36.0154,9.91
DOT,2021-04-07 16:13:47.463473,2021-04-08 14:13:47.463473,long,34.1477,32.7992,35.4962,36.8447,38.1931,38.1931,tp3,2.4947,1.85,38.1946,33.3955,35.3256,34.0096,35.4709,34.5772,33.8734,2.01
DOT,2021-04-20 19:13:47.463473,2021-04-21 06:13:47.463473,short,40.4592,41.5353,39.3831,38.307,37.2309,41.5353,sl,-1.0761,-1.0,41.3703,40.0951,41.2436,40.5649,40.5249,40.6819,40.7988,3.33
DOT,2021-05-10 02:13:47.463473,2021-05-11 17:13:47.463473,long,36.494,35.6477,37.3403,38.1866,39.0329,35.6477,sl,0.7194,0.85,35.612,36.1888,37.7135,36.8339,37.1543,36.9631,35.607,2.86
DOT,2021-06-16 17:13:47.463473,2021-06-17 18:13:47.463473,short,20.925,24.1472,17.7028,14.4805,11.2583,24.1472,sl,-3.2222,-1.0,23.877,20.6902,22.3256,21.5079,22.4593,22.2672,23.2409,2.42
DOT,2021-07-13 04:13:47.463473,2021-07-13 22:13:47.463473,short,14.874,15.9665,13.7815,12.6891,11.5966,15.9665,sl,-1.0925,-1.0,15.945,15.1917,16.0562,15.4078,15.4709,15.5042,15.6556,2.31
DOT,2021-07-22 21:13:47.463473,2021-07-27 05:13:47.463473,short,13.668,14.3213,13.0147,12.3613,11.708,11.708,tp3,1.2087,1.85,11.515,12.1725,12.7548,12.3293,12.2476,12.407,13.3517,4.06
DOT,2021-08-23 07:13:47.463473,2021-08-23 18:13:47.463473,long,22.432,21.8557,23.0083,23.5846,24.1609,24.1609,tp3,1.2679,2.2,24.4,21.9856,22.9157,22.6653,22.984,22.6053,21.3524,3.94
DOT,2021-08-31 00:13:47.463473,2021-08-31 03:13:47.463473,long,28.011,27.5282,28.4938,28.9767,29.4595,27.5282,sl,-0.4828,-1.0,27.507,27.5833,28.775,27.9625,27.8876,27.782,25.9992,1.65
DOT,2021-10-07 02:13:47.463473,2021-10-08 05:13:47.463473,short,27.62,28.5541,26.6859,25.7518,24.8178,28.5541,sl,-0.1868,-0.2,28.78,26.9367,28.3833,28.0217,27.9739,27.8542,29.0623,1.4
DOT,2021-10-29 14:13:47.463473,2021-10-31 22:13:47.463473,long,45.05,42.4782,47.6218,50.1936,52.7654,42.4782,sl,-2.5718,-1.0,42.55,43.0837,44.665,43.8744,43.5409,43.7126,42.4056,3.26
DOT,2021-11-22 03:13:47.463473,2021-11-22 11:13:47.463473,short,45.12,46.9763,43.2637,41.4075,39.5512,46.9763,sl,-1.8563,-1.0,46.92,45.2312,46.84,45.6644,46.144,46.3583,48.0946,2.51
DOT,2021-11-24 05:13:47.463473,2021-12-11 16:13:47.463473,short,41.26,45.2102,37.3098,33.3595,29.4093,29.4093,tp3,7.3079,1.85,27.94,33.7692,36.84,35.7652,33.1033,34.6329,36.4093,7.85
DOT,2022-01-14 14:13:47.463473,2022-05-16 13:13:47.463473,short,25.07,29.1131,21.0269,16.9838,12.9407,12.9407,tp3,7.4798,1.85,12.94,13.0883,13.8467,13.4675,13.3997,13.705,14.7733,3.06
DOT,2022-06-13 10:13:47.463473,2022-06-13 11:13:47.463473,short,9.35,9.4914,9.2086,9.0671,8.9257,9.4914,sl,-0.1414,-1.0,9.52,9.2975,9.4725,9.3938,9.4132,9.4217,9.6526,2.12
DOT,2022-06-22 18:13:47.463473,2022-06-23 01:13:47.463473,short,7.08,7.3797,6.7803,6.4805,6.1808,7.3797,sl,-0.2997,-1.0,7.16,6.8467,7.4333,7.1933,7.2085,7.2639,8.0344,1.41
DOT,2022-07-03 08:13:47.463473,2022-07-04 10:13:47.463473,long,8.15,7.8177,8.4823,8.8147,9.147,7.8177,sl,-0.0665,-0.2,7.84,8.0233,8.315,8.2129,8.0935,8.0783,7.8627,0.93
DOT,2022-07-10 12:13:47.463473,2022-07-11 06:13:47.463473,short,6.75,6.8837,6.6163,6.4825,6.3488,6.8837,sl,-0.0267,-0.2,6.92,6.6788,6.8162,6.7131,6.7529,6.7779,7.1421,2.2
DOT,2022-07-11 13:13:47.463473,2022-07-11 21:13:47.463473,short,6.7,6.8453,6.5547,6.4093,6.264,6.8453,sl,-0.1453,-1.0,6.8,6.6733,6.8475,6.7288,6.7678,6.7787,7.0923,1.33
DOT,2022-08-15 03:13:47.463473,2022-08-20 17:13:47.463473,long,8.76,8.458,9.062,9.3639,9.6658,9.6658,tp3,0.5586,1.85,9.53,9.2367,9.5208,9.4304,9.4269,9.3428,8.979,1.47
DOT,2022-09-04 05:13:47.463473,2022-09-10 02:13:47.463473,short,6.99,7.5117,6.4683,5.9467,5.425,7.5117,sl,-0.5217,-1.0,7.55,6.935,7.1975,7.0569,7.2779,7.1827,7.2271,1.21
DOT,2022-09-18 23:13:47.463473,2022-09-19 07:13:47.463473,long,7.83,7.6779,7.9821,8.1341,8.2862,7.6779,sl,-0.1521,-1.0,7.7,7.675,7.825,7.7125,7.7319,7.6982,7.4884,2.1
DOT,2022-10-07 14:13:47.463473,2022-10-07 18:13:47.463473,short,6.4,6.4629,6.3371,6.2742,6.2113,6.4629,sl,-0.0629,-1.0,6.51,6.3325,6.4675,6.4056,6.4179,6.4093,6.4478,2.51
DOT,2022-10-15 15:13:47.463473,2022-10-17 02:13:47.463473,short,6.34,6.4654,6.2146,6.0892,5.9638,6.4654,sl,-0.1254,-1.0,6.47,6.2854,6.3704,6.3173,6.365,6.3535,6.367,2.05
DOT,2022-10-22 19:13:47.463473,2022-10-25 08:13:47.463473,short,6.03,6.2825,5.7775,5.5249,5.2724,6.2825,sl,-0.2525,-1.0,6.25,6.12,6.24,6.155,6.2063,6.1736,6.1859,1.33
DOT,2022-10-27 17:13:47.463473,2022-11-02 03:13:47.463473,short,6.1,6.2241,5.9759,5.8518,5.7277,6.2241,sl,0.1055,0.85,6.38,5.8425,5.97,5.9346,6.0123,5.9443,5.9745,4.83
DOT,2022-11-11 10:13:47.463473,2022-11-11 11:13:47.463473,short,6.41,6.5122,6.3078,6.2057,6.1035,6.5122,sl,-0.1022,-1.0,6.53,6.3296,6.4992,6.4452,6.4473,6.4435,6.4452,2.16
DOT,2022-12-06 09:13:47.463473,2022-12-07 05:13:47.463473,short,5.16,5.3398,4.9802,4.8004,4.6205,5.3398,sl,-0.1798,-1.0,5.34,5.06,5.2758,5.1756,5.258,5.2502,5.338,1.42
DOT,2022-12-15 15:13:47.463473,2022-12-16 06:13:47.463473,short,5.28,5.4684,5.0916,4.9032,4.7148,5.4684,sl,-0.1884,-1.0,5.45,5.2521,5.3488,5.2944,5.3286,5.353,5.4296,2.06
DOT,2022-12-20 12:13:47.463473,2022-12-21 00:13:47.463473,short,5.14,5.2304,5.0496,4.9591,4.8687,5.2304,sl,-0.0181,-0.2,5.32,5.0608,5.1883,5.1246,5.1493,5.1698,5.2894,3.85
DOT,2022-12-23 15:13:47.463473,2022-12-24 09:13:47.463473,short,5.201,5.3081,5.0939,4.9868,4.8797,4.8797,tp3,0.1981,1.85,4.701,5.119,5.254,5.2067,5.0506,5.1308,5.2309,5.56
DOT,2022-12-31 01:13:47.463473,2023-01-03 09:13:47.463473,short,4.462,4.5404,4.3836,4.3052,4.2268,4.5404,sl,-0.0784,-1.0,4.537,4.42,4.504,4.441,4.5063,4.4858,4.5661,1.08
DOT,2023-01-10 11:13:47.463473,2023-01-16 21:13:47.463473,long,4.504,4.3376,4.6704,4.8369,5.0033,5.0033,tp3,0.3079,1.85,4.989,4.602,4.8114,4.6693,4.8531,4.7645,4.6203,2.67
DOT,2023-02-03 00:13:47.463473,2023-02-07 06:13:47.463473,long,6.5,6.1819,6.8181,7.1361,7.4542,6.1819,sl,-0.3181,-1.0,6.142,6.3607,6.6601,6.5902,6.3545,6.4332,6.366,3.32
DOT,2023-02-20 08:13:47.463473,2023-02-22 23:13:47.463473,short,6.16,6.3329,5.9871,5.8142,5.6413,6.3329,sl,-0.0346,-0.2,6.326,5.9745,6.1836,6.0308,6.2055,6.1795,6.3125,4.46
DOT,2023-03-07 05:13:47.463473,2023-03-10 12:13:47.463473,short,6.527,6.7115,6.3425,6.158,5.9734,5.9734,tp3,0.4059,2.2,5.86,6.331,6.5666,6.5273,6.2885,6.375,6.6029,7.87
DOT,2023-03-16 18:13:47.463473,2023-03-20 10:13:47.463473,short,5.611,5.858,5.364,5.1169,4.8699,5.858,sl,-0.0494,-0.2,5.895,5.3518,5.6865,5.5706,5.5747,5.5078,5.7022,2.07
DOT,2023-03-26 14:13:47.463473,2023-03-27 14:13:47.463473,long,6.473,6.3218,6.6242,6.7754,6.9266,6.3218,sl,-0.1512,-1.0,6.287,6.4043,6.6123,6.4303,6.4441,6.4375,6.2086,1.0
DOT,2023-04-01 11:13:47.463473,2023-04-07 23:13:47.463473,short,6.047,6.3061,5.7879,5.5288,5.2697,6.3061,sl,-0.0518,-0.2,6.338,6.115,6.2387,6.1994,6.1911,6.1564,6.1079,3.63
DOT,2023-04-16 03:13:47.463473,2023-04-18 08:13:47.463473,short,6.152,6.261,6.043,5.9339,5.8249,6.261,sl,-0.109,-1.0,6.283,6.1112,6.2033,6.136,6.1989,6.1851,6.2302,2.71
DOT,2023-04-20 18:13:47.463473,2023-04-25 19:13:47.463473,long,6.452,6.3049,6.5991,6.7463,6.8934,6.8934,tp3,0.2722,1.85,6.925,6.662,6.792,6.7075,6.762,6.7402,6.5985,3.08
DOT,2023-05-01 00:13:47.463473,2023-05-01 11:13:47.463473,short,5.9,5.9933,5.8067,5.7133,5.62,5.9933,sl,-0.0187,-0.2,5.966,5.838,5.9605,5.9474,5.9074,5.9431,6.2287,1.86
DOT,2023-05-09 20:13:47.463473,2023-06-17 11:13:47.463473,short,5.657,5.9147,5.3993,5.1416,4.884,4.884,tp3,0.4767,1.85,4.911,4.9883,5.0408,5.0088,4.9895,5.0176,5.1369,3.36
DOT,2023-06-23 01:13:47.463473,2023-06-25 20:13:47.463473,short,4.331,4.6446,4.0174,3.7038,3.3902,4.6446,sl,-0.3136,-1.0,4.646,4.3851,4.567,4.5246,4.5454,4.5069,4.586,2.39
DOT,2023-06-30 19:13:47.463473,2023-07-06 05:13:47.463473,long,4.904,4.7478,5.0602,5.2164,5.3725,4.7478,sl,0.1328,0.85,4.873,5.0092,5.1307,5.092,4.9934,5.0428,4.9693,3.76
DOT,2023-07-29 06:13:47.463473,2023-07-31 19:13:47.463473,long,5.501,5.2437,5.7583,6.0157,6.273,5.2437,sl,-0.2573,-1.0,5.153,5.3322,5.4457,5.4126,5.343,5.3732,5.3533,4.65
DOT,2023-08-05 03:13:47.463473,2023-08-11 08:13:47.463473,short,5.206,5.2952,5.1168,5.0275,4.9383,4.9383,tp3,0.1651,1.85,4.987,5.0,5.15,5.025,5.0248,5.0599,5.1518,2.89
DOT,2023-08-18 17:13:47.463473,2023-08-23 05:13:47.463473,short,5.002,5.0624,4.9416,4.8813,4.8209,4.8209,tp3,0.1328,2.2,4.78,4.9662,5.0242,4.9831,4.9485,4.9771,5.0096,8.15
DOT,2023-08-28 00:13:47.463473,2023-08-28 10:13:47.463473,short,4.479,4.5358,4.4222,4.3654,4.3086,4.5358,sl,-0.0568,-1.0,4.528,4.479,4.529,4.4894,4.5075,4.5155,4.688,1.1
DOT,2023-09-06 00:13:47.463473,2023-09-07 13:13:47.463473,long,4.761,4.4738,5.0482,5.3354,5.6226,4.4738,sl,-0.2872,-1.0,4.484,4.551,4.6785,4.5956,4.542,4.5666,4.5447,1.28
DOT,2023-09-11 02:13:47.463473,2023-09-11 12:13:47.463473,short,4.242,4.2949,4.1891,4.1362,4.0833,4.2949,sl,-0.0529,-1.0,4.294,4.2278,4.2787,4.2469,4.2681,4.2712,4.3783,3.02
DOT,2023-09-13 13:13:47.463473,2023-09-15 07:13:47.463473,short,4.252,4.2976,4.2064,4.1608,4.1153,4.2976,sl,-0.0091,-0.2,4.269,4.23,4.2693,4.2521,4.2608,4.2564,4.3042,3.69
DOT,2023-09-28 05:13:47.463473,2023-09-28 10:13:47.463473,short,4.103,4.1563,4.0497,3.9963,3.943,4.1563,sl,-0.0533,-1.0,4.153,4.0913,4.135,4.1109,4.1269,4.1255,4.124,0.9
DOT,2023-10-01 10:13:47.463473,2023-10-01 21:13:47.463473,short,4.018,4.0357,4.0003,3.9826,3.9648,4.0357,sl,-0.0177,-1.0,4.045,4.0082,4.0275,4.0196,4.0232,4.0261,4.07,1.77
DOT,2023-10-02 09:13:47.463473,2023-10-02 15:13:47.463473,short,3.993,4.0411,3.9449,3.8969,3.8488,4.0411,sl,-0.0481,-1.0,4.014,4.0025,4.0349,4.0233,4.0168,4.0229,4.0621,3.53
DOT,2023-10-05 00:13:47.463473,2023-10-06 00:13:47.463473,short,3.998,4.0706,3.9254,3.8528,3.7801,4.0706,sl,-0.0726,-1.0,4.064,3.9895,4.039,4.0098,4.0268,4.0219,4.0422,2.28
DOT,2023-10-13 21:13:47.463473,2023-10-14 01:13:47.463473,short,4.035,4.0628,4.0072,3.9794,3.9517,4.0628,sl,-0.0056,-0.2,4.064,4.0213,4.0588,4.0401,4.0399,4.0452,4.0766,2.11
DOT,2023-11-26 20:13:47.463473,2023-11-27 01:13:47.463473,short,5.224,5.306,5.142,5.0601,4.9781,5.306,sl,-0.082,-1.0,5.292,5.107,5.3003,5.2713,5.252,5.2596,5.2936,1.16
DOT,2023-12-07 14:13:47.463473,2023-12-08 01:13:47.463473,short,5.163,5.2988,5.0272,4.8913,4.7555,5.2988,sl,-0.1358,-1.0,5.515,5.165,5.3178,5.2884,5.226,5.2217,5.2337,9.46
DOT,2024-01-11 17:13:47.463473,2024-01-18 22:13:47.463473,short,7.597,8.5348,6.6592,5.7214,4.7836,8.5348,sl,-0.1876,-0.2,8.538,6.8,7.968,7.1092,8.0238,7.6491,7.5474,0.97
DOT,2024-01-23 20:13:47.463473,2024-01-25 22:13:47.463473,short,7.553,7.6817,7.4243,7.2955,7.1668,7.1668,tp3,0.2382,1.85,7.171,7.3062,7.5183,7.3805,7.3068,7.3849,7.5333,2.11
DOT,2024-01-29 08:13:47.463473,2024-01-29 22:13:47.463473,short,6.846,6.9444,6.7476,6.6493,6.5509,6.5509,tp3,0.182,1.85,6.589,6.793,6.931,6.8927,6.727,6.814,7.1162,1.2
DOT,2024-02-16 00:13:47.463473,2024-02-21 19:13:47.463473,long,6.982,6.7425,7.2215,7.461,7.7005,7.7005,tp3,0.4431,1.85,7.693,7.1455,7.4247,7.327,7.4554,7.3487,7.1423,2.19
DOT,2024-02-25 15:13:47.463473,2024-02-28 01:13:47.463473,long,7.812,7.5449,8.0791,8.3462,8.6134,7.5449,sl,-0.0534,-0.2,7.569,7.7113,7.9078,7.7878,7.8072,7.8021,7.6152,2.9
DOT,2024-03-03 16:13:47.463473,2024-03-07 19:13:47.463473,long,7.781,7.4097,8.1523,8.5237,8.895,8.895,tp3,0.687,1.85,8.724,8.047,8.5062,8.1096,8.494,8.3439,7.9645,1.07
DOT,2024-03-16 03:13:47.463473,2024-03-17 23:13:47.463473,long,10.497,10.2139,10.7801,11.0632,11.3463,10.2139,sl,-0.0566,-0.2,10.193,10.3643,10.7827,10.4689,10.4563,10.4833,9.9792,1.63
DOT,2024-04-08 05:13:47.463473,2024-04-08 15:13:47.463473,long,9.578,9.459,9.697,9.8159,9.9349,9.459,sl,-0.0238,-0.2,9.21,9.477,9.627,9.5595,9.556,9.5474,9.5345,6.43
DOT,2024-04-13 21:13:47.463473,2024-04-14 09:13:47.463473,short,8.394,8.5428,8.2452,8.0963,7.9475,8.5428,sl,-0.1488,-1.0,8.494,8.2612,8.4993,8.4067,8.4333,8.4327,8.7723,1.15
DOT,2024-04-19 22:13:47.463473,2024-04-20 03:13:47.463473,short,8.318,8.4773,8.1587,7.9995,7.8402,7.8402,tp3,0.3504,2.2,7.692,8.2668,8.4583,8.3625,8.2463,8.3544,8.5862,6.52
DOT,2024-06-13 00:13:47.463473,2024-06-15 03:13:47.463473,long,7.195,7.031,7.359,7.5229,7.6869,7.031,sl,-0.164,-1.0,6.978,7.1543,7.2723,7.2182,7.1617,7.1713,7.1613,2.52
DOT,2024-06-17 13:13:47.463473,2024-06-18 01:13:47.463473,short,6.463,6.5523,6.3737,6.2843,6.195,6.5523,sl,-0.0179,-0.2,6.55,6.406,6.5165,6.4782,6.4823,6.5231,6.8239,1.49
DOT,2024-06-26 23:13:47.463473,2024-07-01 19:13:47.463473,short,5.865,6.002,5.728,5.591,5.4541,5.4541,tp3,0.2534,1.85,5.568,5.6413,5.7828,5.7534,5.6557,5.689,5.867,4.23
DOT,2024-07-02 05:13:47.463473,2024-07-02 09:13:47.463473,short,5.589,5.7312,5.4468,5.3046,5.1624,5.7312,sl,-0.1422,-1.0,5.729,5.536,5.7198,5.6187,5.6501,5.6689,5.8372,0.31
DOT,2024-08-06 23:13:47.463473,2024-08-09 02:13:47.463473,short,5.655,5.8348,5.4752,5.2955,5.1157,5.1157,tp3,0.3326,1.85,5.126,5.373,5.5783,5.5317,5.3287,5.4358,5.691,3.53
DOT,2024-10-16 12:13:47.463473,2024-10-19 19:13:47.463473,short,4.119,4.2332,4.0048,3.8907,3.7765,4.2332,sl,-0.0228,-0.2,4.229,4.0378,4.2112,4.1732,4.1784,4.1404,4.1656,1.0
DOT,2024-11-09 01:13:47.463473,2024-11-14 11:13:47.463473,short,3.892,4.1533,3.6307,3.3694,3.1081,4.1533,sl,-0.2613,-1.0,4.171,3.9085,4.13,4.0654,4.072,3.9902,3.9611,1.49
DOT,2025-01-13 11:13:47.463473,2025-01-15 01:13:47.463473,long,7.716,7.5679,7.8641,8.0122,8.1602,7.5679,sl,-0.0296,-0.2,7.306,7.614,7.856,7.735,7.7159,7.707,7.4725,9.91
DOT,2025-01-17 03:13:47.463473,2025-01-23 22:13:47.463473,short,6.647,7.335,5.959,5.271,4.583,7.335,sl,-0.688,-1.0,7.292,6.6272,7.1291,7.0454,7.0064,6.8575,6.7948,3.93
DOT,2025-01-27 04:13:47.463473,2025-02-03 17:13:47.463473,short,6.804,7.1684,6.4396,6.0751,5.7107,5.7107,tp3,0.6742,1.85,5.704,6.1114,6.47,6.3459,6.0888,6.2291,6.4491,5.36
DOT,2025-02-25 02:13:47.463473,2025-02-27 15:13:47.463473,short,4.855,5.0381,4.6719,4.4889,4.3058,5.0381,sl,-0.0366,-0.2,4.992,4.6752,4.8865,4.7809,4.8957,4.8541,4.923,1.49
DOT,2025-03-10 14:13:47.463473,2025-03-11 04:13:47.463473,long,5.118,4.6667,5.5693,6.0206,6.4719,4.6667,sl,-0.4513,-1.0,4.645,4.7833,5.1917,5.1188,4.9001,4.867,4.8134,2.55
DOT,2025-03-26 23:13:47.463473,2025-04-04 18:13:47.463473,long,4.554,4.3049,4.8031,5.0523,5.3014,4.3049,sl,-0.2491,-1.0,4.297,4.577,4.7353,4.7116,4.5156,4.5875,4.5539,1.18
DOT,2025-04-30 07:13:47.463473,2025-05-16 18:13:47.463473,long,4.009,3.7791,4.2389,4.4688,4.6987,4.6987,tp3,0.4253,1.85,4.624,4.1635,4.5415,4.2422,4.4344,4.2675,4.1066,3.13
DOT,2025-06-18 13:13:47.463473,2025-06-19 17:13:47.463473,long,4.275,4.0581,4.4919,4.7088,4.9256,4.0581,sl,-0.2169,-1.0,4.059,4.1898,4.3252,4.2575,4.1796,4.1927,4.1342,1.07
DOT,2025-07-05 04:13:47.463473,2025-07-05 12:13:47.463473,short,3.301,3.379,3.223,3.145,3.067,3.379,sl,-0.078,-1.0,3.364,3.2912,3.3655,3.3216,3.3437,3.3423,3.4142,0.62
DOT,2025-07-18 02:13:47.463473,2025-07-25 08:13:47.463473,long,3.691,3.4948,3.8872,4.0833,4.2795,4.2795,tp3,0.3629,1.85,4.26,4.0923,4.2202,4.1846,4.1863,4.1435,3.9519,1.36
DOT,2025-08-18 04:13:47.463473,2025-08-18 21:13:47.463473,long,4.083,3.9718,4.1942,4.3054,4.4166,3.9718,sl,-0.1112,-1.0,3.932,4.037,4.145,4.0865,4.057,4.0468,3.9015,2.69
DOT,2025-09-07 23:13:47.463473,2025-09-08 18:13:47.463473,short,3.798,3.8459,3.7501,3.7021,3.6542,3.8459,sl,0.0407,0.85,3.85,3.7283,3.8383,3.8062,3.7642,3.7864,3.8548,3.1
DOT,2025-09-10 01:13:47.463473,2025-09-10 09:13:47.463473,short,3.734,3.8259,3.6421,3.5502,3.4583,3.8259,sl,-0.0919,-1.0,3.82,3.6922,3.8182,3.7667,3.7744,3.767,3.8228,0.59
DOT,2025-09-16 00:13:47.463473,2025-09-20 13:13:47.463473,long,4.048,3.9404,4.1556,4.2632,4.3708,4.3708,tp3,0.1991,1.85,4.379,4.1782,4.2628,4.2078,4.2828,4.237,4.0826,1.23
DOT,2025-11-23 21:13:47.463473,2025-11-27 03:13:47.463473,short,2.826,2.9008,2.7512,2.6763,2.6015,2.6015,tp3,0.1384,1.85,2.612,2.66,2.7608,2.7196,2.6934,2.7241,2.8343,1.88
DOT,2025-12-07 21:13:47.463473,2025-12-08 10:13:47.463473,short,2.255,2.3185,2.1915,2.1279,2.0644,2.0644,tp3,0.1906,3.0,2.055,2.2489,2.2832,2.2661,2.2434,2.264,2.3387,11.33
DOT,2025-12-15 07:13:47.463473,2025-12-15 18:13:47.463473,short,2.105,2.1528,2.0572,2.0094,1.9616,2.1528,sl,-0.0096,-0.2,2.154,2.0968,2.1485,2.1304,2.124,2.1324,2.1986,0.71
DOT,2026-01-13 00:13:47.463473,2026-01-14 03:13:47.463473,long,2.156,2.1163,2.1957,2.2355,2.2752,2.1163,sl,0.0338,0.85,2.12,2.1447,2.2421,2.2039,2.1934,2.1757,2.0445,2.07
DOT,2026-02-05 10:13:47.463473,2026-02-06 00:13:47.463473,short,1.858,1.888,1.828,1.798,1.7681,1.7681,tp3,0.0555,1.85,1.759,1.8412,1.8885,1.8544,1.8128,1.8376,1.8987,2.1
DOT,2026-02-27 23:13:47.463473,2026-02-28 01:13:47.463473,short,1.285,1.3233,1.2467,1.2084,1.1701,1.3233,sl,-0.0383,-1.0,1.35,1.274,1.316,1.2903,1.301,1.3068,1.3341,6.01
DOT,2026-04-29 12:13:47.463473,2026-04-30 12:13:47.463473,long,1.291,1.2581,1.3239,1.3569,1.3898,1.2581,sl,-0.0066,-0.2,1.26,1.2628,1.3037,1.276,1.2818,1.283,1.2727,1.48
DOT,2026-05-08 15:13:47.463473,2026-05-10 07:13:47.463473,short,1.209,1.2348,1.1832,1.1574,1.1316,1.2348,sl,-0.0258,-1.0,1.233,1.1993,1.2168,1.2096,1.2143,1.2118,1.2272,1.84
DOT,2026-05-14 14:13:47.463473,2026-05-23 17:13:47.463473,long,1.316,1.2679,1.3641,1.4122,1.4604,1.2679,sl,0.0409,0.85,1.265,1.2945,1.3777,1.3306,1.3083,1.3267,1.3328,1.94
LINK,2019-02-20 13:13:52.306419,2019-02-20 20:13:52.306419,long,0.4697,0.436,0.5034,0.5371,0.5708,0.436,sl,-0.0337,-1.0,0.4448,0.449,0.4794,0.4655,0.4568,0.4517,0.4289,3.2
LINK,2019-03-12 23:13:52.306419,2019-03-14 08:13:52.306419,short,0.4229,0.4315,0.4143,0.4058,0.3972,0.3972,tp3,0.0159,1.85,0.3985,0.416,0.4287,0.4224,0.4131,0.4192,0.4292,2.74
LINK,2019-03-28 19:13:52.306419,2019-03-29 16:13:52.306419,short,0.4713,0.4806,0.462,0.4527,0.4433,0.4806,sl,-0.0093,-1.0,0.478,0.4694,0.4764,0.4721,0.4736,0.4741,0.4754,4.06
LINK,2019-04-04 10:13:52.306419,2019-04-04 12:13:52.306419,short,0.4471,0.459,0.4352,0.4233,0.4114,0.459,sl,-0.0119,-1.0,0.489,0.4491,0.4595,0.452,0.4567,0.4558,0.4634,8.15
LINK,2019-05-02 10:13:52.306419,2019-05-03 23:13:52.306419,short,0.4973,0.5145,0.4801,0.4628,0.4456,0.4456,tp3,0.0319,1.85,0.4442,0.4836,0.5059,0.4934,0.4744,0.4848,0.5003,4.22
LINK,2019-05-05 22:13:52.306419,2019-05-10 21:13:52.306419,short,0.4456,0.4804,0.4108,0.376,0.3411,0.4804,sl,-0.0348,-1.0,0.4825,0.4418,0.4773,0.4673,0.4678,0.4588,0.4633,0.67
LINK,2019-05-14 21:13:52.306419,2019-05-16 15:13:52.306419,long,0.5048,0.4824,0.5272,0.5495,0.5719,0.5719,tp3,0.0414,1.85,0.5745,0.4958,0.5446,0.5088,0.542,0.5241,0.4942,3.06
LINK,2019-06-16 08:13:52.306419,2019-06-22 23:13:52.306419,long,1.1594,0.9635,1.3553,1.5512,1.7471,1.7471,tp3,0.5877,3.0,1.7408,1.1035,1.1451,1.1275,1.1935,1.1557,1.1178,18.1
LINK,2019-06-26 14:13:52.306419,2019-06-30 11:13:52.306419,long,1.79,1.6569,1.9231,2.0562,2.1893,1.6569,sl,0.1131,0.85,1.6388,1.7578,1.8836,1.8432,1.7315,1.7739,1.6719,2.56
LINK,2019-07-14 20:13:52.306419,2019-07-16 09:13:52.306419,long,3.6413,3.4132,3.8694,4.0976,4.3257,3.4132,sl,-0.2281,-1.0,3.4104,3.4903,3.6461,3.5228,3.5055,3.529,3.3612,1.44
LINK,2019-08-14 06:13:52.306419,2019-08-15 18:13:52.306419,long,2.5188,2.383,2.6546,2.7903,2.9261,2.383,sl,-0.1358,-1.0,2.3574,2.4703,2.574,2.5033,2.4691,2.489,2.3982,2.6
LINK,2019-09-09 09:13:52.306419,2019-09-11 12:13:52.306419,short,1.7951,1.8466,1.7436,1.6922,1.6407,1.8466,sl,-0.0103,-0.2,1.8268,1.7368,1.7844,1.7666,1.7589,1.7701,1.9061,6.7
LINK,2019-09-19 17:13:52.306419,2019-09-22 15:13:52.306419,short,1.7952,1.861,1.7294,1.6636,1.5979,1.5979,tp3,0.1217,1.85,1.5852,1.6871,1.7573,1.7222,1.6586,1.6966,1.7659,2.98
LINK,2019-09-29 22:13:52.306419,2019-10-01 18:13:52.306419,long,1.8395,1.7792,1.8998,1.9601,2.0204,1.7792,sl,-0.0603,-1.0,1.7872,1.7969,1.8658,1.8285,1.8153,1.8207,1.7659,1.17
LINK,2019-10-05 01:13:52.306419,2019-10-11 17:13:52.306419,short,1.7205,1.9689,1.4721,1.2237,0.9754,1.9689,sl,-0.2484,-1.0,1.9698,1.7984,1.964,1.9254,1.9104,1.8497,1.7642,0.68
LINK,2019-10-30 15:13:52.306419,2019-11-01 11:13:52.306419,long,2.608,2.3934,2.8226,3.0373,3.2519,2.3934,sl,-0.2146,-1.0,2.4603,2.5529,2.7295,2.6096,2.6044,2.6101,2.5076,3.16
LINK,2019-11-12 07:13:52.306419,2019-11-12 08:13:52.306419,long,2.6938,2.6666,2.721,2.7482,2.7755,2.6666,sl,-0.0272,-1.0,2.6611,2.6711,2.7156,2.6893,2.688,2.6895,2.6734,1.3
LINK,2019-11-15 02:13:52.306419,2019-11-16 08:13:52.306419,long,2.6819,2.6343,2.7295,2.777,2.8246,2.6343,sl,0.0404,0.85,2.6674,2.6504,2.7352,2.6774,2.6865,2.6833,2.6751,2.64
LINK,2019-12-05 06:13:52.306419,2019-12-08 10:13:52.306419,short,2.2567,2.3709,2.1425,2.0284,1.9142,2.3709,sl,-0.0228,-0.2,2.3409,2.2025,2.2968,2.2379,2.3123,2.2805,2.3541,1.29
LINK,2019-12-12 18:13:52.306419,2019-12-13 07:13:52.306419,short,2.0754,2.1478,2.003,1.9306,1.8581,2.1478,sl,-0.0145,-0.2,2.0994,2.0394,2.1339,2.0906,2.0779,2.0991,2.2045,3.35
LINK,2019-12-18 09:13:52.306419,2019-12-18 17:13:52.306419,short,2.0256,2.0717,1.9795,1.9334,1.8874,2.0717,sl,-0.0461,-1.0,2.0984,2.0326,2.0675,2.0448,2.048,2.0474,2.0876,3.13
LINK,2020-03-03 21:13:52.306419,2020-03-05 13:13:52.306419,short,4.0773,4.2813,3.8733,3.6693,3.4654,3.4654,tp3,0.3774,1.85,3.3996,3.5198,3.9535,3.9034,3.6246,3.8042,4.0699,1.33
LINK,2020-03-24 09:13:52.306419,2020-03-28 19:13:52.306419,short,2.1132,2.3939,1.8325,1.5517,1.271,2.3939,sl,-0.0561,-0.2,2.4723,1.8887,2.37,2.2307,2.2485,2.1256,2.3608,2.18
LINK,2020-04-10 09:13:52.306419,2020-04-15 10:13:52.306419,long,2.2452,2.1459,2.3445,2.4439,2.5432,2.5432,tp3,0.1838,1.85,2.5555,2.2554,2.4302,2.2845,2.4328,2.3691,2.2873,1.51
LINK,2020-04-16 13:13:52.306419,2020-04-21 04:13:52.306419,long,2.809,2.5471,3.0709,3.3327,3.5946,3.5946,tp3,0.4845,1.85,3.5422,3.161,3.3771,3.2555,3.3306,3.2645,2.9445,3.0
LINK,2020-04-28 04:13:52.306419,2020-04-29 06:13:52.306419,long,3.6728,3.5155,3.8301,3.9873,4.1446,3.5155,sl,-0.1573,-1.0,3.39,3.6055,3.7508,3.6649,3.6214,3.6295,3.4391,3.12
LINK,2020-05-01 22:13:52.306419,2020-05-06 00:13:52.306419,long,3.6783,3.4683,3.8883,4.0983,4.3082,3.4683,sl,-0.042,-0.2,3.4847,3.6629,3.8454,3.7009,3.6249,3.6889,3.6542,1.86
LINK,2020-05-26 06:13:52.306419,2020-05-29 09:13:52.306419,long,3.8006,3.6863,3.9149,4.0291,4.1434,4.1434,tp3,0.2114,1.85,4.1476,3.8952,4.1236,4.0703,4.0524,3.9887,3.8585,1.67
LINK,2020-06-03 14:13:52.306419,2020-06-05 23:13:52.306419,short,3.8658,3.9273,3.8043,3.7428,3.6813,3.9273,sl,-0.0123,-0.2,3.9359,3.8174,3.8901,3.8507,3.871,3.8631,3.8824,3.11
LINK,2020-06-07 13:13:52.306419,2020-06-10 11:13:52.306419,long,4.0452,3.8949,4.1955,4.3457,4.496,4.496,tp3,0.278,1.85,4.4841,4.1873,4.4434,4.3611,4.3789,4.2947,4.0863,1.37
LINK,2020-06-27 07:13:52.306419,2020-07-01 16:13:52.306419,long,4.1707,4.0463,4.2951,4.4196,4.544,4.544,tp3,0.2302,1.85,4.5195,4.2982,4.5205,4.3697,4.4335,4.3442,4.2003,1.22
LINK,2020-07-12 08:13:52.306419,2020-07-13 15:13:52.306419,long,4.8126,4.7114,4.9138,5.015,5.1162,4.7114,sl,-0.1012,-1.0,4.713,4.7514,4.8561,4.844,4.7747,4.7786,4.6879,1.38
LINK,2020-11-09 00:13:52.306419,2020-11-10 04:13:52.306419,short,11.1133,11.437,10.7896,10.4659,10.1422,11.437,sl,-0.3237,-1.0,11.4707,11.0696,11.2749,11.1825,11.2227,11.21,11.4029,3.29
LINK,2021-03-18 11:13:52.306419,2021-03-18 18:13:52.306419,long,30.9034,30.2224,31.5844,32.2655,32.9465,30.2224,sl,-0.681,-1.0,29.83,30.4194,31.4731,30.8936,30.5232,30.4521,29.2438,1.15
LINK,2021-04-08 18:13:52.306419,2021-04-10 20:13:52.306419,long,28.446,27.3453,29.5467,30.6473,31.748,31.748,tp3,2.0362,1.85,32.0279,29.3358,30.9291,30.3095,30.9278,30.1977,28.6337,2.25
LINK,2021-05-29 07:13:52.306419,2021-06-03 00:13:52.306419,short,27.098,32.1601,22.0359,16.9739,11.9118,32.1601,sl,4.3028,0.85,32.075,23.3186,27.102,25.6307,28.3003,26.3015,28.552,1.46
LINK,2021-08-06 16:13:52.306419,2021-08-07 10:13:52.306419,long,19.37,18.7428,19.9972,20.6244,21.2516,21.2516,tp3,1.1603,1.85,21.426,18.6778,19.3762,19.0619,19.7956,19.4188,18.1573,2.65
LINK,2021-08-14 17:13:52.306419,2021-08-16 10:13:52.306419,long,24.025,23.1296,24.9204,25.8157,26.7111,23.1296,sl,-0.1791,-0.2,23.141,23.7657,24.8092,24.2439,24.1009,24.1236,23.0919,1.63
LINK,2021-08-24 22:13:52.306419,2021-08-25 08:13:52.306419,long,29.492,27.5741,31.4099,33.3278,35.2457,27.5741,sl,-1.9179,-1.0,27.496,27.8214,29.9339,29.4538,28.5387,28.3854,26.7077,1.04
LINK,2021-09-02 08:13:52.306419,2021-09-08 23:13:52.306419,short,26.221,27.6598,24.7822,23.3433,21.9045,27.6598,sl,-0.2878,-0.2,27.52,25.2441,27.2672,26.7952,26.8836,26.3808,26.1399,1.43
LINK,2021-10-15 02:13:52.306419,2021-10-18 08:13:52.306419,long,27.14,26.0199,28.2601,29.3801,30.5002,26.0199,sl,-1.1201,-1.0,25.81,26.5867,27.66,27.2383,26.7325,26.8825,26.5609,2.87
LINK,2021-12-22 23:13:52.306419,2021-12-23 06:13:52.306419,short,17.96,18.4518,17.4682,16.9763,16.4845,18.4518,sl,-0.0984,-0.2,18.89,17.7062,18.4075,17.9931,18.1262,18.296,19.5158,4.28
LINK,2022-01-08 04:13:52.306419,2022-01-09 10:13:52.306419,short,19.92,20.4934,19.3466,18.7732,18.1998,20.4934,sl,-0.1147,-0.2,20.76,19.6362,20.365,19.8681,20.1317,20.0691,20.6246,1.97
LINK,2022-02-14 10:13:52.306419,2022-02-18 01:13:52.306419,long,18.07,17.5103,18.6297,19.1893,19.749,17.5103,sl,0.4757,0.85,18.1,17.9783,18.5467,18.0558,18.3039,18.3263,17.86,3.07
LINK,2022-02-20 12:13:52.306419,2022-02-23 10:13:52.306419,short,15.99,17.3997,14.5803,13.1705,11.7608,17.3997,sl,-1.4097,-1.0,17.34,15.2,16.46,15.8694,16.7671,16.4314,16.7578,1.54
LINK,2022-03-11 00:13:52.306419,2022-03-11 01:13:52.306419,long,15.27,15.0731,15.4669,15.6637,15.8606,15.0731,sl,-0.1969,-1.0,15.07,15.1033,15.5825,15.2231,15.2019,15.1695,14.7348,1.72
LINK,2022-04-07 02:13:52.306419,2022-04-08 03:13:52.306419,long,17.28,16.8471,17.7129,18.1459,18.5788,16.8471,sl,-0.0866,-0.2,16.77,16.8467,17.5433,17.2583,17.4184,17.282,16.5181,2.71
LINK,2022-04-30 09:13:52.306419,2022-05-04 10:13:52.306419,short,13.62,14.0977,13.1423,12.6646,12.1868,12.1868,tp3,0.8838,1.85,12.37,12.7975,13.4625,13.3438,12.8225,13.0434,13.5184,1.52
LINK,2022-05-06 00:13:52.306419,2022-05-06 02:13:52.306419,short,12.51,12.8427,12.1773,11.8446,11.5118,12.8427,sl,-0.3327,-1.0,12.51,12.4525,12.8171,12.6348,12.6657,12.7336,13.2298,2.82
LINK,2022-07-06 02:13:52.306419,2022-07-25 21:13:52.306419,short,6.54,7.0082,6.0718,5.6037,5.1355,7.0082,sl,-0.0936,-0.2,7.04,6.3102,6.6187,6.5206,6.6494,6.5181,6.348,2.2
LINK,2022-08-04 03:13:52.306419,2022-08-04 05:13:52.306419,short,6.288,6.6015,5.9745,5.661,5.3475,6.6015,sl,-0.3135,-1.0,6.681,6.1395,6.452,6.3426,6.3437,6.4005,6.642,5.44
LINK,2022-08-06 23:13:52.306419,2022-08-09 12:13:52.306419,long,7.937,7.3827,8.4913,9.0456,9.5999,7.3827,sl,-0.5543,-1.0,7.395,7.6353,7.9493,7.7923,7.5844,7.6665,7.366,1.53
LINK,2022-09-28 03:13:52.306419,2022-10-01 16:13:52.306419,short,7.142,7.5574,6.7266,6.3112,5.8957,7.5574,sl,-0.0831,-0.2,7.541,6.9043,7.281,7.0738,7.3088,7.1803,7.2514,1.09
LINK,2022-10-22 19:13:52.306419,2022-10-24 09:13:52.306419,short,6.848,7.2251,6.4709,6.0938,5.7167,7.2251,sl,-0.3771,-1.0,7.195,6.8251,7.0287,6.876,7.0814,7.0344,7.1656,1.49
LINK,2022-11-28 22:13:52.306419,2022-11-29 15:13:52.306419,short,5.73,6.1294,5.3306,4.9311,4.5317,6.1294,sl,-0.3994,-1.0,6.068,5.5883,5.9503,5.7542,5.8658,5.8969,6.2006,2.76
LINK,2022-12-01 01:13:52.306419,2022-12-24 09:13:52.306419,long,6.434,5.8799,6.9881,7.5422,8.0964,5.8799,sl,0.471,0.85,5.91,6.2722,6.93,6.5098,6.2287,6.4093,6.7063,4.44
LINK,2023-01-17 11:13:52.306419,2023-01-21 11:13:52.306419,long,6.129,5.9098,6.3482,6.5674,6.7865,6.7865,tp3,0.4055,1.85,6.71,6.2323,6.4147,6.3349,6.4415,6.3505,6.103,4.83
LINK,2023-01-29 23:13:52.306419,2023-02-01 08:13:52.306419,long,6.936,6.8168,7.0552,7.1745,7.2937,6.8168,sl,0.1014,0.85,6.839,6.9717,7.1588,7.0559,7.0217,7.0289,6.8309,2.26
LINK,2023-02-14 08:13:52.306419,2023-02-15 04:13:52.306419,short,6.945,7.0714,6.8186,6.6921,6.5657,7.0714,sl,-0.0253,-0.2,7.121,6.914,7.0258,6.9699,6.996,7.0062,7.0729,2.56
LINK,2023-02-16 18:13:52.306419,2023-02-17 09:13:52.306419,long,7.448,6.9927,7.9033,8.3587,8.814,6.9927,sl,-0.4553,-1.0,6.917,6.86,7.6176,7.1989,7.3533,7.2731,7.1521,1.11
LINK,2023-02-18 05:13:52.306419,2023-02-25 09:13:52.306419,short,6.96,7.6155,6.3045,5.6489,4.9934,7.6155,sl,-0.6555,-1.0,7.587,7.1302,7.394,7.2753,7.3703,7.2468,7.0485,2.74
LINK,2023-03-03 11:13:52.306419,2023-03-04 03:13:52.306419,long,7.964,7.508,8.42,8.8761,9.3321,7.508,sl,-0.456,-1.0,7.514,7.7902,8.1337,7.9619,7.852,7.8466,7.6889,2.19
LINK,2023-03-06 16:13:52.306419,2023-03-08 22:13:52.306419,short,7.34,7.4996,7.1804,7.0207,6.8611,7.4996,sl,-0.0319,-0.2,7.472,7.2207,7.3921,7.2596,7.3622,7.3423,7.4566,1.65
LINK,2023-03-12 19:13:52.306419,2023-03-13 00:13:52.306419,short,6.9,6.9744,6.8256,6.7512,6.6767,6.9744,sl,-0.0744,-1.0,6.973,6.8595,6.9731,6.9163,6.9271,6.9499,7.1859,0.49
LINK,2023-03-18 18:13:52.306419,2023-03-20 05:13:52.306419,short,5.995,6.336,5.654,5.313,4.9721,6.336,sl,-0.341,-1.0,6.315,6.038,6.2543,6.1462,6.1464,6.162,6.5124,4.27
LINK,2023-04-04 18:13:52.306419,2023-04-05 18:13:52.306419,short,6.843,7.1912,6.4948,6.1465,5.7983,7.1912,sl,-0.3482,-1.0,7.287,6.7661,6.9956,6.8331,7.0166,6.9904,7.0832,2.53
LINK,2023-04-15 21:13:52.306419,2023-04-18 02:13:52.306419,short,7.211,7.282,7.14,7.0689,6.9979,7.282,sl,0.0604,0.85,7.292,7.1183,7.2465,7.2166,7.2013,7.1882,7.2368,2.63
LINK,2023-04-30 10:13:52.306419,2023-06-17 13:13:52.306419,short,7.072,7.5039,6.6401,6.2082,5.7763,5.7763,tp3,0.799,1.85,5.772,5.937,6.018,5.9775,5.944,5.9823,6.1651,2.76
LINK,2023-06-19 23:13:52.306419,2023-06-20 12:13:52.306419,short,5.13,5.2203,5.0397,4.9493,4.859,5.2203,sl,-0.0903,-1.0,5.231,5.0977,5.2042,5.1628,5.1576,5.1968,5.6444,1.19
LINK,2023-06-22 19:13:52.306419,2023-06-23 07:13:52.306419,short,5.248,5.4113,5.0847,4.9213,4.758,5.4113,sl,-0.1633,-1.0,5.356,5.2028,5.3853,5.2561,5.2972,5.2952,5.4779,1.12
LINK,2023-07-01 15:13:52.306419,2023-07-06 05:13:52.306419,long,6.064,5.7112,6.4168,6.7696,7.1223,5.7112,sl,-0.3528,-1.0,5.822,5.9692,6.1948,6.1121,6.0076,6.0768,5.9242,3.47
LINK,2023-07-15 04:13:52.306419,2023-07-20 04:13:52.306419,short,6.131,6.3134,5.9486,5.7663,5.5839,6.3134,sl,-0.1824,-1.0,6.315,6.1685,6.2793,6.2516,6.2488,6.2169,6.2137,3.97
LINK,2023-07-27 10:13:52.306419,2023-07-27 18:13:52.306419,long,6.962,6.792,7.132,7.302,7.472,7.472,tp3,0.4505,2.65,7.665,6.8252,7.0467,6.9359,7.0612,6.9786,6.7883,5.72
LINK,2023-08-27 06:13:52.306419,2023-08-31 00:13:52.306419,short,6.132,6.3533,5.9107,5.6894,5.4681,6.3533,sl,-0.0443,-0.2,6.34,6.0508,6.2181,6.153,6.2023,6.1779,6.4312,1.91
LINK,2023-09-04 10:13:52.306419,2023-09-05 01:13:52.306419,short,5.957,6.0379,5.8761,5.7952,5.7143,6.0379,sl,-0.0162,-0.2,6.003,5.9231,6.0287,5.9922,5.9672,5.9823,6.1482,1.48
LINK,2023-09-16 09:13:52.306419,2023-09-16 21:13:52.306419,long,6.28,6.213,6.347,6.4139,6.4809,6.213,sl,-0.067,-1.0,6.219,6.2119,6.3477,6.2595,6.249,6.2544,6.1615,0.98
LINK,2023-10-15 09:13:52.306419,2023-10-15 16:13:52.306419,short,7.524,7.6686,7.3794,7.2347,7.0901,7.6686,sl,-0.1446,-1.0,7.631,7.515,7.6672,7.5634,7.5807,7.5851,7.6075,1.62
LINK,2023-10-17 20:13:52.306419,2023-10-23 23:13:52.306419,short,7.308,7.692,6.924,6.54,6.1559,7.692,sl,-0.384,-1.0,7.499,7.2787,7.4997,7.3431,7.4982,7.4202,7.3835,7.12
LINK,2023-10-28 16:13:52.306419,2023-10-29 02:13:52.306419,long,7.784,7.3666,8.2014,8.6189,9.0363,9.0363,tp3,0.7722,1.85,8.897,7.261,7.8695,7.6413,8.0916,7.7802,7.5102,3.42
LINK,2023-12-11 13:13:52.306419,2023-12-11 21:13:52.306419,long,15.904,15.6267,16.1813,16.4586,16.7359,15.6267,sl,-0.0555,-0.2,15.625,15.7273,16.1285,15.8833,15.9417,15.8045,15.1429,4.73
LINK,2023-12-19 14:13:52.306419,2024-01-04 01:13:52.306419,short,14.78,16.047,13.513,12.2459,10.9789,16.047,sl,-1.267,-1.0,16.142,14.9,15.5667,15.3333,15.3255,15.2772,15.1625,5.12
LINK,2024-01-10 21:13:52.306419,2024-01-10 22:13:52.306419,short,14.93,15.7731,14.0869,13.2439,12.4008,12.4008,tp3,2.5292,3.0,13.909,15.0069,15.7416,15.2595,15.2021,15.3329,15.4252,9.29
LINK,2024-01-24 18:13:52.306419,2024-01-25 23:13:52.306419,long,15.863,15.135,16.591,17.319,18.047,15.135,sl,-0.728,-1.0,15.235,15.291,16.119,15.8775,15.4568,15.4836,15.0529,2.39
LINK,2024-02-27 03:13:52.306419,2024-02-27 10:13:52.306419,long,20.03,19.7559,20.3041,20.5782,20.8523,19.7559,sl,-0.2741,-1.0,19.736,19.8588,20.1612,20.0251,19.9407,19.94,19.733,0.92
LINK,2024-02-29 11:13:52.306419,2024-03-06 18:13:52.306419,short,18.135,19.4969,16.7731,15.4112,14.0493,19.4969,sl,-1.3619,-1.0,19.392,18.7964,19.3106,19.0792,19.0502,18.954,18.8517,2.4
LINK,2024-03-19 04:13:52.306419,2024-03-20 03:13:52.306419,long,21.364,19.9206,22.8074,24.2508,25.6943,19.9206,sl,-1.4434,-1.0,20.343,20.3675,21.6177,21.2705,20.6173,20.6827,20.2864,2.63
LINK,2024-04-10 20:13:52.306419,2024-04-12 15:13:52.306419,short,18.054,18.339,17.769,17.484,17.1989,17.1989,tp3,0.5273,1.85,17.292,17.6591,18.1376,17.9582,17.6718,17.8232,18.3504,1.43
LINK,2024-05-18 18:13:52.306419,2024-05-24 04:13:52.306419,short,13.513,14.1808,12.8452,12.1774,11.5096,14.1808,sl,-0.1336,-0.2,14.418,13.0948,14.063,13.8337,13.8496,13.668,13.656,4.12
LINK,2024-05-24 04:13:52.306419,2024-06-04 03:13:52.306419,long,14.418,13.0686,15.7674,17.1168,18.4662,18.4662,tp3,2.4964,1.85,18.604,16.9644,17.4397,17.1589,17.5208,17.3419,16.7826,3.93
LINK,2024-06-08 13:13:52.306419,2024-06-11 02:13:52.306419,long,18.334,17.7165,18.9515,19.569,20.1865,17.7165,sl,-0.6175,-1.0,17.682,18.0598,18.5387,18.1888,18.0604,18.1847,17.9992,2.13
LINK,2024-07-12 08:13:52.306419,2024-07-23 06:13:52.306419,short,12.921,14.2108,11.6312,10.3414,9.0515,14.2108,sl,-0.258,-0.2,14.254,12.878,13.7172,13.0878,13.8462,13.534,13.1364,1.72
LINK,2024-07-28 19:13:52.306419,2024-07-30 09:13:52.306419,long,14.254,13.7856,14.7224,15.1908,15.6593,13.7856,sl,0.3982,0.85,13.93,14.1005,14.7265,14.2309,14.185,14.2337,13.9503,1.78
LINK,2024-08-24 15:13:52.306419,2024-08-26 01:13:52.306419,short,10.08,10.3857,9.7743,9.4685,9.1628,10.3857,sl,-0.3057,-1.0,10.38,10.0467,10.2004,10.1065,10.1875,10.1749,10.3472,4.16
LINK,2024-08-30 04:13:52.306419,2024-09-09 08:13:52.306419,long,11.34,10.3792,12.3008,13.2616,14.2224,10.3792,sl,-0.1922,-0.2,10.27,10.75,11.1812,11.1094,10.7119,10.8663,11.1633,2.95
LINK,2024-09-27 13:13:52.306419,2024-10-10 04:13:52.306419,long,11.43,10.5464,12.3136,13.1973,14.0809,10.5464,sl,-0.1767,-0.2,10.55,10.78,11.8283,10.9958,11.031,11.4089,11.8815,2.32
LINK,2024-10-26 09:13:52.306419,2024-10-31 04:13:52.306419,long,11.48,11.0204,11.9396,12.3992,12.8588,11.0204,sl,-0.0919,-0.2,11.14,11.65,12.25,12.075,11.4853,11.666,11.5312,2.01
LINK,2024-12-23 10:13:52.306419,2024-12-23 12:13:52.306419,long,29.48,28.6925,30.2675,31.055,31.8425,28.6925,sl,-0.7875,-1.0,28.69,28.7075,29.9679,29.3377,28.998,28.9259,26.8013,1.02
LINK,2024-12-28 23:13:52.306419,2024-12-31 06:13:52.306419,short,22.85,23.7942,21.9058,20.9617,20.0175,23.7942,sl,-0.1888,-0.2,24.41,21.845,22.915,22.2462,22.8089,22.7078,24.2295,2.03
LINK,2025-01-13 11:13:52.306419,2025-01-14 22:13:52.306419,long,23.61,23.0538,24.1662,24.7224,25.2786,23.0538,sl,0.4728,0.85,23.13,23.3325,24.1367,23.8552,23.5418,23.5508,22.8975,1.19
LINK,2025-02-17 07:13:52.306419,2025-02-17 10:13:52.306419,short,17.62,18.5833,16.6567,15.6933,14.73,18.5833,sl,-0.9633,-1.0,18.45,17.8908,18.5462,18.269,18.4066,18.4948,19.8222,1.68
LINK,2025-03-02 22:13:52.306419,2025-03-04 08:13:52.306419,short,17.62,18.3692,16.8708,16.1217,15.3725,15.3725,tp3,1.386,1.85,15.19,16.4725,18.13,17.7156,16.401,16.9549,17.8303,5.1
LINK,2025-03-17 23:13:52.306419,2025-03-27 10:13:52.306419,short,13.75,15.1227,12.3773,11.0046,9.6319,15.1227,sl,-0.2745,-0.2,14.83,13.725,14.5863,14.0231,14.4863,14.1904,14.0039,1.74
LINK,2025-04-07 05:13:52.306419,2025-04-09 00:13:52.306419,short,13.6,14.1048,13.0952,12.5904,12.0855,14.1048,sl,-0.101,-0.2,14.04,13.1954,13.7133,13.6427,13.7897,13.6895,14.1282,3.6
LINK,2025-04-09 23:13:52.306419,2025-04-10 01:13:52.306419,short,13.54,14.1032,12.9768,12.4137,11.8505,14.1032,sl,-0.5632,-1.0,14.05,13.3708,14.075,13.5604,13.713,13.7408,14.0594,5.25
LINK,2025-04-21 03:13:52.306419,2025-04-21 05:13:52.306419,long,13.13,12.6131,13.6469,14.1639,14.6808,12.6131,sl,-0.5169,-1.0,12.67,12.7433,13.2558,13.1021,12.9026,12.8239,12.5294,2.68
LINK,2025-04-24 03:13:52.306419,2025-04-26 12:13:52.306419,short,11.95,12.7246,11.1754,10.4009,9.6263,12.7246,sl,-0.7746,-1.0,12.7,12.4167,12.655,12.5792,12.6069,12.5593,12.5335,1.49
LINK,2025-04-28 00:13:52.306419,2025-04-30 14:13:52.306419,long,13.16,12.6613,13.6587,14.1574,14.6561,14.6561,tp3,0.9226,1.85,14.71,13.0738,13.9133,13.5581,13.9601,13.6187,13.0624,1.02
LINK,2025-05-04 10:13:52.306419,2025-05-04 11:13:52.306419,long,15.06,14.8702,15.2498,15.4396,15.6294,14.8702,sl,-0.1898,-1.0,14.65,14.9,15.245,14.9719,14.888,14.8926,14.1809,2.36
LINK,2025-05-26 05:13:52.306419,2025-05-26 09:13:52.306419,short,15.19,15.8775,14.5025,13.8149,13.1274,15.8775,sl,-0.6875,-1.0,15.88,15.2362,15.8458,15.3748,15.6554,15.6889,15.9617,1.11
LINK,2025-06-21 04:13:52.306419,2025-07-18 03:13:52.306419,short,13.14,14.5979,11.6821,10.2242,8.7663,14.5979,sl,-0.2916,-0.2,14.7,13.9433,14.41,14.34,14.3463,14.1318,13.6596,1.64
LINK,2025-08-18 00:13:52.306419,2025-08-30 02:13:52.306419,long,22.16,20.3841,23.9359,25.7117,27.4876,27.4876,tp3,3.2853,1.85,27.41,24.6733,26.19,24.965,25.3372,25.2294,24.2206,3.28
LINK,2025-09-08 09:13:52.306419,2025-09-08 18:13:52.306419,short,23.2,23.8,22.6,22.0,21.4,23.8,sl,-0.6,-1.0,23.8,23.2067,23.9533,23.7133,23.3944,23.5102,23.9711,1.52
LINK,2025-09-24 00:13:52.306419,2025-09-25 09:13:52.306419,short,23.36,24.2183,22.5017,21.6433,20.785,24.2183,sl,-0.8583,-1.0,23.99,22.9833,23.6367,23.52,23.4018,23.4675,23.7162,1.02
LINK,2025-09-28 11:13:52.306419,2025-10-18 06:13:52.306419,short,23.31,24.564,22.056,20.8019,19.5479,19.5479,tp3,2.32,1.85,19.52,21.5333,22.6242,22.5073,21.5718,21.8919,22.1148,4.86
LTC,2018-03-14 18:13:58.591300,2018-03-14 22:13:58.591300,long,213.2,209.244,217.156,221.112,225.068,209.244,sl,-3.956,-1.0,209.3,209.04,217.7667,213.0917,212.3155,211.3523,211.0984,1.32
LTC,2018-04-06 09:13:58.591300,2018-04-06 19:13:58.591300,short,159.17,165.0261,153.3139,147.4579,141.6018,141.6018,tp3,10.8337,1.85,143.27,157.16,164.685,159.7938,153.2359,157.3106,161.9213,2.52
LTC,2018-04-21 06:13:58.591300,2018-04-23 01:13:58.591300,short,114.21,118.8481,109.5719,104.9339,100.2958,118.8481,sl,-4.6381,-1.0,118.4,113.2038,114.9404,113.9635,114.8004,114.7126,117.609,4.17
LTC,2018-06-05 09:13:58.591300,2018-06-13 21:13:58.591300,short,119.43,124.362,114.498,109.566,104.6341,124.362,sl,4.1922,0.85,124.09,117.57,120.42,118.995,122.0332,120.6084,120.4393,1.15
LTC,2018-06-18 11:13:58.591300,2018-06-19 09:13:58.591300,long,122.1,118.8942,125.3058,128.5115,131.7173,118.8942,sl,-3.2058,-1.0,119.31,120.19,122.6233,121.7717,120.6636,120.9523,121.0576,1.1
LTC,2018-06-26 23:13:58.591300,2018-06-30 15:13:58.591300,short,96.84,101.5114,92.1686,87.4973,82.8259,101.5114,sl,-4.6714,-1.0,99.67,92.89,97.9433,94.3112,98.0011,97.0905,100.055,2.83
LTC,2018-08-05 14:13:58.591300,2018-08-06 04:13:58.591300,long,87.7,85.6983,89.7017,91.7035,93.7052,85.6983,sl,-2.0017,-1.0,85.85,86.0475,88.0275,87.4088,86.8,86.6715,85.0428,1.13
LTC,2018-10-04 06:13:58.591300,2018-10-04 13:13:58.591300,long,61.81,59.5781,64.0419,66.2738,68.5057,59.5781,sl,-2.2319,-1.0,59.9,59.455,62.365,60.7888,61.0025,60.5043,57.6709,1.57
LTC,2018-10-23 21:13:58.591300,2018-10-23 23:13:58.591300,short,53.7,54.2783,53.1217,52.5433,51.965,54.2783,sl,-0.5783,-1.0,53.95,52.395,54.17,53.7262,53.8649,53.9356,56.1308,1.21
LTC,2018-10-24 17:13:58.591300,2018-10-25 13:13:58.591300,short,53.76,54.3176,53.2024,52.6448,52.0872,54.3176,sl,0.4739,0.85,57.16,53.6208,54.2683,53.8906,53.6708,53.7508,55.3759,5.14
LTC,2018-11-04 03:13:58.591300,2018-11-08 17:13:58.591300,short,53.03,53.6571,52.4029,51.7758,51.1487,51.1487,tp3,1.1601,1.85,48.92,51.975,52.3417,52.1354,51.7324,52.0577,52.901,8.01
LTC,2018-11-10 10:13:58.591300,2018-11-10 20:13:58.591300,short,49.36,50.1447,48.5753,47.7907,47.006,50.1447,sl,-0.1569,-0.2,50.26,48.9971,49.8242,49.2452,49.3563,49.7231,51.5011,6.73
LTC,2018-11-28 20:13:58.591300,2018-11-29 03:13:58.591300,short,42.37,43.0622,41.6778,40.9856,40.2934,40.2934,tp3,1.2806,1.85,40.34,42.0471,43.1504,42.3919,41.9806,42.5332,45.8794,3.14
LTC,2018-12-27 02:13:58.591300,2019-01-02 09:13:58.591300,long,26.15,23.8485,28.4515,30.7531,33.0546,33.0546,tp3,4.2579,1.85,33.1,29.9188,31.7625,30.349,31.7886,31.1893,29.2669,2.56
LTC,2019-02-27 07:13:58.591300,2019-02-28 14:13:58.591300,long,43.87,42.3027,45.4373,47.0045,48.5718,48.5718,tp3,2.8995,1.85,47.61,42.9933,44.96,44.075,45.1155,44.2351,42.4983,3.62
LTC,2019-03-07 08:13:58.591300,2019-03-15 11:13:58.591300,short,43.98,51.7733,36.1867,28.3933,20.6,51.7733,sl,-7.7933,-1.0,51.42,44.9392,47.7079,45.9544,46.9812,46.8151,46.802,10.23
LTC,2019-04-01 21:13:58.591300,2019-04-04 11:13:58.591300,long,59.83,58.2508,61.4092,62.9885,64.5677,58.2508,sl,-0.3158,-0.2,58.89,59.2633,60.4917,59.6542,59.2928,59.5501,59.2302,1.73
LTC,2019-04-08 00:13:58.591300,2019-04-09 08:13:58.591300,long,60.66,60.1079,61.2121,61.7642,62.3164,60.1079,sl,0.4693,0.85,60.36,60.2875,61.1125,60.5281,60.7425,60.7302,60.0451,3.53
LTC,2019-04-11 20:13:58.591300,2019-04-12 16:13:58.591300,long,64.96,60.033,69.887,74.8139,79.7409,79.7409,tp3,9.1149,1.85,82.53,59.62,70.575,60.7938,71.0131,66.5356,62.1476,3.42
LTC,2019-04-20 14:13:58.591300,2019-04-20 19:13:58.591300,long,88.04,85.2691,90.8109,93.5818,96.3526,85.2691,sl,-2.7709,-1.0,84.39,85.44,88.27,87.0319,87.2976,87.5135,84.3428,2.26
LTC,2019-05-05 13:13:58.591300,2019-05-05 18:13:58.591300,short,72.69,74.1079,71.2721,69.8542,68.4362,74.1079,sl,-0.2836,-0.2,74.57,70.8125,73.8542,73.3979,73.0613,73.4107,76.3166,3.49
LTC,2019-05-18 23:13:58.591300,2019-05-19 20:13:58.591300,short,74.28,75.9829,72.5771,70.8742,69.1713,75.9829,sl,-1.7029,-1.0,77.5,73.1292,74.7333,74.2229,74.0412,74.2811,74.7719,5.71
LTC,2019-06-14 18:13:58.591300,2019-06-16 03:13:58.591300,short,102.07,106.5527,97.5873,93.1046,88.622,106.5527,sl,-4.4827,-1.0,108.73,101.2008,104.2717,102.8898,104.0169,104.0791,106.8009,2.94
LTC,2019-06-17 14:13:58.591300,2019-06-21 08:13:58.591300,long,116.69,109.1147,124.2653,131.8407,139.416,139.416,tp3,14.0144,1.85,139.1,122.775,135.1775,126.7212,132.9833,127.9549,117.7733,1.19
LTC,2019-06-28 08:13:58.591300,2019-06-30 19:13:58.591300,long,134.9,131.42,138.38,141.8601,145.3401,131.42,sl,-0.696,-0.2,136.65,134.8958,138.6875,136.6562,136.8525,136.1644,133.3606,2.86
LTC,2019-07-05 11:13:58.591300,2019-07-05 17:13:58.591300,short,134.66,137.0536,132.2664,129.8729,127.4793,137.0536,sl,-2.3936,-1.0,137.1,133.45,136.78,135.485,135.1979,135.503,135.8458,0.51
LTC,2019-07-16 20:13:58.591300,2019-07-16 23:13:58.591300,short,118.34,119.9469,116.7331,115.1262,113.5193,119.9469,sl,-1.6069,-1.0,119.46,117.8475,119.7075,118.4288,118.4716,118.8266,121.366,3.0
LTC,2019-07-17 08:13:58.591300,2019-07-17 14:13:58.591300,short,118.21,119.8392,116.5808,114.9516,113.3224,119.8392,sl,-1.6292,-1.0,119.59,117.8,119.4,118.3,118.7223,118.8163,121.0102,1.63
LTC,2019-07-21 09:13:58.591300,2019-07-25 23:13:58.591300,short,101.9,109.9662,93.8338,85.7677,77.7015,77.7015,tp3,14.9224,1.85,79.44,87.73,92.0338,88.7081,87.5471,90.1047,100.9794,6.06
LTC,2019-08-06 16:13:58.591300,2019-08-09 18:13:58.591300,short,88.39,93.5292,83.2508,78.1116,72.9724,93.5292,sl,-1.0278,-0.2,95.83,89.09,91.39,90.585,92.1305,91.1383,91.8252,4.85
LTC,2019-08-21 22:13:58.591300,2019-08-24 10:13:58.591300,short,85.86,89.6064,82.1136,78.3673,74.6209,74.6209,tp3,6.9308,1.85,75.05,77.2346,86.79,85.0298,78.5938,81.5933,86.3988,0.57
LTC,2019-08-31 21:13:58.591300,2019-09-01 11:13:58.591300,short,73.31,74.4181,72.2019,71.0938,69.9856,74.4181,sl,-0.2216,-0.2,74.71,72.015,74.265,73.7962,73.5204,73.5435,75.9868,3.07
LTC,2019-09-03 02:13:58.591300,2019-09-03 08:13:58.591300,short,72.56,74.7479,70.3721,68.1841,65.9962,74.7479,sl,-2.1879,-1.0,74.22,71.9562,74.7875,72.8056,73.2239,73.4133,75.1245,2.73
LTC,2019-09-24 22:13:58.591300,2019-09-25 11:13:58.591300,long,71.38,69.5356,73.2243,75.0687,76.913,69.5356,sl,-1.8443,-1.0,69.8,69.7125,71.3762,70.5444,70.6236,70.3242,69.5145,1.21
LTC,2019-09-25 15:13:58.591300,2019-09-26 14:13:58.591300,long,70.8,69.5731,72.0269,73.2538,74.4808,74.4808,tp3,2.2698,1.85,75.12,70.8329,74.41,72.6215,72.8443,71.8291,70.1896,3.16
LTC,2019-10-29 05:13:58.591300,2019-10-29 12:13:58.591300,short,53.03,53.9076,52.1524,51.2748,50.3972,53.9076,sl,-0.8776,-1.0,54.12,52.8775,53.5525,53.2488,53.3587,53.4131,54.4267,3.09
LTC,2019-12-19 07:13:58.591300,2019-12-25 12:13:58.591300,short,44.35,45.571,43.129,41.9081,40.6871,40.6871,tp3,2.6861,2.2,39.86,43.06,43.8562,43.2744,42.7437,43.1497,43.9472,11.46
LTC,2019-12-30 20:13:58.591300,2019-12-31 01:13:58.591300,short,39.75,40.2487,39.2513,38.7527,38.254,40.2487,sl,-0.4987,-1.0,41.09,39.66,40.16,39.7642,39.9199,39.8461,40.7287,7.66
LTC,2020-01-03 18:13:58.591300,2020-01-04 10:13:58.591300,short,39.89,40.7614,39.0186,38.1473,37.2759,40.7614,sl,-0.8714,-1.0,40.62,39.6717,40.255,39.9269,39.9907,40.1324,40.5956,5.54
LTC,2020-01-22 18:13:58.591300,2020-01-23 03:13:58.591300,long,50.81,49.547,52.073,53.3361,54.5991,54.5991,tp3,2.3366,1.85,53.69,49.3425,51.2888,50.0994,52.0395,50.9203,47.9517,2.17
LTC,2020-02-11 18:13:58.591300,2020-02-12 08:13:58.591300,long,71.52,69.2612,73.7788,76.0376,78.2964,69.2612,sl,-2.2588,-1.0,69.92,69.6067,72.04,70.945,70.5695,70.3698,65.4465,1.43
LTC,2020-02-23 09:13:58.591300,2020-02-24 08:13:58.591300,long,81.84,79.3809,84.2991,86.7582,89.2172,79.3809,sl,-2.4591,-1.0,78.93,79.625,82.32,81.4625,80.9945,80.9165,77.6415,2.79
LTC,2020-03-10 00:13:58.591300,2020-03-11 01:13:58.591300,short,58.92,60.2857,57.5543,56.1885,54.8228,60.2857,sl,-0.2731,-0.2,60.33,57.9058,59.7712,59.0081,58.8503,58.9701,63.8627,1.92
LTC,2020-03-18 13:13:58.591300,2020-03-20 21:13:58.591300,short,49.79,53.2212,46.3588,42.9275,39.4963,39.4963,tp3,6.3478,1.85,34.25,47.0496,50.9954,50.4035,44.8007,47.4064,53.8994,3.99
LTC,2020-04-11 01:13:58.591300,2020-04-15 04:13:58.591300,long,39.94,38.3556,41.5244,43.1087,44.6931,44.6931,tp3,2.9311,1.85,44.84,39.86,41.6333,40.5567,42.3312,41.4253,40.0993,1.31
LTC,2020-05-16 23:13:58.591300,2020-05-18 09:13:58.591300,long,47.05,45.6053,48.4947,49.9395,51.3842,45.6053,sl,-0.2889,-0.2,42.64,47.145,48.525,48.0075,47.2143,47.3744,46.9436,8.89
LTC,2020-05-19 21:13:58.591300,2020-05-22 00:13:58.591300,short,41.83,43.3198,40.3402,38.8504,37.3606,43.3198,sl,-0.298,-0.2,43.23,41.2821,42.7529,42.2381,42.4864,42.4033,44.1009,1.61
LTC,2020-05-27 07:13:58.591300,2020-05-29 00:13:58.591300,long,45.28,43.8471,46.7129,48.1457,49.5786,43.8471,sl,-1.4329,-1.0,43.65,44.8462,45.795,45.3206,45.3472,45.1718,44.4337,6.33
LTC,2020-06-17 18:13:58.591300,2020-06-19 03:13:58.591300,short,46.1,46.8247,45.3753,44.6506,43.9259,46.8247,sl,-0.1449,-0.2,46.39,45.7562,46.2662,46.1706,46.0881,46.1194,46.3138,4.85
LTC,2020-06-21 20:13:58.591300,2020-07-04 16:13:58.591300,short,44.56,45.5334,43.5866,42.6132,41.6398,41.6398,tp3,1.8008,1.85,41.58,42.0562,43.0596,42.4952,42.3788,42.7024,43.3755,5.04
LTC,2020-07-10 21:13:58.591300,2020-07-12 23:13:58.591300,short,40.76,41.9871,39.5329,38.3057,37.0786,41.9871,sl,-1.2271,-1.0,42.08,40.93,41.645,41.3525,41.5796,41.4703,41.7524,4.02
LTC,2020-07-24 08:13:58.591300,2020-07-24 13:13:58.591300,short,43.22,43.911,42.529,41.838,41.1471,41.1471,tp3,1.5202,2.2,41.9,43.1833,43.77,43.37,43.1227,43.4335,43.7551,6.56
LTC,2020-07-29 00:13:58.591300,2020-07-29 13:13:58.591300,short,42.21,42.7178,41.7022,41.1945,40.6867,42.7178,sl,-0.1016,-0.2,43.34,42.0033,42.6367,42.225,42.3695,42.3389,42.7063,4.15
LTC,2020-08-02 07:13:58.591300,2020-08-03 02:13:58.591300,long,45.51,44.2601,46.7599,48.0099,49.2598,49.2598,tp3,2.3124,1.85,49.27,44.9383,48.77,47.4592,47.4193,46.2044,44.3761,1.15
LTC,2020-08-04 23:13:58.591300,2020-08-10 08:13:58.591300,long,51.55,47.783,55.317,59.084,62.851,62.851,tp3,6.969,1.85,63.38,57.6612,61.155,59.9456,60.8354,59.3119,54.3103,1.67
LTC,2020-08-18 21:13:58.591300,2020-08-19 16:13:58.591300,long,58.52,57.1093,59.9307,61.3414,62.7521,57.1093,sl,-1.4107,-1.0,57.6,57.0704,58.5996,58.0644,57.9656,57.9109,57.6352,0.99
LTC,2020-08-23 15:13:58.591300,2020-08-25 05:13:58.591300,long,57.17,54.9798,59.3602,61.5504,63.7405,63.7405,tp3,4.0518,1.85,63.87,58.3046,62.93,61.7056,61.7208,60.2132,57.8226,1.79
LTC,2020-08-31 07:13:58.591300,2020-09-01 13:13:58.591300,short,59.46,62.2334,56.6866,53.9132,51.1398,62.2334,sl,-2.7734,-1.0,62.02,58.405,60.34,59.2919,60.714,60.3266,60.7626,1.88
LTC,2020-09-09 09:13:58.591300,2020-09-10 17:13:58.591300,long,61.71,60.1944,63.2256,64.7413,66.2569,60.1944,sl,-0.3031,-0.2,58.59,61.4225,63.54,62.4812,61.9957,61.9417,60.393,5.1
LTC,2020-10-25 19:13:58.591300,2020-10-29 09:13:58.591300,short,46.87,49.5051,44.2349,41.5999,38.9648,49.5051,sl,-2.6351,-1.0,49.14,47.06,48.285,48.0663,47.4342,47.4816,47.9192,5.7
LTC,2020-11-10 12:13:58.591300,2020-11-10 14:13:58.591300,long,55.88,54.5066,57.2534,58.6268,60.0002,54.5066,sl,-1.3734,-1.0,54.1,54.7467,56.055,55.5971,55.4677,55.3108,55.2629,4.2
LTC,2020-11-23 04:13:58.591300,2020-11-24 04:13:58.591300,long,63.34,61.1437,65.5363,67.7326,69.9288,61.1437,sl,-2.1963,-1.0,62.23,61.9975,64.4675,62.9238,62.5122,62.748,61.0458,0.99
LTC,2020-11-26 23:13:58.591300,2020-11-28 01:13:58.591300,long,73.93,70.9678,76.8922,79.8544,82.8167,82.8167,tp3,5.4801,1.85,82.65,71.05,75.4233,74.6033,77.7186,75.173,68.6817,1.24
LTC,2021-02-01 19:13:58.591300,2021-02-01 23:13:58.591300,short,135.92,141.3317,130.5083,125.0966,119.685,141.3317,sl,-5.4117,-1.0,141.01,136.5854,141.0725,138.0131,138.8854,139.045,142.4018,1.37
LTC,2021-04-30 04:13:58.591300,2021-04-30 05:13:58.591300,short,262.65,268.6425,256.6575,250.6651,244.6726,268.6425,sl,-5.9925,-1.0,278.73,253.8762,269.885,263.6594,264.4923,264.0537,266.7656,2.26
LTC,2021-08-17 04:13:58.591300,2021-08-19 13:13:58.591300,long,155.64,149.0114,162.2686,168.8972,175.5259,175.5259,tp3,12.2629,1.85,174.09,161.4533,169.4433,165.1154,171.1305,166.8852,155.0799,1.11
LTC,2021-08-26 15:13:58.591300,2021-08-28 02:13:58.591300,short,166.92,179.373,154.467,142.0139,129.5609,179.373,sl,-12.453,-1.0,180.8,163.9517,174.285,166.8579,175.5785,173.547,172.4856,2.07
LTC,2021-08-28 20:13:58.591300,2021-09-01 05:13:58.591300,long,182.77,173.0382,192.5018,202.2335,211.9653,173.0382,sl,-9.7318,-1.0,173.94,183.465,190.245,186.5725,183.4612,184.5604,180.0362,2.9
LTC,2021-09-10 15:13:58.591300,2021-09-11 06:13:58.591300,long,184.0,174.6167,193.3833,202.7665,212.1498,212.1498,tp3,17.359,1.85,213.3,177.05,194.6,183.125,195.383,187.9188,179.3056,2.25
LTC,2021-10-07 06:13:58.591300,2021-10-07 13:13:58.591300,short,144.7,149.0642,140.3358,135.9716,131.6074,149.0642,sl,-4.3642,-1.0,150.3,143.2667,148.1708,144.3812,146.1493,146.398,152.9812,1.12
LTC,2021-10-22 08:13:58.591300,2021-10-28 03:13:58.591300,long,180.4,172.0302,188.7698,197.1395,205.5093,205.5093,tp3,15.484,1.85,206.5,183.7208,190.4333,187.0771,192.201,188.9986,184.2926,3.37
LTC,2021-11-03 10:13:58.591300,2021-11-03 18:13:58.591300,long,197.6,192.5017,202.6983,207.7966,212.8948,192.5017,sl,-1.0197,-0.2,190.9,191.525,197.0375,194.8938,197.3374,196.0006,193.5376,2.26
LTC,2021-11-08 13:13:58.591300,2021-11-08 18:13:58.591300,short,190.1,193.695,186.505,182.9101,179.3151,193.695,sl,-3.595,-1.0,194.1,189.1083,193.05,191.4375,191.4473,191.3741,191.4763,1.9
LTC,2022-01-07 08:13:58.591300,2022-01-07 19:13:58.591300,short,147.7,149.5694,145.8306,143.9612,142.0919,149.5694,sl,-1.8694,-1.0,152.0,146.1583,149.6167,148.0604,148.4656,148.5769,152.2914,3.3
LTC,2022-01-12 22:13:58.591300,2022-01-13 07:13:58.591300,short,148.0,150.6465,145.3535,142.707,140.0604,140.0604,tp3,7.0133,2.65,139.7,147.0958,150.075,148.3146,147.0509,147.9988,149.6478,5.42
LTC,2022-02-04 17:13:58.591300,2022-02-06 00:13:58.591300,short,106.9,111.0132,102.7868,98.6735,94.5603,111.0132,sl,-4.1132,-1.0,111.5,105.9667,109.1333,107.3917,109.3195,108.4561,112.6056,1.25
LTC,2022-02-21 04:13:58.591300,2022-02-22 12:13:58.591300,short,125.6,128.3144,122.8856,120.1711,117.4566,128.3144,sl,-0.5429,-0.2,127.7,123.275,127.025,126.2438,124.6755,125.2947,127.0011,1.77
LTC,2022-04-05 05:13:58.591300,2022-04-08 01:13:58.591300,long,131.7,124.7708,138.6292,145.5584,152.4876,124.7708,sl,-6.9292,-1.0,125.3,128.5667,132.025,130.4688,129.6998,130.0237,126.3867,3.89
LTC,2022-04-20 01:13:58.591300,2022-04-21 00:13:58.591300,short,104.1,109.385,98.815,93.53,88.245,109.385,sl,-5.285,-1.0,109.8,103.05,105.75,104.5688,105.8489,105.8241,111.4463,4.01
LTC,2022-05-02 02:13:58.591300,2022-05-04 10:13:58.591300,short,104.8,107.1722,102.4278,100.0555,97.6833,97.6833,tp3,4.3887,1.85,98.6,100.4292,104.9917,104.5354,101.1629,102.5474,106.1371,2.06
LTC,2022-06-05 09:13:58.591300,2022-06-05 23:13:58.591300,short,62.6,63.8399,61.3601,60.1201,58.8802,63.8399,sl,-1.2399,-1.0,64.0,61.8333,63.4333,62.5667,62.9122,63.1085,66.2728,2.52
LTC,2022-06-16 03:13:58.591300,2022-06-18 23:13:58.591300,short,62.0,64.4787,59.5213,57.0426,54.5639,54.5639,tp3,4.5856,1.85,54.4,55.8833,60.1333,57.1583,56.8886,58.3312,61.4867,1.74
LTC,2022-07-08 17:13:58.591300,2022-07-15 12:13:58.591300,short,51.39,53.5774,49.2026,47.0153,44.8279,53.5774,sl,-0.4375,-0.2,53.42,49.5733,51.26,50.11,51.4695,50.844,51.2367,1.93
LTC,2022-07-20 23:13:58.591300,2022-07-21 10:13:58.591300,short,46.82,49.4587,44.1813,41.5426,38.9038,49.4587,sl,-2.6387,-1.0,49.56,47.575,49.1283,48.6429,48.4356,48.7669,50.412,1.32
LTC,2022-07-23 12:13:58.591300,2022-07-25 13:13:58.591300,long,51.56,49.4675,53.6525,55.7449,57.8374,57.8374,tp3,3.8711,1.85,57.66,53.5492,56.5242,55.4085,55.8394,54.5396,52.0919,1.7
LTC,2022-08-15 00:13:58.591300,2022-08-15 20:13:58.591300,long,61.48,60.6451,62.3149,63.1497,63.9846,63.9846,tp3,2.2124,2.65,63.71,60.93,61.7325,61.5096,61.798,61.3963,60.3163,2.67
LTC,2022-08-23 21:13:58.591300,2022-08-24 14:13:58.591300,short,60.98,63.9009,58.0591,55.1382,52.2174,63.9009,sl,-2.9209,-1.0,63.75,60.1133,61.77,60.9417,61.6921,61.7445,61.9523,3.12
LTC,2022-08-29 11:13:58.591300,2022-08-29 19:13:58.591300,short,54.79,55.5509,54.0291,53.2682,52.5074,52.5074,tp3,1.4076,1.85,53.11,54.04,55.44,54.95,54.4669,54.923,57.9027,3.07
LTC,2022-09-15 23:13:58.591300,2022-09-16 00:13:58.591300,short,56.73,57.7628,55.6972,54.6644,53.6316,57.7628,sl,-1.0328,-1.0,57.11,53.4983,57.6475,57.1688,56.7977,56.8179,57.4597,1.78
LTC,2022-09-17 20:13:58.591300,2022-09-23 02:13:58.591300,long,61.34,57.7933,64.8867,68.4333,71.98,57.7933,sl,-0.7093,-0.2,57.65,58.13,62.0258,59.4935,59.4886,59.9878,60.2322,2.84
LTC,2022-09-26 03:13:58.591300,2022-09-26 14:13:58.591300,short,56.09,57.5975,54.5825,53.0751,51.5676,51.5676,tp3,2.7888,1.85,51.15,53.6021,58.44,56.3056,54.6417,55.859,57.9032,6.56
LTC,2022-10-18 03:13:58.591300,2022-10-20 21:13:58.591300,short,53.03,54.1347,51.9253,50.8206,49.7158,49.7158,tp3,2.0437,1.85,49.71,51.765,52.44,52.0688,51.5588,51.9892,52.8348,4.37
LTC,2022-11-03 23:13:58.591300,2022-11-04 00:13:58.591300,long,56.36,55.5063,57.2137,58.0675,58.9212,55.5063,sl,-0.8537,-1.0,55.46,55.6175,57.3975,56.1738,56.0856,55.6637,53.6696,2.03
LTC,2022-11-13 17:13:58.591300,2022-11-15 09:13:58.591300,long,69.8,66.6028,72.9972,76.1944,79.3917,66.6028,sl,-0.6394,-0.2,67.49,68.5017,70.9308,69.109,69.2647,69.2429,64.3535,1.39
LTC,2022-11-26 08:13:58.591300,2022-11-30 13:13:58.591300,long,62.94,59.0284,66.8516,70.7633,74.6749,74.6749,tp3,7.2365,1.85,77.82,59.25,67.7996,62.016,68.472,65.4124,62.29,3.44
LTC,2022-12-03 18:13:58.591300,2022-12-05 06:13:58.591300,long,78.47,74.9544,81.9856,85.5013,89.0169,74.9544,sl,-3.5156,-1.0,75.2,75.575,78.5633,77.3408,76.7095,76.6325,72.2223,1.75
LTC,2022-12-17 05:13:58.591300,2022-12-18 12:13:58.591300,short,76.41,77.7364,75.0836,73.7572,72.4308,77.7364,sl,-1.3264,-1.0,77.16,76.0412,78.0475,76.5094,76.6718,76.7686,77.1035,2.04
LTC,2022-12-19 13:13:58.591300,2022-12-21 00:13:58.591300,short,74.77,77.6483,71.8917,69.0134,66.135,77.6483,sl,-2.8783,-1.0,79.07,73.9008,76.7767,75.0306,76.3099,76.1342,76.6674,4.23
LTC,2022-12-26 13:13:58.591300,2022-12-27 15:13:58.591300,short,63.82,65.9141,61.7259,59.6319,57.5378,65.9141,sl,-0.4188,-0.2,65.37,62.68,64.935,64.4225,63.7542,64.0904,69.0168,1.34
LTC,2023-01-03 17:13:58.591300,2023-01-04 16:13:58.591300,long,70.35,67.6133,73.0867,75.8235,78.5602,67.6133,sl,-2.7367,-1.0,67.76,68.9542,70.815,70.2229,68.7995,68.9196,67.8236,1.87
LTC,2023-01-12 14:13:58.591300,2023-01-12 20:13:58.591300,long,75.74,74.5631,76.9169,78.0938,79.2708,74.5631,sl,-1.1769,-1.0,74.73,74.7125,76.5333,75.714,75.4841,75.3165,72.2028,1.16
LTC,2023-01-15 17:13:58.591300,2023-01-16 12:13:58.591300,long,75.93,73.9406,77.9194,79.9089,81.8983,81.8983,tp3,3.6804,1.85,81.61,75.5675,76.5425,75.9738,77.2892,76.4099,74.3016,2.75
LTC,2023-01-29 23:13:58.591300,2023-01-30 07:13:58.591300,long,89.54,87.3749,91.7051,93.8702,96.0353,87.3749,sl,-2.1651,-1.0,86.99,88.1512,90.5812,89.2144,88.769,88.4062,86.3667,2.09
LTC,2023-03-02 22:13:58.591300,2023-03-03 00:13:58.591300,short,93.73,95.4142,92.0458,90.3616,88.6774,95.4142,sl,-1.6842,-1.0,95.0,92.7625,95.2238,93.7694,94.7699,94.8083,96.2463,2.0
LTC,2023-03-09 10:13:58.591300,2023-03-10 03:13:58.591300,long,97.78,94.1085,101.4515,105.123,108.7945,94.1085,sl,-3.6715,-1.0,94.03,95.1763,98.1571,97.199,96.1,96.1171,95.2357,1.59
LTC,2023-04-11 04:13:58.591300,2023-04-11 06:13:58.591300,long,93.97,91.5831,96.3569,98.7437,101.1306,91.5831,sl,-2.3869,-1.0,91.54,91.2833,93.8225,92.5529,92.3217,92.2229,90.8694,3.03
LTC,2023-04-16 16:13:58.591300,2023-04-17 08:13:58.591300,short,90.13,90.9186,89.3414,88.5529,87.7643,90.9186,sl,-0.1577,-0.2,90.97,89.8037,90.7662,90.2369,90.1762,90.3106,90.9518,1.29
LTC,2023-05-05 21:13:58.591300,2023-05-16 03:13:58.591300,short,88.99,92.1126,85.8674,82.7448,79.6222,79.6222,tp3,5.7768,1.85,76.72,81.5275,84.4225,83.8194,81.2931,82.8287,85.9953,4.15
LTC,2023-06-01 10:13:58.591300,2023-06-05 07:13:58.591300,short,84.97,91.0968,78.8432,72.7163,66.5895,91.0968,sl,-6.1268,-1.0,91.06,87.275,89.65,87.8292,89.6011,88.8188,88.4764,1.36
LTC,2023-06-13 16:13:58.591300,2023-07-01 13:13:58.591300,short,87.2,93.4515,80.9485,74.6969,68.4454,93.4515,sl,5.3138,0.85,92.04,84.76,89.7,86.47,89.709,87.6331,82.709,1.53
LTC,2023-07-09 09:13:58.591300,2023-07-14 09:13:58.591300,long,107.1,95.8155,118.3845,129.669,140.9535,95.8155,sl,-11.2845,-1.0,95.25,100.0267,106.375,103.6892,99.4517,101.8483,101.1635,1.31
LTC,2023-07-21 23:13:58.591300,2023-07-22 03:13:58.591300,long,101.14,98.6386,103.6414,106.1428,108.6443,98.6386,sl,-2.5014,-1.0,96.94,99.265,103.1238,100.7656,100.5385,99.8913,98.6066,2.9
LTC,2023-08-03 02:13:58.591300,2023-08-03 04:13:58.591300,short,89.04,89.8088,88.2712,87.5023,86.7335,89.8088,sl,-0.7688,-1.0,89.32,88.7329,89.6296,89.1252,89.3701,89.6698,91.6359,2.59
LTC,2023-08-14 10:13:58.591300,2023-08-14 13:13:58.591300,short,82.33,83.4274,81.2326,80.1353,79.0379,83.4274,sl,-1.0974,-1.0,83.18,82.2417,83.2225,82.5537,82.875,83.0796,86.4151,0.51
LTC,2023-09-02 00:13:58.591300,2023-09-06 00:13:58.591300,short,64.22,66.0118,62.4282,60.6365,58.8447,66.0118,sl,-1.7918,-1.0,69.66,64.63,65.5375,65.2488,65.5345,65.2847,66.0699,11.42
LTC,2023-09-07 17:13:58.591300,2023-09-08 01:13:58.591300,long,67.89,67.0032,68.7768,69.6636,70.5503,67.0032,sl,-0.8868,-1.0,66.11,67.0462,69.2325,67.6535,67.4247,67.2677,66.7167,4.58
LTC,2023-09-14 04:13:58.591300,2023-09-15 07:13:58.591300,short,62.45,63.5644,61.3356,60.2213,59.1069,63.5644,sl,-1.1144,-1.0,63.52,62.7412,63.3788,63.0069,63.0194,63.0554,63.9523,4.64
LTC,2023-09-17 14:13:58.591300,2023-09-22 12:13:58.591300,short,61.68,63.5706,59.7894,57.8987,56.0081,63.5706,sl,1.607,0.85,63.16,61.535,63.2812,62.4081,62.7361,62.1223,61.978,1.8
LTC,2023-09-27 00:13:58.591300,2023-09-27 22:13:58.591300,long,67.39,64.9781,69.8019,72.2138,74.6257,64.9781,sl,-2.4119,-1.0,64.81,65.9433,67.6392,66.3288,66.409,66.3977,64.7019,2.99
LTC,2023-10-18 12:13:58.591300,2023-10-23 22:13:58.591300,short,62.97,63.8833,62.0567,61.1433,60.23,63.8833,sl,0.7763,0.85,63.87,61.38,62.1717,61.5779,62.4712,62.0481,62.5123,4.7
LTC,2023-10-30 02:13:58.591300,2023-10-31 12:13:58.591300,long,65.21,63.5227,66.8973,68.5846,70.2719,70.2719,tp3,3.1215,1.85,72.13,63.9675,66.7925,66.3688,67.8948,66.3962,64.1103,3.19
LTC,2023-11-24 23:13:58.591300,2023-12-11 11:13:58.591300,short,69.99,73.2913,66.6887,63.3874,60.0861,73.2913,sl,-0.6603,-0.2,73.77,71.425,72.1538,71.8556,72.1765,71.8499,70.8161,5.09
LTC,2023-12-24 10:13:58.591300,2023-12-24 11:13:58.591300,short,72.05,72.6675,71.4325,70.8149,70.1974,72.6675,sl,-0.6175,-1.0,72.46,71.4763,72.5225,72.1156,72.1144,72.1356,72.9076,2.96
LTC,2024-01-02 20:13:58.591300,2024-01-03 03:13:58.591300,long,72.63,71.5774,73.6826,74.7352,75.7878,71.5774,sl,-0.2105,-0.2,72.42,70.9271,72.9667,72.1323,72.7381,72.4073,71.9597,2.74
LTC,2024-01-10 17:13:58.591300,2024-01-10 22:13:58.591300,short,72.99,75.0899,70.8901,68.7902,66.6904,66.6904,tp3,6.2996,3.0,65.71,72.6225,74.9025,73.2638,72.5098,73.2516,73.5795,11.45
LTC,2024-01-26 04:13:58.591300,2024-01-26 05:13:58.591300,short,69.28,70.0573,68.5027,67.7253,66.948,66.948,tp3,2.332,3.0,66.74,68.8967,69.9175,69.356,69.1008,69.3783,69.8338,4.14
LTC,2024-01-27 02:13:58.591300,2024-01-27 04:13:58.591300,short,68.05,70.3755,65.7245,63.3991,61.0736,70.3755,sl,-2.3255,-1.0,70.73,68.1267,70.235,69.3725,69.2242,69.1207,69.6195,1.57
LTC,2024-01-28 07:13:58.591300,2024-01-30 01:13:58.591300,long,71.03,68.2565,73.8035,76.5769,79.3504,68.2565,sl,-2.7735,-1.0,68.72,70.505,72.1588,71.3319,70.4264,70.7817,70.3518,0.88
LTC,2024-02-06 03:13:58.591300,2024-02-07 09:13:58.591300,long,68.17,67.3463,68.9937,69.8174,70.6411,67.3463,sl,-0.8237,-1.0,67.47,67.6525,68.5462,68.3431,68.1276,68.0191,67.7648,2.01
LTC,2024-02-11 21:13:58.591300,2024-02-12 02:13:58.591300,long,68.18,67.612,68.748,69.316,69.884,67.612,sl,-0.568,-1.0,67.57,67.75,68.475,68.2212,68.014,68.0467,67.8327,2.09
LTC,2024-02-23 17:13:58.591300,2024-02-23 20:13:58.591300,short,69.88,70.5617,69.1983,68.5166,67.835,70.5617,sl,-0.6817,-1.0,70.87,69.4271,70.4125,69.9198,70.1133,70.0686,70.0848,1.22
LTC,2024-02-24 05:13:58.591300,2024-02-24 09:13:58.591300,short,69.66,70.6352,68.6848,67.7097,66.7345,70.6352,sl,-0.9752,-1.0,70.59,69.4033,70.4942,69.7504,70.107,70.0782,70.0856,0.61
LTC,2024-02-26 00:13:58.591300,2024-02-28 01:13:58.591300,long,70.39,69.356,71.424,72.458,73.492,69.356,sl,-0.2068,-0.2,68.92,70.4917,71.2942,70.9821,70.5475,70.6553,70.3659,4.29
LTC,2024-03-01 09:13:58.591300,2024-03-02 22:13:58.591300,short,68.8,69.8519,67.7481,66.6961,65.6442,69.8519,sl,-0.2104,-0.2,69.98,68.5662,69.7512,69.4056,69.3245,69.066,69.4609,0.96
LTC,2024-03-05 00:13:58.591300,2024-03-05 11:13:58.591300,long,70.67,69.7452,71.5948,72.5195,73.4443,73.4443,tp3,1.7108,1.85,73.63,69.7483,71.3692,69.9915,71.359,70.6221,69.9298,2.42
LTC,2024-04-03 04:13:58.591300,2024-04-06 09:13:58.591300,long,93.8,88.9551,98.6449,103.4899,108.3348,108.3348,tp3,8.9631,1.85,109.06,92.75,104.1125,94.3281,103.0296,99.1611,92.9198,1.55
LTC,2024-04-29 13:13:58.591300,2024-05-02 09:13:58.591300,long,85.35,82.6394,88.0606,90.7712,93.4818,82.6394,sl,-2.7106,-1.0,83.25,84.2921,86.4571,84.7431,85.0193,85.1891,84.4517,1.82
LTC,2024-05-13 10:13:58.591300,2024-05-13 17:13:58.591300,short,81.26,82.5147,80.0053,78.7506,77.4959,82.5147,sl,-1.2547,-1.0,83.33,80.81,82.13,81.305,81.5296,81.4249,81.703,4.11
LTC,2024-05-14 08:13:58.591300,2024-05-15 00:13:58.591300,short,81.04,82.4441,79.6359,78.2317,76.8276,82.4441,sl,-1.4041,-1.0,82.23,80.3325,81.99,81.3454,81.3485,81.3612,81.6178,2.01
LTC,2024-05-16 06:13:58.591300,2024-05-16 12:13:58.591300,short,80.96,82.3982,79.5218,78.0836,76.6453,82.3982,sl,-1.4382,-1.0,82.33,80.43,82.2338,81.8869,81.4503,81.2998,81.5,0.74
LTC,2024-05-24 09:13:58.591300,2024-06-15 04:13:58.591300,long,82.43,78.9069,85.9531,89.4763,92.9994,78.9069,sl,2.9947,0.85,79.05,84.0,85.38,84.9775,83.5199,84.0407,83.9016,10.62
LTC,2024-06-16 12:13:58.591300,2024-07-02 05:13:58.591300,short,79.68,83.5835,75.7765,71.873,67.9695,67.9695,tp3,7.2215,1.85,68.28,69.6267,75.06,74.6525,70.416,72.056,74.3723,1.08
LTC,2024-07-04 07:13:58.591300,2024-07-04 23:13:58.591300,short,71.22,71.9849,70.4551,69.6901,68.9252,71.9849,sl,-0.7649,-1.0,72.45,70.71,71.5167,71.1133,71.2539,71.2327,72.7674,2.66
LTC,2024-07-08 07:13:58.591300,2024-07-10 20:13:58.591300,long,75.17,74.025,76.315,77.46,78.605,74.025,sl,-1.145,-1.0,74.29,74.51,75.445,75.3175,75.1573,75.094,74.2901,3.5
LTC,2024-07-29 17:13:58.591300,2024-07-29 23:13:58.591300,long,74.23,72.6228,75.8372,77.4444,79.0516,72.6228,sl,-1.6072,-1.0,72.52,72.7683,74.0433,73.2642,73.5359,73.3228,72.0118,1.16
LTC,2024-08-06 17:13:58.591300,2024-08-07 03:13:58.591300,long,73.94,72.8773,75.0027,76.0654,77.1281,72.8773,sl,-1.0627,-1.0,72.42,72.93,76.01,73.5717,73.4368,73.2753,72.2105,1.8
LTC,2024-08-14 20:13:58.591300,2024-08-15 00:13:58.591300,short,58.44,59.214,57.666,56.892,56.1179,56.1179,tp3,2.3221,3.0,56.66,54.4733,59.5,58.5333,58.2079,58.3983,63.111,3.11
LTC,2024-08-19 23:13:58.591300,2024-08-20 10:13:58.591300,short,59.91,62.0927,57.7273,55.5446,53.3619,62.0927,sl,-2.1827,-1.0,62.18,60.3142,61.9688,60.991,61.0886,60.8758,61.1908,0.49
LTC,2024-09-12 00:13:58.591300,2024-09-12 17:13:58.591300,long,65.26,64.2529,66.2671,67.2742,68.2813,68.2813,tp3,2.2156,2.2,68.3,64.7175,66.17,65.6512,65.8764,65.4739,64.6429,3.49
LTC,2024-09-27 12:13:58.591300,2024-10-04 23:13:58.591300,long,65.46,63.7913,67.1287,68.7973,70.466,70.466,tp3,3.087,1.85,70.15,66.2225,68.79,67.3088,69.0766,68.22,66.7737,1.33
LTC,2024-11-12 21:13:58.591300,2024-11-13 11:13:58.591300,short,66.0,67.2442,64.7558,63.5116,62.2673,67.2442,sl,-1.2442,-1.0,67.08,65.6838,67.1917,66.7119,66.2945,66.5793,68.4928,1.68
LTC,2024-12-28 23:13:58.591300,2024-12-30 14:13:58.591300,short,100.37,105.7035,95.0365,89.703,84.3695,105.7035,sl,-5.3335,-1.0,103.85,98.975,102.9,101.1338,101.1029,101.2513,107.9291,2.37
LTC,2025-01-17 05:13:58.591300,2025-01-17 17:13:58.591300,short,102.08,105.22,98.94,95.8,92.6599,105.22,sl,-3.14,-1.0,105.14,100.45,103.69,102.07,103.4506,103.7037,106.2869,0.81
LTC,2025-02-01 19:13:58.591300,2025-02-03 11:13:58.591300,long,122.46,114.6003,130.3197,138.1793,146.039,114.6003,sl,-7.8597,-1.0,114.82,121.05,127.275,124.4219,120.6312,121.471,119.385,2.43
LTC,2025-02-08 12:13:58.591300,2025-02-08 17:13:58.591300,long,130.3,126.2753,134.3247,138.3494,142.3742,126.2753,sl,-4.0247,-1.0,126.47,126.5583,132.1908,129.3746,128.758,127.1917,121.4919,3.14
LTC,2025-02-22 11:13:58.591300,2025-02-25 01:13:58.591300,long,127.59,122.3598,132.8202,138.0504,143.2806,122.3598,sl,-1.046,-0.2,122.08,127.3283,136.9017,132.4142,125.3999,127.2726,123.3619,2.94
LTC,2025-02-28 20:13:58.591300,2025-03-01 01:13:58.591300,long,135.5,129.7242,141.2758,147.0516,152.8274,129.7242,sl,-5.7758,-1.0,132.84,129.4375,137.785,135.1019,133.8036,132.3798,127.9888,2.73
LTC,2025-03-09 07:13:58.591300,2025-03-09 23:13:58.591300,long,126.07,119.4606,132.6794,139.2888,145.8982,119.4606,sl,-6.6094,-1.0,119.14,121.1125,129.5875,125.7031,122.8649,123.8762,124.2158,4.16
LTC,2025-03-31 11:13:58.591300,2025-03-31 13:13:58.591300,short,90.94,92.3109,89.5691,88.1982,86.8272,92.3109,sl,-1.3709,-1.0,92.24,90.9258,92.1267,91.3079,91.657,91.7254,92.1354,4.1
LTC,2025-04-02 03:13:58.591300,2025-04-03 04:13:58.591300,long,93.79,91.8954,95.6846,97.5792,99.4737,91.8954,sl,-0.3789,-0.2,91.69,92.67,94.98,93.3438,93.8842,93.7321,92.9129,1.17
LTC,2025-04-04 00:13:58.591300,2025-04-04 03:13:58.591300,long,94.15,92.5878,95.7122,97.2744,98.8366,92.5878,sl,-1.5622,-1.0,92.31,92.7733,95.3492,93.8271,93.4878,93.5594,93.0158,0.99
LTC,2025-04-05 11:13:58.591300,2025-04-14 09:13:58.591300,short,87.45,93.6553,81.2447,75.0395,68.8342,68.8342,tp3,11.4797,1.85,70.62,78.1929,84.98,82.1085,76.331,79.6214,83.5316,2.38
LTC,2025-04-22 00:13:58.591300,2025-04-22 01:13:58.591300,long,78.76,77.4086,80.1114,81.4628,82.8141,77.4086,sl,-1.3514,-1.0,76.44,77.5638,79.4275,78.7027,78.1186,77.9195,77.1327,2.65
LTC,2025-04-30 22:13:58.591300,2025-05-16 17:13:58.591300,long,84.5,79.8333,89.1667,93.8333,98.5,98.5,tp3,8.6333,1.85,98.08,89.8117,94.2717,92.2275,94.3858,92.2241,88.4006,1.91
LTC,2025-05-20 14:13:58.591300,2025-05-22 00:13:58.591300,long,102.64,99.1945,106.0855,109.5309,112.9764,99.1945,sl,-3.4455,-1.0,99.77,100.87,104.3762,102.3044,102.3493,102.2791,98.1845,2.08
LTC,2025-06-01 06:13:58.591300,2025-06-07 11:13:58.591300,short,96.4,100.7056,92.0944,87.7888,83.4832,83.4832,tp3,7.9653,1.85,84.06,86.2521,95.0854,89.8406,88.1853,91.0215,94.5874,1.35
LTC,2025-07-04 00:13:58.591300,2025-07-04 01:13:58.591300,long,85.15,84.0873,86.2127,87.2754,88.338,84.0873,sl,-1.0627,-1.0,84.79,84.2321,85.2267,84.7294,84.9162,84.6101,84.1093,3.73
LTC,2025-07-04 05:13:58.591300,2025-07-04 10:13:58.591300,long,84.99,84.0636,85.9164,86.8428,87.7691,84.0636,sl,-0.9264,-1.0,83.86,84.3225,85.3171,84.8198,84.629,84.5625,84.1395,0.78
LTC,2025-07-18 00:13:58.591300,2025-07-24 19:13:58.591300,long,90.97,87.7209,94.2191,97.4683,100.7174,100.7174,tp3,6.0109,1.85,100.76,95.215,99.595,96.4925,97.8653,96.8624,94.0697,2.38
LTC,2025-08-04 02:13:58.591300,2025-08-04 23:13:58.591300,long,114.21,112.5008,115.9192,117.6284,119.3376,112.5008,sl,-0.3418,-0.2,111.47,113.41,115.2433,113.9933,114.1088,114.0783,112.262,2.12
LTC,2025-08-07 04:13:58.591300,2025-08-07 09:13:58.591300,short,108.04,110.5006,105.5794,103.1189,100.6583,110.5006,sl,-0.4921,-0.2,110.5,107.9183,109.9383,108.8442,109.2739,109.5879,110.8718,1.0
LTC,2025-08-08 03:13:58.591300,2025-08-11 09:13:58.591300,short,108.77,110.6934,106.8466,104.9231,102.9997,110.6934,sl,1.6349,0.85,110.39,105.6175,109.415,107.6519,109.0165,108.231,108.9704,2.13
LTC,2025-08-14 15:13:58.591300,2025-08-23 01:13:58.591300,long,121.7,117.2833,126.1167,130.5334,134.9501,117.2833,sl,3.7542,0.85,117.61,118.43,129.4517,121.3475,121.2356,123.6693,123.2387,2.18
LTC,2025-08-27 23:13:58.591300,2025-08-30 00:13:58.591300,short,113.11,117.6098,108.6102,104.1105,99.6107,117.6098,sl,-4.4998,-1.0,119.08,114.4617,116.645,116.0992,115.5659,115.5029,117.669,8.47
LTC,2025-08-31 13:13:58.591300,2025-09-01 10:13:58.591300,long,121.2,116.4579,125.9421,130.6843,135.4264,116.4579,sl,-4.7421,-1.0,116.25,119.3371,122.8525,121.4144,119.5092,119.7605,119.0045,1.88
LTC,2025-09-05 11:13:58.591300,2025-09-09 07:13:58.591300,short,112.56,114.4359,110.6841,108.8082,106.9323,106.9323,tp3,3.4704,1.85,107.12,109.575,111.7154,110.8398,109.1476,109.746,112.0727,1.75
LTC,2025-09-26 17:13:58.591300,2025-09-27 04:13:58.591300,long,117.55,114.2219,120.8781,124.2061,127.5342,114.2219,sl,-3.3281,-1.0,113.99,114.9792,118.4133,117.4888,116.1272,116.2901,115.5868,1.37
LTC,2025-11-16 20:13:58.591300,2025-11-20 02:13:58.591300,long,105.5,97.7491,113.2509,121.0018,128.7527,97.7491,sl,-1.5502,-0.2,95.29,98.84,105.2158,102.711,100.6838,101.8078,99.5434,4.58
LTC,2025-12-01 00:13:58.591300,2025-12-01 05:13:58.591300,short,83.04,84.0845,81.9955,80.951,79.9065,84.0845,sl,-1.0445,-1.0,83.85,81.7267,83.6608,83.2212,83.2751,83.6675,89.4442,0.94
LTC,2025-12-01 19:13:58.591300,2025-12-02 01:13:58.591300,short,83.13,84.2974,81.9626,80.7952,79.6277,84.2974,sl,-1.1674,-1.0,84.18,82.3875,84.4775,83.3454,83.5201,83.6353,88.3915,1.44
LTC,2025-12-21 04:13:58.591300,2025-12-23 04:13:58.591300,short,81.31,83.1597,79.4603,77.6105,75.7608,75.7608,tp3,3.422,1.85,76.8,78.8908,81.7779,81.0006,79.2988,80.1296,81.7582,1.99
LTC,2026-01-05 03:13:58.591300,2026-01-08 02:13:58.591300,long,79.45,76.8136,82.0864,84.7229,87.3593,76.8136,sl,-2.6364,-1.0,76.93,77.7992,78.4146,78.1948,77.9957,78.1525,77.9714,2.62
LTC,2026-01-13 00:13:58.591300,2026-01-14 03:13:58.591300,long,82.76,81.6975,83.8225,84.8849,85.9474,81.6975,sl,0.9031,0.85,81.4,81.9617,83.6571,82.2877,83.233,82.9497,81.0014,1.53
LTC,2026-01-20 19:13:58.591300,2026-01-22 00:13:58.591300,short,76.14,79.5964,72.6836,69.2273,65.7709,79.5964,sl,-3.4564,-1.0,79.25,75.8,77.96,76.61,78.3226,78.0552,79.5249,1.61
LTC,2026-01-30 18:13:58.591300,2026-02-01 20:13:58.591300,short,68.29,69.5421,67.0379,65.7857,64.5336,69.5421,sl,-0.2504,-0.2,69.71,67.8125,68.7375,68.5988,68.5826,68.4762,70.2568,4.45
LTC,2026-02-06 23:13:58.591300,2026-02-13 04:13:58.591300,short,64.2,68.0592,60.3408,56.4816,52.6225,52.6225,tp3,7.1395,1.85,53.44,57.7175,60.4033,58.3279,56.2975,57.8336,61.2979,1.48
LTC,2026-02-27 23:13:58.591300,2026-02-28 01:13:58.591300,short,53.01,54.3071,51.7129,50.4157,49.1186,54.3071,sl,-1.2971,-1.0,54.89,52.4438,54.0525,53.5406,53.4537,53.3842,54.1046,3.78
LTC,2026-03-06 13:13:58.591300,2026-03-07 02:13:58.591300,long,55.95,54.2421,57.6579,59.3657,61.0736,54.2421,sl,-1.7079,-1.0,54.25,54.41,57.0875,55.8444,55.2487,55.2358,54.3165,1.4
LTC,2026-03-20 07:13:58.591300,2026-03-23 13:13:58.591300,long,54.46,53.6309,55.2891,56.1183,56.9474,56.9474,tp3,1.5339,1.85,56.65,54.5467,55.695,55.2975,55.7009,55.3517,54.7884,3.05
LTC,2026-04-05 03:13:58.591300,2026-04-15 09:13:58.591300,short,54.1,55.176,53.024,51.9481,50.8721,55.176,sl,0.9146,0.85,55.36,53.1262,54.2075,53.4506,53.8866,53.73,53.6484,2.49
LTC,2026-04-17 19:13:58.591300,2026-04-19 11:13:58.591300,long,54.56,54.0983,55.0217,55.4835,55.9452,54.0983,sl,0.3925,0.85,53.96,54.415,55.155,54.5692,54.881,54.773,54.2971,2.45
LTC,2026-04-22 21:13:58.591300,2026-05-16 04:13:58.591300,long,54.51,53.0973,55.9227,57.3353,58.748,58.748,tp3,2.6134,1.85,58.51,56.2025,56.965,56.4694,57.0958,56.7867,56.156,2.86
LTC,2026-05-17 17:13:58.591300,2026-05-19 22:13:58.591300,long,58.34,57.4848,59.1952,60.0504,60.9056,57.4848,sl,0.7269,0.85,57.81,58.0375,59.2625,58.5888,58.2875,58.4467,57.5713,1.55
LTC,2026-05-21 19:13:58.591300,2026-05-22 02:13:58.591300,short,56.97,58.3018,55.6382,54.3064,52.9746,58.3018,sl,-1.3318,-1.0,58.34,56.7283,58.0733,57.0085,57.4519,57.567,57.548,1.82
AVAX,2020-10-19 22:14:07.113246,2020-10-20 22:14:07.113246,long,4.1164,3.9906,4.2422,4.368,4.4937,4.4937,tp3,0.2327,1.85,4.6102,4.002,4.2083,4.0593,4.2616,4.163,4.0071,2.57
AVAX,2020-10-28 06:14:07.113246,2020-10-30 10:14:07.113246,short,4.035,4.1699,3.9001,3.7652,3.6302,4.1699,sl,0.1147,0.85,4.2929,3.8293,4.0517,3.9576,4.022,3.9911,4.0488,3.45
AVAX,2020-11-11 03:14:07.113246,2020-11-11 11:14:07.113246,short,3.6362,3.7222,3.5502,3.4641,3.3781,3.3781,tp3,0.1592,1.85,3.3619,3.587,3.7141,3.6324,3.5733,3.6361,3.8179,5.37
AVAX,2020-11-26 15:14:07.113246,2020-11-26 21:14:07.113246,long,3.8131,3.6545,3.9717,4.1304,4.289,3.6545,sl,-0.1586,-1.0,3.6647,3.6778,3.8375,3.7656,3.7441,3.7349,3.6247,1.04
AVAX,2020-12-05 15:14:07.113246,2021-01-13 10:14:07.113246,short,3.4746,4.0807,2.8685,2.2624,1.6563,4.0807,sl,-0.1212,-0.2,4.172,3.4539,3.7548,3.6169,3.6564,3.5862,3.3539,4.74
AVAX,2021-04-20 14:14:07.113246,2021-04-22 05:14:07.113246,long,32.2594,31.0355,33.4833,34.7072,35.9311,35.9311,tp3,2.2642,1.85,35.5524,32.0462,34.3171,32.5193,34.1585,33.4688,32.0845,2.3
AVAX,2021-04-29 16:14:07.113246,2021-04-30 16:14:07.113246,short,26.9639,27.9982,25.9296,24.8953,23.8609,23.8609,tp3,2.2755,2.2,24.5319,26.23,27.9249,27.2893,26.3295,26.7434,29.466,2.44
AVAX,2021-07-13 03:14:07.113246,2021-07-13 04:14:07.113246,long,12.399,11.7498,13.0482,13.6974,14.3466,11.7498,sl,-0.6492,-1.0,11.645,11.7733,12.7592,12.3719,12.1491,11.9269,11.5631,1.94
AVAX,2021-09-11 18:14:07.113246,2021-09-14 01:14:07.113246,long,46.57,44.438,48.702,50.8339,52.9659,44.438,sl,1.8122,0.85,46.75,45.915,48.6375,46.7812,48.3292,47.6414,45.9046,4.79
AVAX,2021-11-10 05:14:07.113246,2021-11-11 11:14:07.113246,long,66.51,63.3431,69.6769,72.8439,76.0108,76.0108,tp3,5.8588,1.85,78.36,67.5867,75.0,71.0617,72.94,69.9424,66.0613,2.5
AVAX,2021-11-17 08:14:07.113246,2021-11-18 06:14:07.113246,long,90.21,86.2102,94.2098,98.2097,102.2095,86.2102,sl,-3.9998,-1.0,85.82,88.1883,91.7533,89.5252,90.1297,89.7618,82.195,1.19
AVAX,2021-12-29 07:14:07.113246,2022-01-05 05:14:07.113246,long,118.48,106.4109,130.5491,142.6182,154.6872,106.4109,sl,-12.0691,-1.0,106.74,112.0533,118.1767,116.2283,112.9284,114.2314,114.1869,1.56
AVAX,2022-02-08 18:14:07.113246,2022-02-10 20:14:07.113246,long,69.75,66.4909,73.0091,76.2682,79.5272,66.4909,sl,-0.6518,-0.2,66.2,68.98,73.88,70.7767,68.8845,69.8909,69.4525,0.77
AVAX,2022-02-14 10:14:07.113246,2022-02-15 15:14:07.113246,long,78.93,75.6559,82.2041,85.4782,88.7523,88.7523,tp3,7.2031,2.2,89.13,77.8733,85.42,83.2975,83.4251,81.0897,75.3034,9.75
AVAX,2022-02-18 02:14:07.113246,2022-02-19 06:14:07.113246,long,91.82,84.8999,98.7401,105.6603,112.5804,84.8999,sl,-6.9201,-1.0,84.8,88.2867,92.0629,90.1748,89.0761,89.1664,83.3392,3.57
AVAX,2022-03-03 13:14:07.113246,2022-03-04 07:14:07.113246,short,71.57,78.1936,64.9464,58.3228,51.6993,78.1936,sl,-1.3247,-0.2,76.45,65.2021,75.7312,67.0823,71.3517,72.7665,78.1737,1.82
AVAX,2022-04-07 02:14:07.113246,2022-04-08 13:14:07.113246,long,97.02,91.4268,102.6132,108.2064,113.7997,91.4268,sl,-5.5932,-1.0,90.81,94.7,100.42,96.0,96.2746,95.931,91.1426,2.09
AVAX,2022-04-30 21:14:07.113246,2022-05-07 05:14:07.113246,short,73.96,77.3644,70.5556,67.1512,63.7467,63.7467,tp3,6.2982,1.85,63.98,65.5112,69.73,67.6206,66.1613,67.5397,71.0855,1.49
AVAX,2022-05-28 01:14:07.113246,2022-05-30 01:14:07.113246,short,29.71,31.3977,28.0223,26.3347,24.647,31.3977,sl,-0.3375,-0.2,32.33,28.5133,30.7342,29.7946,30.2897,30.0011,32.469,4.97
AVAX,2022-07-24 02:14:07.113246,2022-07-26 11:14:07.113246,long,20.18,18.784,21.576,22.972,24.3679,24.3679,tp3,2.5826,1.85,23.79,21.3533,24.1733,23.7817,23.0612,22.2318,20.2398,2.22
AVAX,2022-07-29 22:14:07.113246,2022-07-30 06:14:07.113246,long,25.46,23.6834,27.2366,29.0133,30.7899,23.6834,sl,-1.7766,-1.0,23.73,23.735,25.3167,25.0125,24.6257,24.5425,22.8157,1.45
AVAX,2022-08-06 17:14:07.113246,2022-08-08 09:14:07.113246,long,24.47,23.7245,25.2155,25.9609,26.7064,23.7245,sl,-0.1491,-0.2,23.73,24.15,25.03,24.59,24.5215,24.4827,23.5618,2.48
AVAX,2022-08-24 18:14:07.113246,2022-08-26 10:14:07.113246,short,27.3,28.0723,26.5277,25.7554,24.9832,24.9832,tp3,1.4287,1.85,24.21,25.1729,27.1667,26.0369,25.5032,26.1358,27.2777,4.18
AVAX,2022-09-05 03:14:07.113246,2022-09-19 21:14:07.113246,short,19.96,21.6232,18.2968,16.6337,14.9705,21.6232,sl,-0.3326,-0.2,21.5,20.2104,20.7312,20.3927,20.6573,20.4581,19.8823,2.34
AVAX,2022-10-17 09:14:07.113246,2022-10-17 11:14:07.113246,short,16.9,17.0085,16.7915,16.6829,16.5744,17.0085,sl,-0.0217,-0.2,17.1,16.8204,16.9746,16.936,16.9262,16.9172,17.0609,1.97
AVAX,2022-10-27 07:14:07.113246,2022-10-31 09:14:07.113246,short,15.53,16.118,14.942,14.354,13.766,16.118,sl,-0.1176,-0.2,16.26,15.63,15.86,15.7594,15.8531,15.7167,15.6897,2.71
AVAX,2022-11-03 04:14:07.113246,2022-11-13 02:14:07.113246,long,17.1,16.141,18.059,19.018,19.977,19.977,tp3,1.7742,1.85,19.95,18.705,19.7775,19.0762,19.4107,19.1278,18.4324,6.0
AVAX,2022-11-24 20:14:07.113246,2022-12-10 07:14:07.113246,short,13.03,13.6372,12.4228,11.8156,11.2083,13.6372,sl,0.5161,0.85,13.51,12.8921,13.1883,13.0402,13.169,13.0497,12.8693,3.05
AVAX,2022-12-20 18:14:07.113246,2022-12-20 22:14:07.113246,short,12.72,13.0769,12.3631,12.0061,11.6492,13.0769,sl,-0.3569,-1.0,13.16,12.6017,13.0508,12.7446,12.883,12.9793,13.2209,2.33
AVAX,2022-12-21 22:14:07.113246,2022-12-23 19:14:07.113246,long,13.75,12.9865,14.5135,15.277,16.0406,12.9865,sl,-0.7635,-1.0,12.95,13.4367,14.0488,13.7427,13.2672,13.3978,13.3824,2.55
AVAX,2023-01-19 05:14:07.113246,2023-02-04 06:14:07.113246,long,13.95,12.2667,15.6333,17.3167,19.0,19.0,tp3,3.1142,1.85,19.22,17.7312,18.3725,18.0519,18.2471,18.0494,17.4732,2.48
AVAX,2023-03-07 04:14:07.113246,2023-03-08 08:14:07.113246,short,18.05,18.3713,17.7287,17.4075,17.0862,17.0862,tp3,0.5943,1.85,17.07,17.3658,18.2592,17.5054,17.5089,17.7834,18.6393,2.09
AVAX,2023-03-21 19:14:07.113246,2023-03-23 03:14:07.113246,long,16.31,15.5663,17.0537,17.7974,18.5411,15.5663,sl,0.6321,0.85,15.45,16.2383,17.4183,16.3858,16.7475,16.6338,16.0182,2.87
AVAX,2023-03-29 20:14:07.113246,2023-03-30 06:14:07.113246,long,17.32,16.8101,17.8299,18.3399,18.8498,16.8101,sl,-0.102,-0.2,16.38,16.7967,17.53,17.3633,17.3036,17.2552,16.9009,4.28
AVAX,2023-04-07 22:14:07.113246,2023-04-10 05:14:07.113246,long,17.32,17.1232,17.5168,17.7136,17.9104,17.1232,sl,0.1673,0.85,17.16,17.56,17.83,17.665,17.5136,17.5553,17.2844,2.4
AVAX,2023-04-17 11:14:07.113246,2023-04-18 03:14:07.113246,short,17.45,17.755,17.145,16.84,16.5349,17.755,sl,-0.305,-1.0,17.84,17.4,17.6438,17.5219,17.5561,17.5402,17.5483,3.49
AVAX,2023-04-30 20:14:07.113246,2023-05-03 07:14:07.113246,short,17.11,17.611,16.609,16.108,15.607,17.611,sl,-0.1002,-0.2,17.69,16.8288,17.2,16.9731,17.1335,17.0638,17.8114,1.84
AVAX,2023-05-18 13:14:07.113246,2023-05-26 03:14:07.113246,short,15.34,15.6362,15.0438,14.7476,14.4514,14.4514,tp3,0.548,1.85,14.54,14.7538,15.0988,14.9119,14.9354,14.9688,15.1903,4.65
AVAX,2023-06-12 17:14:07.113246,2023-06-13 01:14:07.113246,long,14.8,14.5608,15.0392,15.2784,15.5175,14.5608,sl,-0.2392,-1.0,14.01,14.67,14.91,14.78,14.7,14.672,14.5145,5.98
AVAX,2023-06-17 04:14:07.113246,2023-06-17 12:14:07.113246,short,13.96,14.1883,13.7317,13.5034,13.275,13.275,tp3,0.4224,1.85,13.23,13.77,14.09,13.91,13.7698,13.908,14.1907,2.61
AVAX,2023-06-30 15:14:07.113246,2023-07-06 05:14:07.113246,long,12.82,12.4883,13.1517,13.4834,13.8151,12.4883,sl,0.2819,0.85,12.26,12.7983,13.4225,13.2665,12.7778,12.9962,12.8907,4.1
AVAX,2023-07-14 00:14:07.113246,2023-07-15 13:14:07.113246,short,12.42,13.1262,11.7138,11.0076,10.3014,13.1262,sl,-0.7062,-1.0,13.34,12.46,12.7533,12.625,12.7938,12.7437,12.8568,4.26
AVAX,2023-07-29 02:14:07.113246,2023-07-31 19:14:07.113246,short,13.91,14.2017,13.6183,13.3266,13.035,13.035,tp3,0.5396,1.85,12.9,13.48,13.805,13.5938,13.4244,13.5716,13.8431,5.03
AVAX,2023-08-09 22:14:07.113246,2023-08-23 05:14:07.113246,short,12.71,12.9784,12.4416,12.1732,11.9048,11.9048,tp3,0.4965,1.85,11.72,12.2663,12.4083,12.3244,12.2284,12.2964,12.4372,13.78
AVAX,2023-09-16 13:14:07.113246,2023-09-17 14:14:07.113246,short,9.9,10.0634,9.7366,9.5732,9.4097,9.4097,tp3,0.3595,2.2,9.4,9.8229,10.0658,9.9002,9.7787,9.8583,9.9543,8.99
AVAX,2023-09-26 23:14:07.113246,2023-10-02 10:14:07.113246,short,9.15,9.3077,8.9923,8.8345,8.6768,8.6768,tp3,0.2918,1.85,8.78,8.86,8.98,8.895,8.9034,8.9138,9.0442,3.21
AVAX,2023-10-05 12:14:07.113246,2023-10-05 17:14:07.113246,short,8.96,9.0815,8.8385,8.7171,8.5956,9.0815,sl,-0.1215,-1.0,9.1,8.905,9.0633,8.9604,8.9961,8.9823,9.001,1.16
AVAX,2023-10-08 02:14:07.113246,2023-10-09 08:14:07.113246,long,9.28,9.1267,9.4333,9.5866,9.7399,9.7399,tp3,0.2836,1.85,9.82,9.07,9.5162,9.1619,9.5207,9.3931,9.1846,2.97
AVAX,2023-10-22 14:14:07.113246,2023-10-23 11:14:07.113246,short,9.15,9.2518,9.0482,8.9464,8.8446,9.2518,sl,-0.1018,-1.0,9.27,9.125,9.2167,9.1571,9.1742,9.1721,9.3765,1.09
AVAX,2023-11-02 00:14:07.113246,2023-11-02 17:14:07.113246,long,10.51,10.1921,10.8279,11.1458,11.4638,11.4638,tp3,0.5882,1.85,11.37,10.2808,10.6783,10.4354,10.7433,10.5266,9.9702,1.78
AVAX,2023-11-07 15:14:07.113246,2023-11-08 01:14:07.113246,long,11.57,11.1693,11.9707,12.3714,12.7722,11.1693,sl,-0.4007,-1.0,11.22,11.2817,11.6575,11.5379,11.4614,11.3736,10.8284,2.82
AVAX,2023-11-11 02:14:07.113246,2023-11-18 02:14:07.113246,long,12.13,11.4832,12.7768,13.4235,14.0703,14.0703,tp3,1.1965,1.85,13.85,12.8442,13.7025,13.4021,13.3007,13.1863,12.6046,3.31
AVAX,2024-01-17 17:14:07.113246,2024-01-18 07:14:07.113246,short,34.15,36.6765,31.6235,29.0969,26.5704,36.6765,sl,-2.5265,-1.0,38.19,34.2117,36.3517,35.7275,35.1782,35.0247,36.2442,4.28
AVAX,2024-01-22 06:14:07.113246,2024-01-27 02:14:07.113246,short,35.89,37.054,34.726,33.5621,32.3981,32.3981,tp3,2.1533,1.85,31.39,32.59,35.6854,33.486,33.3677,34.1917,35.5843,4.55
AVAX,2024-01-29 09:14:07.113246,2024-01-30 00:14:07.113246,short,32.54,33.1988,31.8812,31.2225,30.5637,30.5637,tp3,1.2187,1.85,30.72,31.9671,33.2642,32.3798,31.7781,32.3666,34.0173,1.94
AVAX,2024-02-29 11:14:07.113246,2024-03-05 02:14:07.113246,short,36.71,38.9778,34.4422,32.1744,29.9066,38.9778,sl,-2.2678,-1.0,38.91,36.5208,37.1167,36.7646,37.2854,37.0266,37.5521,2.95
AVAX,2024-03-06 07:14:07.113246,2024-03-07 03:14:07.113246,long,39.29,37.2728,41.3072,43.3244,45.3416,37.2728,sl,-2.0172,-1.0,39.34,38.685,39.9683,39.2465,39.7031,39.1813,38.2783,5.91
AVAX,2024-03-19 22:14:07.113246,2024-03-26 02:14:07.113246,long,48.87,43.5627,54.1773,59.4846,64.7919,64.7919,tp3,9.8185,1.85,63.32,51.8612,60.9175,56.3894,60.6547,58.3632,53.4536,2.22
AVAX,2024-03-31 09:14:07.113246,2024-04-01 11:14:07.113246,short,53.45,55.8548,51.0452,48.6404,46.2355,55.8548,sl,-2.4048,-1.0,55.89,53.0625,55.1696,53.7919,54.4299,54.2436,54.4027,1.47
AVAX,2024-04-02 10:14:07.113246,2024-04-04 00:14:07.113246,long,58.32,53.7307,62.9093,67.4987,72.088,53.7307,sl,-4.5893,-1.0,54.22,56.0333,59.0083,58.1406,55.4241,56.0563,55.4706,2.97
AVAX,2024-04-08 10:14:07.113246,2024-04-08 15:14:07.113246,short,53.44,54.2107,52.6693,51.8986,51.1279,51.1279,tp3,2.3121,3.0,51.26,53.3054,54.1625,53.8898,53.4262,53.5932,54.2981,5.34
AVAX,2024-04-12 05:14:07.113246,2024-04-12 21:14:07.113246,short,47.07,47.9971,46.1429,45.2159,44.2888,44.2888,tp3,1.715,1.85,44.26,45.6992,47.7033,46.0846,45.7524,46.5294,49.8225,1.03
AVAX,2024-04-24 20:14:07.113246,2024-04-28 01:14:07.113246,short,34.34,36.4665,32.2135,30.0869,27.9604,36.4665,sl,-0.4253,-0.2,36.61,34.03,35.6125,35.1729,35.3892,35.0896,36.9532,1.81
AVAX,2024-05-09 05:14:07.113246,2024-05-09 22:14:07.113246,short,32.42,33.84,31.0,29.5799,28.1599,33.84,sl,-1.42,-1.0,33.67,31.8467,33.4333,32.5408,32.9192,32.9425,34.3422,1.14
AVAX,2024-05-12 23:14:07.113246,2024-05-15 09:14:07.113246,long,37.34,35.3878,39.2922,41.2443,43.1965,35.3878,sl,-0.3904,-0.2,35.31,36.3775,38.1238,37.2506,36.481,36.8273,35.977,1.04
AVAX,2024-05-16 17:14:07.113246,2024-05-24 17:14:07.113246,short,34.27,36.434,32.106,29.9421,27.7781,36.434,sl,-0.4328,-0.2,37.29,33.6558,34.8746,34.4006,34.8834,34.3073,33.9919,4.39
AVAX,2024-05-29 02:14:07.113246,2024-06-06 02:14:07.113246,long,40.88,36.3355,45.4245,49.969,54.5135,36.3355,sl,-4.5445,-1.0,36.88,36.4871,37.5579,36.969,36.9733,37.1458,37.5231,2.01
AVAX,2024-06-15 00:14:07.113246,2024-06-15 02:14:07.113246,long,36.67,35.9663,37.3737,38.0775,38.7812,35.9663,sl,-0.7037,-1.0,35.88,36.0383,36.8583,36.6192,36.1899,36.2011,36.2045,1.03
AVAX,2024-06-18 07:14:07.113246,2024-06-19 01:14:07.113246,short,32.38,32.8898,31.8702,31.3604,30.8506,30.8506,tp3,0.9432,1.85,31.13,31.9258,32.8342,32.3346,31.9949,32.3867,33.9667,3.27
AVAX,2024-06-30 15:14:07.113246,2024-07-04 23:14:07.113246,short,25.74,27.0603,24.4197,23.0995,21.7792,27.0603,sl,-0.2641,-0.2,27.47,25.3325,26.2171,26.016,26.2462,25.8934,26.3747,3.73
AVAX,2024-07-08 04:14:07.113246,2024-07-08 13:14:07.113246,long,28.3,27.7498,28.8502,29.4004,29.9506,29.9506,tp3,1.0179,1.85,29.97,27.7383,28.5842,28.2881,28.8659,28.3753,27.4599,0.95
AVAX,2024-07-28 01:14:07.113246,2024-07-29 06:14:07.113246,long,28.4,27.0109,29.7891,31.1783,32.5674,32.5674,tp3,2.5699,1.85,32.25,27.9396,30.6525,28.179,30.1257,29.1897,27.8435,1.86
AVAX,2024-08-08 05:14:07.113246,2024-08-11 03:14:07.113246,short,26.02,27.1095,24.9305,23.8409,22.7514,22.7514,tp3,2.0156,1.85,22.55,23.3683,25.0204,23.686,23.6654,24.255,26.0959,2.16
AVAX,2024-09-06 04:14:07.113246,2024-09-18 05:14:07.113246,short,23.11,24.4442,21.7758,20.4416,19.1074,24.4442,sl,-0.2668,-0.2,24.41,23.2325,24.1813,23.8794,23.9206,23.598,22.8048,2.06
AVAX,2024-09-29 08:14:07.113246,2024-09-29 23:14:07.113246,long,27.71,26.7214,28.6986,29.6871,30.6756,26.7214,sl,-0.9886,-1.0,26.75,27.01,27.7,27.585,27.2108,27.1756,25.7496,1.37
AVAX,2024-10-13 10:14:07.113246,2024-10-13 22:14:07.113246,short,25.55,26.4649,24.6351,23.7202,22.8053,26.4649,sl,-0.9149,-1.0,26.65,25.5667,26.325,26.2375,25.9964,25.8536,26.4824,2.22
AVAX,2024-10-25 13:14:07.113246,2024-10-26 02:14:07.113246,short,27.42,27.9028,26.9372,26.4544,25.9717,27.9028,sl,-0.4828,-1.0,27.97,27.3033,27.9679,27.5752,27.5975,27.6657,27.7704,1.36
AVAX,2024-11-04 12:14:07.113246,2024-11-04 18:14:07.113246,short,25.51,25.8817,25.1383,24.7667,24.395,25.8817,sl,-0.0743,-0.2,25.83,25.29,25.81,25.5717,25.5725,25.6279,26.4772,1.79
AVAX,2024-11-24 09:14:07.113246,2024-11-30 11:14:07.113246,long,35.14,32.0279,38.2521,41.3642,44.4763,44.4763,tp3,5.7574,1.85,44.35,33.1133,39.1383,35.7242,39.9634,37.682,35.051,2.27
AVAX,2024-12-25 04:14:07.113246,2024-12-26 06:14:07.113246,short,48.8,50.6699,46.9301,45.0602,43.1903,43.1903,tp3,4.1138,2.2,44.01,47.1483,50.86,49.0042,46.594,47.7506,49.1575,8.83
AVAX,2025-01-20 07:14:07.113246,2025-01-20 10:14:07.113246,short,36.52,37.3412,35.6988,34.8776,34.0564,37.3412,sl,-0.8212,-1.0,37.0,36.24,37.1933,36.6433,36.8291,36.8848,38.1615,2.68
AVAX,2025-02-04 23:14:07.113246,2025-02-07 17:14:07.113246,short,33.82,35.1443,32.4957,31.1714,29.8471,35.1443,sl,-0.2649,-0.2,34.69,32.8267,34.5829,34.4073,34.286,33.9859,34.826,2.62
AVAX,2025-02-17 11:14:07.113246,2025-02-17 13:14:07.113246,short,24.19,25.0421,23.3379,22.4859,21.6338,25.0421,sl,-0.8521,-1.0,24.84,24.0475,25.1325,24.6288,24.7101,24.7834,26.7404,1.6
AVAX,2025-03-04 23:14:07.113246,2025-03-10 02:14:07.113246,short,21.22,23.547,18.893,16.566,14.239,23.547,sl,-2.327,-1.0,24.24,21.3267,22.28,21.95,22.1568,21.9689,22.6158,7.98
AVAX,2025-05-17 03:14:07.113246,2025-06-07 02:14:07.113246,long,23.3,20.8931,25.7069,28.1137,30.5206,20.8931,sl,-0.4814,-0.2,21.0,22.3125,24.35,23.6029,21.7888,22.3779,23.0208,2.81
AVAX,2025-06-28 00:14:07.113246,2025-06-30 06:14:07.113246,short,17.75,18.4268,17.0732,16.3964,15.7197,15.7197,tp3,1.252,1.85,16.06,16.4933,17.6058,16.7529,16.4507,16.9017,18.145,2.2
AVAX,2025-08-07 23:14:07.113246,2025-08-16 15:14:07.113246,short,23.02,24.5223,21.5177,20.0154,18.5132,24.5223,sl,-0.3005,-0.2,24.47,22.6967,23.8167,23.3967,23.7864,23.3154,22.7867,3.51
AVAX,2025-08-20 12:14:07.113246,2025-08-22 07:14:07.113246,long,24.86,23.2596,26.4604,28.0607,29.6611,23.2596,sl,-1.6004,-1.0,23.37,24.0704,25.5383,24.9173,24.2533,24.4982,23.9229,1.09
AVAX,2025-09-06 19:14:07.113246,2025-09-10 16:14:07.113246,short,23.54,24.7244,22.3556,21.1713,19.9869,24.7244,sl,-1.1844,-1.0,24.61,23.5117,24.3533,23.9746,24.2442,23.9921,23.9898,1.43
AVAX,2025-09-15 05:14:07.113246,2025-09-15 23:14:07.113246,long,24.53,24.2281,24.8319,25.1338,25.4357,25.4357,tp3,0.5585,1.85,25.07,24.32,24.925,24.6225,24.9014,24.6964,24.4453,1.58
AVAX,2025-09-20 09:14:07.113246,2025-09-20 14:14:07.113246,long,28.99,28.4106,29.5694,30.1489,30.7283,30.7283,tp3,1.072,1.85,30.73,28.4675,29.12,28.9388,29.1264,28.7213,26.8625,2.91
AVAX,2025-09-22 08:14:07.113246,2025-09-22 11:14:07.113246,long,30.21,29.3046,31.1154,32.0208,32.9262,29.3046,sl,-0.9054,-1.0,29.58,29.3304,30.6854,30.0644,29.656,29.6069,27.9564,0.82
AVAX,2025-11-04 23:14:07.113246,2025-11-05 00:14:07.113246,long,20.37,20.1671,20.5729,20.7758,20.9787,20.1671,sl,-0.2029,-1.0,20.1,20.2075,20.7033,20.3315,20.334,20.3164,20.2557,3.06
AVAX,2025-11-12 01:14:07.113246,2025-11-15 03:14:07.113246,short,16.42,17.4448,15.3952,14.3704,13.3455,17.4448,sl,-0.205,-0.2,17.73,16.1425,16.8525,16.6454,16.6868,16.5504,17.3766,2.46
AVAX,2025-11-18 03:14:07.113246,2025-11-19 06:14:07.113246,long,18.06,17.2246,18.8954,19.7307,20.5661,17.2246,sl,-0.8354,-1.0,17.15,17.6433,18.1267,17.8608,17.6581,17.7367,17.5961,1.12
AVAX,2025-11-23 21:14:07.113246,2025-11-24 16:14:07.113246,short,15.44,15.7498,15.1302,14.8205,14.5107,15.7498,sl,0.2633,0.85,15.74,14.9817,15.7567,15.5242,15.3573,15.4697,16.3284,0.78
AVAX,2025-12-01 09:14:07.113246,2025-12-01 12:14:07.113246,short,13.27,13.3792,13.1608,13.0516,12.9424,13.3792,sl,-0.0218,-0.2,13.4,13.2133,13.36,13.2775,13.3338,13.3618,14.1983,2.25
AVAX,2026-01-26 09:14:07.113246,2026-02-07 18:14:07.113246,short,12.98,13.8301,12.1299,11.2798,10.4297,10.4297,tp3,1.5727,1.85,10.57,10.7933,11.06,10.98,10.841,11.0611,11.6961,2.52
AVAX,2026-03-10 10:14:07.113246,2026-03-11 00:14:07.113246,long,9.22,8.9371,9.5029,9.7858,10.0687,8.9371,sl,-0.2829,-1.0,8.97,8.9287,9.2175,9.0206,9.0697,9.0784,9.0292,1.58
AVAX,2026-03-11 18:14:07.113246,2026-03-14 00:14:07.113246,long,9.38,8.997,9.763,10.1461,10.5291,8.997,sl,-0.0766,-0.2,8.96,9.33,9.5775,9.4312,9.3028,9.3431,9.2013,4.91
AVAX,2026-03-20 01:14:07.113246,2026-03-20 10:14:07.113246,long,9.59,9.4806,9.6994,9.8088,9.9182,9.9182,tp3,0.2407,2.2,9.82,9.4838,9.645,9.5465,9.618,9.5678,9.3483,4.09
AVAX,2026-03-22 18:14:07.113246,2026-03-24 10:14:07.113246,long,9.78,9.533,10.027,10.274,10.5211,10.5211,tp3,0.457,1.85,10.5,9.92,10.48,10.26,10.2793,10.0862,9.7115,1.71
AVAX,2026-03-28 20:14:07.113246,2026-03-29 09:14:07.113246,short,9.5,9.6025,9.3975,9.295,9.1925,9.1925,tp3,0.3075,3.0,9.21,9.48,9.59,9.495,9.4891,9.5399,9.6823,5.77
AVAX,2026-04-05 09:14:07.113246,2026-04-06 18:14:07.113246,short,8.75,9.0393,8.4607,8.1714,7.8821,9.0393,sl,-0.0579,-0.2,9.0,8.6283,8.9125,8.7704,8.7773,8.7905,9.103,2.59
AVAX,2026-04-13 19:14:07.113246,2026-04-14 09:14:07.113246,long,9.45,8.9521,9.9479,10.4459,10.9438,8.9521,sl,-0.4979,-1.0,8.91,9.1617,9.6217,9.4108,9.2606,9.1713,9.0355,6.03
AVAX,2026-05-04 00:14:07.113246,2026-05-04 15:14:07.113246,long,9.47,9.355,9.585,9.7,9.815,9.355,sl,-0.115,-1.0,9.29,9.3888,9.5217,9.4552,9.4535,9.4289,9.3936,3.14
AVAX,2026-05-09 06:14:07.113246,2026-05-10 07:14:07.113246,short,9.08,9.2155,8.9445,8.809,8.6736,9.2155,sl,-0.1355,-1.0,9.21,9.0775,9.1738,9.0994,9.1399,9.1355,9.2146,5.29
AVAX,2026-05-11 07:14:07.113246,2026-05-11 08:14:07.113246,short,9.08,9.175,8.985,8.89,8.7951,9.175,sl,-0.095,-1.0,9.17,9.0283,9.1567,9.1042,9.1013,9.1079,9.1871,1.54
AVAX,2026-05-14 14:14:07.113246,2026-05-18 03:14:07.113246,long,9.57,9.3259,9.8141,10.0582,10.3023,10.3023,tp3,0.4516,1.85,10.36,9.86,10.0733,9.9533,10.0491,9.9349,9.6154,2.31
NEAR,2020-11-09 10:14:12.697275,2020-11-10 07:14:12.697275,short,0.6276,0.6506,0.6046,0.5816,0.5585,0.6506,sl,-0.0046,-0.2,0.6419,0.6237,0.6473,0.639,0.6267,0.6336,0.6964,2.2
NEAR,2020-11-15 04:14:12.697275,2020-11-29 12:14:12.697275,long,0.7236,0.6035,0.8437,0.9638,1.0838,1.0838,tp3,0.2221,1.85,1.081,0.8088,0.9321,0.8484,0.9747,0.9249,0.875,1.35
NEAR,2020-12-12 09:14:12.697275,2020-12-12 21:14:12.697275,long,1.1617,1.1304,1.193,1.2243,1.2556,1.1304,sl,-0.0063,-0.2,1.1314,1.1453,1.1876,1.1626,1.1662,1.1571,1.1014,2.59
NEAR,2021-01-27 09:14:12.697275,2021-01-27 12:14:12.697275,long,2.4348,2.3478,2.5218,2.6087,2.6957,2.3478,sl,-0.087,-1.0,2.3607,2.3525,2.6149,2.4232,2.3972,2.3844,2.0522,1.68
NEAR,2021-02-12 16:14:12.697275,2021-02-13 04:14:12.697275,long,2.5139,2.4197,2.6081,2.7023,2.7965,2.7965,tp3,0.1742,1.85,2.7787,2.4378,2.5979,2.5122,2.5888,2.5338,2.3807,1.81
NEAR,2021-03-11 15:14:12.697275,2021-03-11 23:14:12.697275,long,4.1753,4.0459,4.3047,4.4341,4.5634,4.5634,tp3,0.3881,3.0,4.499,4.0724,4.2424,4.1574,4.1913,4.1278,4.0036,4.49
NEAR,2021-04-23 02:14:12.697275,2021-04-23 16:14:12.697275,short,6.4419,6.7422,6.1416,5.8412,5.5409,6.7422,sl,-0.3003,-1.0,6.7069,6.3233,6.6586,6.5608,6.5258,6.5306,6.5301,2.3
NEAR,2021-04-28 23:14:12.697275,2021-04-29 18:14:12.697275,short,4.8444,5.1691,4.5197,4.195,3.8703,5.1691,sl,-0.3247,-1.0,4.8,4.6984,5.0534,4.8907,4.9044,4.9455,5.505,2.44
NEAR,2021-06-17 01:14:12.697275,2021-06-17 05:14:12.697275,short,2.8953,3.0333,2.7573,2.6193,2.4813,3.0333,sl,-0.138,-1.0,3.0119,2.7678,3.0013,2.9105,2.9147,2.958,3.127,3.33
NEAR,2021-06-27 11:14:12.697275,2021-06-30 05:14:12.697275,short,2.8854,3.1632,2.6076,2.3298,2.052,2.052,tp3,0.5139,1.85,2.0167,2.2468,2.7381,2.3286,2.2889,2.4839,2.8292,3.42
NEAR,2021-07-13 03:14:12.697275,2021-07-13 04:14:12.697275,long,2.2762,2.2109,2.3415,2.4068,2.4721,2.2109,sl,-0.0653,-1.0,2.1237,2.2153,2.3015,2.2584,2.2384,2.2276,2.1591,3.97
NEAR,2021-07-14 15:14:12.697275,2021-07-14 20:14:12.697275,long,2.2396,2.1971,2.2821,2.3246,2.3671,2.3671,tp3,0.0935,2.2,2.3369,2.2015,2.3083,2.2326,2.2613,2.2435,2.1849,3.33
NEAR,2021-11-18 03:14:12.697275,2021-11-18 07:14:12.697275,long,11.517,10.7571,12.2769,13.0368,13.7967,10.7571,sl,-0.7599,-1.0,10.75,10.7787,11.7161,11.4817,11.2953,11.1032,10.7023,2.86
NEAR,2022-03-29 14:14:12.697275,2022-03-31 10:14:12.697275,long,11.212,10.7538,11.6702,12.1284,12.5867,12.5867,tp3,0.8477,1.85,12.493,10.7654,11.8206,11.1046,11.8332,11.4698,11.014,1.59
NEAR,2022-05-01 05:14:12.697275,2022-05-02 11:14:12.697275,short,15.5,15.8827,15.1173,14.7346,14.3519,14.3519,tp3,0.8419,2.2,14.184,15.1903,15.7428,15.3515,15.1195,15.3397,15.8551,5.32
NEAR,2022-05-24 06:14:12.697275,2022-06-02 19:14:12.697275,short,6.574,7.0157,6.1323,5.6907,5.249,5.249,tp3,0.8171,1.85,5.317,5.6492,5.898,5.7612,5.6885,5.794,6.1497,3.94
NEAR,2022-06-10 20:14:12.697275,2022-06-13 19:14:12.697275,short,5.315,5.7258,4.9042,4.4935,4.0827,5.7258,sl,-0.4108,-1.0,5.745,5.1922,5.4126,5.2824,5.4881,5.4028,5.4517,1.35
NEAR,2022-07-17 01:14:12.697275,2022-07-18 01:14:12.697275,long,3.768,3.5659,3.9701,4.1723,4.3744,3.5659,sl,-0.2021,-1.0,3.531,3.6028,3.8302,3.7571,3.6767,3.6846,3.5707,3.4
NEAR,2022-07-19 06:14:12.697275,2022-07-24 17:14:12.697275,short,3.406,3.6865,3.1255,2.845,2.5646,3.6865,sl,-0.0561,-0.2,3.741,3.4777,3.6461,3.5101,3.591,3.5228,3.4584,1.51
NEAR,2022-08-14 13:14:12.697275,2022-08-15 21:14:12.697275,long,5.079,4.9364,5.2216,5.3643,5.5069,5.5069,tp3,0.3138,2.2,5.593,4.942,5.135,5.0674,5.204,5.0902,4.7314,3.24
NEAR,2022-10-15 23:14:12.697275,2022-10-18 10:14:12.697275,short,3.551,3.6623,3.4397,3.3285,3.2172,3.2172,tp3,0.2058,1.85,3.218,3.4644,3.5329,3.5072,3.4245,3.4739,3.5513,4.98
NEAR,2022-10-24 11:14:12.697275,2022-10-24 21:14:12.697275,short,2.986,3.0178,2.9542,2.9224,2.8906,3.0178,sl,-0.0318,-1.0,3.049,2.9563,3.0118,2.9941,2.9984,2.9988,3.1449,1.88
NEAR,2022-11-08 09:14:12.697275,2022-11-09 00:14:12.697275,long,3.107,3.0657,3.1483,3.1896,3.2309,3.0657,sl,-0.0083,-0.2,3.082,3.0856,3.1525,3.1251,3.116,3.1082,3.0584,1.66
NEAR,2022-12-17 16:14:12.697275,2022-12-18 01:14:12.697275,short,1.693,1.7206,1.6654,1.6378,1.6102,1.7206,sl,-0.0276,-1.0,1.716,1.6755,1.7213,1.7026,1.7039,1.7032,1.7077,1.04
NEAR,2022-12-28 12:14:12.697275,2022-12-30 14:14:12.697275,short,1.326,1.3544,1.2976,1.2692,1.2408,1.3544,sl,-0.0057,-0.2,1.351,1.2847,1.3222,1.3137,1.3152,1.3133,1.3974,0.97
NEAR,2023-01-20 00:14:12.697275,2023-01-23 13:14:12.697275,long,1.828,1.6277,2.0283,2.2285,2.4288,2.4288,tp3,0.3705,1.85,2.376,2.0573,2.292,2.196,2.218,2.1482,1.8737,2.89
NEAR,2023-02-15 05:14:12.697275,2023-02-15 07:14:12.697275,short,2.337,2.4038,2.2702,2.2035,2.1367,2.4038,sl,-0.0668,-1.0,2.403,2.3245,2.3865,2.371,2.3578,2.3719,2.4098,1.13
NEAR,2023-02-21 19:14:12.697275,2023-02-22 21:14:12.697275,short,2.15,2.2836,2.0164,1.8829,1.7493,2.2836,sl,-0.1336,-1.0,2.29,2.1032,2.2236,2.1705,2.2252,2.2149,2.2876,3.4
NEAR,2023-03-07 16:14:12.697275,2023-03-08 05:14:12.697275,short,2.301,2.3818,2.2202,2.1395,2.0587,2.3818,sl,-0.0808,-1.0,2.295,2.2915,2.3865,2.335,2.2933,2.3113,2.3792,1.96
NEAR,2023-03-10 12:14:12.697275,2023-04-22 19:14:12.697275,short,2.052,2.3176,1.7864,1.5207,1.2551,2.3176,sl,-0.0531,-0.2,2.361,2.1688,2.2358,2.1883,2.2302,2.2067,2.1081,3.11
NEAR,2023-05-09 23:14:12.697275,2023-06-15 00:14:12.697275,short,1.817,1.9454,1.6886,1.5602,1.4319,1.4319,tp3,0.2375,1.85,1.434,1.4546,1.5289,1.4964,1.4854,1.5129,1.5677,2.74
NEAR,2023-06-17 01:14:12.697275,2023-06-17 12:14:12.697275,short,1.404,1.4287,1.3793,1.3546,1.3299,1.3299,tp3,0.0457,1.85,1.354,1.3983,1.4197,1.413,1.3912,1.4109,1.4946,3.14
NEAR,2023-06-21 01:14:12.697275,2023-06-22 03:14:12.697275,short,1.189,1.2201,1.1579,1.1267,1.0956,1.2201,sl,-0.0311,-1.0,1.228,1.1848,1.2168,1.2008,1.2032,1.2049,1.299,2.12
NEAR,2023-06-30 15:14:12.697275,2023-07-01 18:14:12.697275,long,1.34,1.3023,1.3777,1.4155,1.4532,1.4532,tp3,0.0698,1.85,1.442,1.3218,1.3869,1.3366,1.4029,1.3719,1.3101,1.56
NEAR,2023-07-30 23:14:12.697275,2023-08-02 11:14:12.697275,short,1.45,1.4937,1.4063,1.3626,1.3189,1.3189,tp3,0.0808,1.85,1.324,1.3421,1.392,1.3836,1.3495,1.3755,1.4309,3.71
NEAR,2023-08-13 23:14:12.697275,2023-08-14 13:14:12.697275,short,1.344,1.3635,1.3245,1.3051,1.2856,1.3635,sl,-0.0195,-1.0,1.357,1.3395,1.3583,1.3455,1.3489,1.3514,1.3703,0.85
NEAR,2023-08-25 06:14:12.697275,2023-10-26 11:14:12.697275,short,1.198,1.2701,1.1259,1.0538,0.9816,0.9816,tp3,0.1334,1.85,0.989,0.992,1.0317,1.0048,1.0003,1.0082,1.0246,3.54
NEAR,2023-11-05 18:14:12.697275,2023-11-06 10:14:12.697275,long,1.225,1.2073,1.2427,1.2603,1.278,1.278,tp3,0.0327,1.85,1.266,1.2132,1.2478,1.2233,1.2444,1.229,1.1614,1.75
NEAR,2023-12-08 19:14:12.697275,2023-12-11 13:14:12.697275,long,1.893,1.8255,1.9605,2.0281,2.0956,2.0956,tp3,0.1249,1.85,2.111,1.9615,2.0151,1.9883,2.0021,1.9765,1.8967,3.27
NEAR,2023-12-15 02:14:12.697275,2023-12-15 05:14:12.697275,long,2.313,2.2312,2.3948,2.4766,2.5584,2.2312,sl,-0.0818,-1.0,2.222,2.2478,2.3472,2.2851,2.273,2.2653,2.1047,0.87
NEAR,2024-01-10 10:14:12.697275,2024-01-10 22:14:12.697275,long,3.978,3.7161,4.2399,4.5019,4.7638,3.7161,sl,-0.2619,-1.0,3.665,3.8604,4.1741,3.9702,3.9372,3.9064,3.787,5.98
NEAR,2024-01-14 11:14:12.697275,2024-01-18 20:14:12.697275,short,3.443,3.7383,3.1477,2.8524,2.5571,3.7383,sl,-0.0591,-0.2,3.751,3.026,3.4647,3.2316,3.5229,3.4037,3.4522,1.18
NEAR,2024-02-06 01:14:12.697275,2024-02-07 03:14:12.697275,long,2.946,2.865,3.027,3.108,3.189,3.189,tp3,0.1498,1.85,3.187,2.8955,3.044,3.0102,3.0509,2.9981,2.9189,3.49
NEAR,2024-03-06 19:14:12.697275,2024-03-06 21:14:12.697275,long,4.029,3.8771,4.1809,4.3328,4.4847,3.8771,sl,-0.1519,-1.0,3.884,3.8849,4.1562,3.9579,3.9533,3.9322,3.6711,2.19
NEAR,2024-04-10 07:14:12.697275,2024-04-10 19:14:12.697275,short,6.232,6.8599,5.6041,4.9763,4.3484,6.8599,sl,-0.6279,-1.0,6.87,6.0895,6.73,6.2496,6.503,6.553,6.8832,1.22
NEAR,2024-04-19 16:14:12.697275,2024-04-20 03:14:12.697275,short,6.806,7.0602,6.5518,6.2976,6.0435,6.0435,tp3,0.5592,2.2,6.204,6.7258,7.0637,6.844,6.6869,6.8395,6.9799,6.14
NEAR,2024-05-24 07:14:12.697275,2024-05-30 23:14:12.697275,long,8.104,7.5778,8.6302,9.1564,9.6826,7.5778,sl,-0.5262,-1.0,7.614,7.794,8.076,7.9468,7.9487,7.962,7.8461,4.05
NEAR,2024-06-16 16:14:12.697275,2024-06-25 11:14:12.697275,short,6.617,7.1829,6.0511,5.4852,4.9194,4.9194,tp3,1.0469,1.85,4.711,4.98,5.5801,5.2169,5.2209,5.3972,5.9165,4.55
NEAR,2024-08-01 01:14:12.697275,2024-08-08 14:14:12.697275,short,5.751,6.0263,5.4757,5.2004,4.9252,4.9252,tp3,0.5093,1.85,4.938,5.1199,5.3224,5.1958,5.0729,5.1734,5.4652,1.37
NEAR,2024-09-13 01:14:12.697275,2024-09-16 18:14:12.697275,short,3.777,3.896,3.658,3.5389,3.4199,3.896,sl,0.1012,0.85,3.897,3.6596,3.7871,3.6862,3.7742,3.7329,3.8333,1.66
NEAR,2024-09-19 02:14:12.697275,2024-09-20 03:14:12.697275,long,4.003,3.9122,4.0938,4.1847,4.2755,4.2755,tp3,0.1681,1.85,4.263,3.8342,4.108,3.9894,4.1432,4.0626,3.9428,1.34
NEAR,2024-09-27 02:14:12.697275,2024-10-04 00:14:12.697275,long,4.506,4.0893,4.9227,5.3394,5.7561,5.7561,tp3,0.7709,1.85,5.731,5.1471,5.4076,5.2448,5.4303,5.2979,4.8422,2.89
NEAR,2024-10-15 05:14:12.697275,2024-10-16 22:14:12.697275,long,5.236,4.8265,5.6455,6.0551,6.4646,4.8265,sl,-0.4095,-1.0,4.795,4.8943,5.1697,4.9828,4.916,4.9615,4.9571,4.27
NEAR,2024-10-27 02:14:12.697275,2024-10-28 00:14:12.697275,short,4.778,4.9303,4.6257,4.4733,4.321,4.9303,sl,-0.1523,-1.0,4.919,4.7792,4.9255,4.9011,4.7959,4.8111,4.8435,3.26
NEAR,2024-11-04 13:14:12.697275,2024-11-05 07:14:12.697275,short,4.186,4.2906,4.0814,3.9769,3.8723,4.2906,sl,-0.0209,-0.2,4.309,4.1624,4.2658,4.2335,4.2217,4.2508,4.4673,0.57
NEAR,2024-11-11 15:14:12.697275,2024-11-13 00:14:12.697275,short,3.65,3.8335,3.4665,3.2829,3.0994,3.8335,sl,-0.1835,-1.0,3.926,3.5933,3.7025,3.6752,3.7149,3.7075,3.9625,3.28
NEAR,2024-11-26 01:14:12.697275,2024-11-26 19:14:12.697275,long,6.005,5.7886,6.2214,6.4377,6.6541,5.7886,sl,-0.0433,-0.2,5.802,5.8088,6.1012,5.9404,5.9241,5.9047,5.529,1.02
NEAR,2024-11-29 21:14:12.697275,2024-11-29 23:14:12.697275,long,5.713,5.527,5.899,6.0849,6.2709,5.527,sl,-0.186,-1.0,5.562,5.5381,5.8556,5.7101,5.6913,5.6786,5.5979,1.96
NEAR,2024-12-09 11:14:12.697275,2024-12-09 12:14:12.697275,long,6.975,6.8358,7.1142,7.2534,7.3926,6.8358,sl,-0.1392,-1.0,6.907,6.8495,7.0626,6.9173,6.9275,6.928,6.662,1.51
NEAR,2025-01-13 02:14:12.697275,2025-01-14 02:14:12.697275,long,5.805,5.6904,5.9196,6.0341,6.1487,6.1487,tp3,0.212,1.85,6.129,5.7527,5.9487,5.9078,5.9274,5.8476,5.5783,3.31
NEAR,2025-02-04 16:14:12.697275,2025-02-08 01:14:12.697275,short,4.6,4.8267,4.3733,4.1466,3.9198,4.8267,sl,-0.0453,-0.2,4.837,4.444,4.6755,4.5694,4.6668,4.6072,4.721,2.0
NEAR,2025-02-27 00:14:12.697275,2025-02-27 21:14:12.697275,short,3.115,3.269,2.961,2.807,2.6529,3.269,sl,-0.154,-1.0,3.288,3.113,3.2193,3.1565,3.1994,3.1926,3.2983,0.85
NEAR,2025-03-29 03:14:12.697275,2025-03-31 14:14:12.697275,long,2.745,2.7012,2.7888,2.8326,2.8764,2.8764,tp3,0.081,1.85,2.871,2.739,2.793,2.7682,2.7805,2.7639,2.7087,1.56
NEAR,2025-05-06 16:14:12.697275,2025-05-07 09:14:12.697275,long,2.582,2.4937,2.6703,2.7587,2.847,2.4937,sl,-0.0883,-1.0,2.529,2.5157,2.6036,2.5641,2.5572,2.5602,2.486,1.12
NEAR,2025-05-17 11:14:12.697275,2025-06-07 02:14:12.697275,long,2.909,2.5492,3.2688,3.6286,3.9883,2.5492,sl,-0.072,-0.2,2.496,2.579,2.9036,2.6388,2.6499,2.7332,2.8053,3.58
NEAR,2025-06-25 18:14:12.697275,2025-07-10 15:14:12.697275,short,2.142,2.3191,1.9649,1.7877,1.6106,2.3191,sl,-0.0354,-0.2,2.33,2.0275,2.1857,2.1488,2.2241,2.1738,2.1381,1.21
NEAR,2025-09-06 22:14:12.697275,2025-09-15 19:14:12.697275,short,2.426,2.5134,2.3387,2.2513,2.164,2.5134,sl,-0.0175,-0.2,2.519,2.4028,2.512,2.4631,2.4786,2.4519,2.4356,1.36
NEAR,2025-11-06 18:14:12.697275,2025-11-11 01:14:12.697275,short,2.231,2.3329,2.1291,2.0271,1.9252,1.9252,tp3,0.1886,1.85,1.901,2.0963,2.204,2.1697,2.0414,2.0928,2.1779,7.0
NEAR,2025-12-06 22:14:12.697275,2025-12-08 10:14:12.697275,short,1.877,1.9289,1.8251,1.7731,1.7212,1.7212,tp3,0.1143,2.2,1.701,1.8425,1.8787,1.8507,1.8358,1.855,1.9209,7.45
NEAR,2026-02-07 06:14:12.697275,2026-02-13 01:14:12.697275,short,1.32,1.4066,1.2334,1.1467,1.0601,1.0601,tp3,0.1603,1.85,1.06,1.1223,1.1948,1.1434,1.1247,1.1514,1.2504,6.17
NEAR,2026-03-09 10:14:12.697275,2026-03-10 13:14:12.697275,long,1.17,1.0868,1.2532,1.3364,1.4195,1.4195,tp3,0.1539,1.85,1.42,1.1246,1.3133,1.1812,1.3195,1.2432,1.1341,0.92
NEAR,2026-03-22 20:14:12.697275,2026-03-24 02:14:12.697275,long,1.351,1.3214,1.3806,1.4103,1.4399,1.4399,tp3,0.0548,1.85,1.44,1.3322,1.4086,1.3411,1.3924,1.3672,1.3183,1.27
NEAR,2026-04-08 01:14:12.697275,2026-04-08 02:14:12.697275,short,1.174,1.1961,1.1519,1.1299,1.1078,1.1961,sl,-0.0221,-1.0,1.196,1.1532,1.1937,1.1755,1.1788,1.1788,1.2171,1.51
NEAR,2026-04-16 16:14:12.697275,2026-05-07 04:14:12.697275,long,1.346,1.2968,1.3952,1.4444,1.4937,1.2968,sl,-0.0098,-0.2,1.315,1.3408,1.3645,1.3514,1.3435,1.3537,1.3747,3.96
BCH,2019-12-21 08:14:18.487975,2019-12-21 12:14:18.487975,short,205.27,207.6048,202.9352,200.6004,198.2656,207.6048,sl,-2.3348,-1.0,207.5,204.7054,207.1904,206.2585,206.2603,206.5886,209.5172,0.7
BCH,2020-01-07 05:14:18.487975,2020-01-11 10:14:18.487975,long,208.63,199.5626,217.6974,226.7648,235.8323,199.5626,sl,-9.0674,-1.0,199.18,202.245,207.895,206.4825,203.0125,204.6137,202.7328,2.41
BCH,2020-01-16 10:14:18.487975,2020-01-17 10:14:18.487975,long,239.11,231.5792,246.6408,254.1715,261.7023,231.5792,sl,6.4011,0.85,233.32,236.8312,246.4938,243.1119,241.5592,239.8306,225.3419,3.16
BCH,2020-01-22 02:14:18.487975,2020-01-22 06:14:18.487975,long,266.43,262.7435,270.1165,273.8031,277.4896,262.7435,sl,-3.6865,-1.0,264.67,262.5925,268.69,265.6412,265.0006,263.6986,247.8486,0.85
BCH,2020-01-22 10:14:18.487975,2020-01-22 18:14:18.487975,long,265.47,262.3709,268.5691,271.6683,274.7674,274.7674,tp3,6.8181,2.2,275.45,262.2658,267.9433,265.1046,266.5764,264.8348,249.9458,6.64
BCH,2020-01-25 21:14:18.487975,2020-01-26 18:14:18.487975,long,337.0,315.8732,358.1268,379.2535,400.3803,400.3803,tp3,39.0845,1.85,402.01,315.4267,346.56,341.89,358.6171,342.9198,301.4918,2.63
BCH,2020-02-11 18:14:18.487975,2020-02-13 08:14:18.487975,long,383.7,374.8688,392.5312,401.3625,410.1937,374.8688,sl,-1.7662,-0.2,377.38,379.01,385.1567,382.4675,380.8506,381.4533,373.6049,1.53
BCH,2020-02-15 14:14:18.487975,2020-02-24 09:14:18.487975,long,439.87,417.668,462.072,484.274,506.476,417.668,sl,18.8717,0.85,437.7,474.6708,495.4583,487.8362,481.1879,480.6126,459.456,9.05
BCH,2020-03-24 16:14:18.487975,2020-03-25 12:14:18.487975,short,170.71,178.7864,162.6336,154.5571,146.4807,178.7864,sl,6.865,0.85,177.87,159.8421,179.8025,169.8223,169.5525,170.9539,210.5241,1.52
BCH,2020-04-02 16:14:18.487975,2020-04-05 10:14:18.487975,long,224.93,212.9374,236.9226,248.9151,260.9077,212.9374,sl,-11.9926,-1.0,213.21,220.46,227.135,224.5392,224.0525,224.0755,218.4476,4.05
BCH,2020-05-16 22:14:18.487975,2020-05-18 09:14:18.487975,long,252.65,243.4496,261.8504,271.0508,280.2511,243.4496,sl,7.8203,0.85,232.92,257.72,276.2262,269.4406,263.8213,261.5594,253.5381,6.62
BCH,2020-07-01 16:14:18.487975,2020-07-02 23:14:18.487975,long,241.47,232.8109,250.1291,258.7881,267.4472,232.8109,sl,-8.6591,-1.0,232.69,239.1633,243.6333,240.9017,239.0294,239.2402,237.8571,1.28
BCH,2020-07-04 07:14:18.487975,2020-07-06 04:14:18.487975,short,232.75,242.0636,223.4364,214.1228,204.8093,204.8093,tp3,27.9407,3.0,210.0,229.05,232.8167,230.3683,226.8801,229.596,233.919,7.39
BCH,2020-07-12 20:14:18.487975,2020-07-12 23:14:18.487975,short,221.82,223.7332,219.9068,217.9935,216.0803,223.7332,sl,-1.9132,-1.0,225.96,219.7867,223.1325,222.296,222.3106,222.1704,224.5081,5.65
BCH,2020-07-23 17:14:18.487975,2020-07-31 04:14:18.487975,short,228.46,235.9176,221.0024,213.5449,206.0873,235.9176,sl,-1.4915,-0.2,237.94,227.8096,233.2554,229.7156,231.5971,229.5596,227.8668,6.23
BCH,2020-08-08 00:14:18.487975,2020-08-08 22:14:18.487975,long,290.14,285.6076,294.6724,299.2047,303.7371,303.7371,tp3,8.3849,1.85,304.24,284.6625,294.5325,290.0088,294.1149,290.0548,269.4074,3.48
BCH,2020-08-29 19:14:18.487975,2020-09-03 00:14:18.487975,short,291.37,298.9634,283.7766,276.1832,268.5898,268.5898,tp3,14.0478,1.85,274.15,282.405,292.9842,290.3394,281.9884,284.9625,290.2811,1.79
BCH,2020-09-16 14:14:18.487975,2020-09-18 07:14:18.487975,short,226.02,230.1573,221.8827,217.7454,213.6081,230.1573,sl,3.5167,0.85,229.01,221.225,228.0267,224.6258,225.3599,224.9113,236.0476,2.28
BCH,2020-09-22 14:14:18.487975,2020-09-23 08:14:18.487975,short,222.52,229.2877,215.7523,208.9847,202.217,229.2877,sl,-6.7677,-1.0,239.68,220.87,228.83,222.5283,226.9508,225.8237,228.6722,7.03
BCH,2020-09-25 06:14:18.487975,2020-09-28 08:14:18.487975,long,235.17,229.6311,240.7089,246.2479,251.7868,229.6311,sl,-5.5389,-1.0,229.8,232.5958,236.675,233.5229,233.1701,233.5354,232.1874,1.98
BCH,2020-10-20 03:14:18.487975,2020-10-20 16:14:18.487975,long,240.69,237.1793,244.2007,247.7115,251.2222,237.1793,sl,-3.5107,-1.0,235.4,237.7779,241.8738,239.621,239.1472,238.874,232.0787,3.26
BCH,2020-11-05 16:14:18.487975,2020-11-06 18:14:18.487975,long,275.21,258.4853,291.9347,308.6593,325.384,258.4853,sl,-16.7247,-1.0,262.61,263.7825,275.2475,267.1265,267.106,267.3985,264.7365,1.99
BCH,2021-02-27 10:14:18.487975,2021-02-27 15:14:18.487975,long,720.99,698.1384,743.8416,766.6932,789.5447,698.1384,sl,-4.5703,-0.2,703.34,702.2133,725.7858,719.2379,710.8198,708.7884,658.6347,2.43
BCH,2021-03-19 18:14:18.487975,2021-03-20 08:14:18.487975,long,547.39,530.8811,563.8989,580.4078,596.9167,530.8811,sl,-3.3018,-0.2,538.63,536.1062,556.4012,548.7906,548.0324,545.3501,530.065,2.09
BCH,2021-03-30 17:14:18.487975,2021-04-01 20:14:18.487975,short,524.01,538.337,509.683,495.3559,481.0289,481.0289,tp3,31.5195,2.2,475.09,512.43,528.3,523.6712,512.2747,516.9848,526.5599,8.09
BCH,2021-05-10 17:14:18.487975,2021-05-11 17:14:18.487975,long,999.79,971.9826,1027.5974,1055.4049,1083.2123,971.9826,sl,-5.5615,-0.2,953.08,974.99,1024.33,1001.7158,1006.624,997.4598,940.1904,4.38
BCH,2021-05-19 15:14:18.487975,2021-05-20 16:14:18.487975,long,1492.64,1320.0779,1665.2021,1837.7642,2010.3263,1320.0779,sl,-172.5621,-1.0,1236.46,1311.1125,1499.3833,1358.1802,1434.0206,1442.7931,1342.9074,3.24
BCH,2021-05-21 23:14:18.487975,2021-05-27 05:14:18.487975,short,1242.0,1408.4028,1075.5972,909.1943,742.7915,742.7915,tp3,307.8453,1.85,637.02,1028.4763,1144.9525,1097.3031,963.4762,1041.0494,1175.6428,4.12
BCH,2021-07-24 00:14:18.487975,2021-07-27 06:14:18.487975,short,453.38,466.3133,440.4467,427.5135,414.5802,414.5802,tp3,23.9265,1.85,413.82,431.9492,444.5538,437.2819,433.0603,438.0173,456.9631,2.61
BCH,2021-08-01 14:14:18.487975,2021-08-02 23:14:18.487975,long,457.13,440.2282,474.0318,490.9336,507.8354,507.8354,tp3,31.2683,1.85,504.39,441.17,485.4233,456.3821,471.9105,459.6703,446.4255,1.35
BCH,2021-08-30 21:14:18.487975,2021-08-31 04:14:18.487975,long,685.56,672.0482,699.0718,712.5836,726.0954,672.0482,sl,-13.5118,-1.0,672.41,675.3858,690.4196,684.5731,680.2901,677.628,663.3761,6.1
BCH,2021-09-02 14:14:18.487975,2021-09-03 13:14:18.487975,short,643.79,658.6864,628.8936,613.9972,599.1008,599.1008,tp3,27.5584,1.85,606.6,619.8938,656.4738,643.8994,616.5638,629.5923,650.0407,2.7
BCH,2021-09-24 15:14:18.487975,2021-09-24 21:14:18.487975,short,638.5,646.4904,630.5096,622.5192,614.5288,646.4904,sl,-7.9904,-1.0,645.1,634.8,646.5,640.65,640.2942,639.5882,645.8925,1.52
BCH,2021-10-12 05:14:18.487975,2021-10-13 05:14:18.487975,long,552.6,543.3736,561.8264,571.0528,580.2793,580.2793,tp3,17.0689,1.85,586.5,544.4625,566.875,551.5938,565.5899,559.0269,540.3133,2.86
BCH,2021-12-22 04:14:18.487975,2021-12-23 07:14:18.487975,short,425.8,447.3262,404.2738,382.7476,361.2214,447.3262,sl,-21.5262,-1.0,444.9,421.225,435.075,427.5729,431.2695,433.1647,451.9868,1.58
BCH,2021-12-27 16:14:18.487975,2021-12-29 13:14:18.487975,short,429.2,440.8591,417.5409,405.8817,394.2226,440.8591,sl,-11.6591,-1.0,441.4,428.0417,438.8917,436.6312,436.2663,434.3845,438.4592,1.71
BCH,2022-01-01 05:14:18.487975,2022-01-05 06:14:18.487975,long,458.6,440.2178,476.9822,495.3644,513.7466,440.2178,sl,-18.3822,-1.0,442.8,448.25,467.675,451.7188,451.6498,454.5046,450.2592,1.12
BCH,2022-01-08 03:14:18.487975,2022-01-08 12:14:18.487975,short,428.9,436.7468,421.0532,413.2065,405.3597,436.7468,sl,-1.5694,-0.2,435.3,427.45,434.95,430.075,430.7394,432.6449,441.0775,0.49
BCH,2022-01-26 14:14:18.487975,2022-01-28 14:14:18.487975,short,377.1,388.7676,365.4324,353.7647,342.0971,342.0971,tp3,21.5852,1.85,339.7,366.5083,380.4875,370.9562,364.1899,370.2357,379.0271,3.64
BCH,2022-02-09 06:14:18.487975,2022-02-09 14:14:18.487975,short,284.6,290.054,279.146,273.6921,268.2381,290.054,sl,-5.454,-1.0,289.0,282.3667,289.3,285.8333,287.1261,287.1317,294.9507,0.58
BCH,2022-03-15 05:14:18.487975,2022-03-16 12:14:18.487975,short,278.6,290.772,266.428,254.2559,242.0839,290.772,sl,-12.172,-1.0,290.7,276.475,286.65,279.7125,283.9849,283.8224,294.9969,0.64
BCH,2022-03-22 12:14:18.487975,2022-03-23 03:14:18.487975,short,285.0,289.6657,280.3343,275.6687,271.003,289.6657,sl,-4.6657,-1.0,289.7,282.5,288.7333,285.6167,285.3207,285.8559,289.8682,1.7
BCH,2022-03-25 17:14:18.487975,2022-03-27 03:14:18.487975,long,296.9,290.3723,303.4277,309.9555,316.4832,316.4832,tp3,12.0763,1.85,318.1,290.5,304.8125,296.7021,310.1917,304.7459,296.3207,2.47
BCH,2022-04-01 01:14:18.487975,2022-04-01 19:14:18.487975,long,360.8,353.7577,367.8423,374.8845,381.9268,353.7577,sl,-1.4085,-0.2,361.8,357.2458,366.275,362.5812,362.5071,360.865,338.9248,2.61
BCH,2022-04-04 07:14:18.487975,2022-04-13 11:14:18.487975,long,367.8,356.5646,379.0354,390.2708,401.5062,356.5646,sl,9.5501,0.85,357.6,371.6375,378.95,376.9188,370.3457,372.8712,372.3312,6.75
BCH,2022-04-15 20:14:18.487975,2022-04-19 07:14:18.487975,short,334.2,346.6753,321.7247,309.2494,296.7741,296.7741,tp3,23.0793,1.85,296.4,311.0,331.0625,326.3812,307.64,315.9474,336.8738,1.23
BCH,2022-05-05 01:14:18.487975,2022-05-16 17:14:18.487975,short,301.5,317.3501,285.6499,269.7998,253.9497,253.9497,tp3,29.3227,1.85,255.3,259.7667,270.0333,263.9667,261.6059,266.3706,279.5595,1.22
BCH,2022-06-01 21:14:18.487975,2022-06-08 08:14:18.487975,short,191.8,202.3539,181.2461,170.6922,160.1383,202.3539,sl,-2.1108,-0.2,202.1,189.0333,201.9,198.2812,197.1783,193.0402,189.265,0.51
BCH,2022-06-10 21:14:18.487975,2022-06-20 14:14:18.487975,short,183.0,198.1706,167.8294,152.6589,137.4883,137.4883,tp3,28.0655,1.85,141.4,148.7292,159.8792,152.9104,149.019,155.2144,170.1029,1.8
BCH,2022-07-20 23:14:18.487975,2022-07-21 10:14:18.487975,short,96.2,101.3231,91.0769,85.9538,80.8308,101.3231,sl,-5.1231,-1.0,102.5,97.9708,101.1375,100.1479,99.6757,100.325,104.1431,0.97
BCH,2022-07-25 01:14:18.487975,2022-07-26 11:14:18.487975,long,110.2,105.763,114.637,119.0739,123.5109,123.5109,tp3,8.2084,1.85,120.0,108.9917,116.7375,110.4812,116.8752,114.0208,108.1887,2.86
BCH,2022-08-13 07:14:18.487975,2022-08-15 19:14:18.487975,long,137.5,134.3391,140.6609,143.8218,146.9826,146.9826,tp3,5.8476,1.85,146.8,139.65,141.9,141.025,142.5248,141.3403,138.7675,3.94
BCH,2022-08-29 17:14:18.487975,2022-08-29 19:14:18.487975,short,118.0,119.1879,116.8121,115.6242,114.4363,114.4363,tp3,2.6134,2.2,115.2,114.0,118.95,118.275,117.9711,118.3279,126.8034,2.85
BCH,2022-09-19 04:14:18.487975,2022-09-19 07:14:18.487975,long,132.3,130.8877,133.7123,135.1246,136.5369,130.8877,sl,-1.4123,-1.0,130.2,131.0,133.7,132.05,131.1814,130.8958,125.4855,0.97
BCH,2022-09-28 00:14:18.487975,2022-09-28 02:14:18.487975,short,112.1,113.5767,110.6233,109.1466,107.6699,113.5767,sl,-1.4767,-1.0,113.8,107.5583,113.35,112.4812,112.5543,113.2148,117.9833,1.38
BCH,2022-09-28 04:14:18.487975,2022-09-28 07:14:18.487975,short,111.6,113.5767,109.6233,107.6466,105.6699,113.5767,sl,-1.9767,-1.0,113.0,108.3833,113.8375,112.5979,112.5698,113.1005,117.7198,0.61
BCH,2022-10-06 18:14:18.487975,2022-10-08 01:14:18.487975,short,114.1,118.7286,109.4713,104.8427,100.214,118.7286,sl,-4.6287,-1.0,119.4,114.5875,117.475,116.8188,116.7975,115.9998,115.8792,1.95
BCH,2022-11-28 11:14:18.487975,2022-11-28 13:14:18.487975,long,106.7,103.6423,109.7577,112.8154,115.8731,103.6423,sl,-3.0577,-1.0,103.2,103.85,106.2875,105.2562,105.0272,104.948,104.6976,2.76
BCH,2023-01-14 23:14:18.487975,2023-01-16 21:14:18.487975,long,101.7,99.9081,103.4919,105.2838,107.0756,107.0756,tp3,3.315,1.85,106.6,100.8,103.175,101.8687,104.7245,103.2644,101.3276,0.63
BCH,2023-01-23 01:14:18.487975,2023-01-23 19:14:18.487975,long,125.4,121.494,129.306,133.212,137.1179,121.494,sl,-3.906,-1.0,121.9,122.825,127.0625,124.9438,125.0035,124.3581,116.3538,3.56
BCH,2023-02-10 12:14:18.487975,2023-02-13 22:14:18.487975,long,138.4,131.8358,144.9642,151.5284,158.0926,131.8358,sl,-6.5642,-1.0,133.0,132.675,138.075,134.1938,133.7814,135.2046,135.2849,0.84
BCH,2023-02-14 08:14:18.487975,2023-02-20 09:14:18.487975,short,133.6,137.608,129.592,125.584,121.576,121.576,tp3,7.4148,1.85,123.3,123.6,125.35,124.475,124.9381,125.4047,129.3996,3.27
BCH,2023-02-25 11:14:18.487975,2023-02-27 18:14:18.487975,long,133.9,130.0061,137.7939,141.6877,145.5816,145.5816,tp3,8.5665,2.2,146.5,134.8458,138.7958,135.9979,138.2432,136.6072,132.4093,10.15
BCH,2023-03-09 06:14:18.487975,2023-03-10 12:14:18.487975,short,132.8,135.5831,130.0169,127.2338,124.4506,124.4506,tp3,6.1229,2.2,122.9,131.5792,134.8833,132.7229,131.0658,132.3014,134.3927,7.75
BCH,2023-04-03 00:14:18.487975,2023-04-04 00:14:18.487975,short,125.0,126.9033,123.0967,121.1934,119.2901,119.2901,tp3,4.1873,2.2,119.0,123.0667,126.5667,125.05,123.1108,124.2364,126.8295,2.37
BCH,2023-04-15 22:14:18.487975,2023-04-17 08:14:18.487975,short,124.2,126.2019,122.1981,120.1962,118.1943,126.2019,sl,-2.0019,-1.0,126.0,123.8,124.8,124.45,124.58,124.5186,125.0771,2.86
BCH,2023-04-18 23:14:18.487975,2023-04-26 18:14:18.487975,long,129.1,125.0244,133.1755,137.2511,141.3266,125.0244,sl,-0.8151,-0.2,125.4,131.5333,133.5333,132.95,132.1865,132.5045,131.1551,8.97
BCH,2023-04-29 04:14:18.487975,2023-05-04 06:14:18.487975,short,122.7,126.0516,119.3484,115.9968,112.6452,112.6452,tp3,6.2005,1.85,116.5,117.45,120.5667,119.2917,120.2915,119.9567,122.3999,2.92
BCH,2023-06-28 23:14:18.487975,2023-06-29 10:14:18.487975,long,131.5,126.0723,136.9277,142.3553,147.783,147.783,tp3,11.9408,2.2,145.0,126.4917,138.6583,133.3354,131.3861,122.2108,111.6056,1.88
BCH,2023-08-26 23:14:18.487975,2023-08-28 15:14:18.487975,short,186.8,193.7242,179.8758,172.9517,166.0275,193.7242,sl,-6.9242,-1.0,191.1,186.9,189.5,188.0375,188.8451,189.2296,204.0551,7.89
BCH,2023-09-07 16:14:18.487975,2023-09-08 02:14:18.487975,long,219.8,209.921,229.679,239.558,249.4371,209.921,sl,-9.879,-1.0,207.5,211.35,225.3,219.875,215.4848,213.0854,202.4815,2.32
BCH,2023-09-16 13:14:18.487975,2023-09-17 01:14:18.487975,short,191.8,195.0894,188.5106,185.2212,181.9318,195.0894,sl,-3.2894,-1.0,193.9,189.9,195.0,191.85,192.1231,192.3479,194.5673,8.15
BCH,2023-10-01 07:14:18.487975,2023-10-01 12:14:18.487975,short,208.3,209.6184,206.9816,205.6632,204.3448,209.6184,sl,-1.3184,-1.0,209.6,207.2,209.45,208.325,208.4784,208.7729,209.9182,3.33
BCH,2023-10-24 17:14:18.487975,2023-10-27 19:14:18.487975,long,229.1,223.1154,235.0846,241.0692,247.0539,247.0539,tp3,11.0716,1.85,247.6,224.8,232.075,228.4375,234.3438,230.8996,225.3106,3.43
BCH,2023-11-10 20:14:18.487975,2023-11-14 18:14:18.487975,short,236.4,246.0119,226.7881,217.1762,207.5644,246.0119,sl,-9.6119,-1.0,249.4,236.6833,241.5167,240.3083,241.5149,240.1381,240.4518,6.4
BCH,2023-12-11 07:14:18.487975,2023-12-11 11:14:18.487975,long,227.5,224.5999,230.4001,233.3002,236.2003,236.2003,tp3,6.3802,2.2,247.8,225.3833,229.3417,227.1646,229.8807,227.9537,225.8805,11.52
BCH,2024-01-04 06:14:18.487975,2024-01-10 22:14:18.487975,long,255.1,230.9122,279.2877,303.4755,327.6632,230.9122,sl,-4.8376,-0.2,234.2,261.1833,269.6833,266.4958,256.8471,260.0575,257.0415,6.62
BCH,2024-01-13 16:14:18.487975,2024-01-14 18:14:18.487975,short,231.9,239.1231,224.6769,217.4538,210.2306,239.1231,sl,-7.2231,-1.0,236.3,231.425,238.325,235.1625,236.4212,236.8206,244.336,2.09
BCH,2024-01-15 02:14:18.487975,2024-01-15 17:14:18.487975,short,233.9,239.3778,228.4222,222.9444,217.4666,239.3778,sl,4.6561,0.85,235.6,231.3125,240.6875,235.5312,233.0866,234.7155,242.1523,1.97
BCH,2024-01-23 23:14:18.487975,2024-01-24 07:14:18.487975,short,252.4,255.6645,249.1355,245.871,242.6066,255.6645,sl,-0.6529,-0.2,255.4,249.8625,254.625,253.3021,253.2339,253.2605,253.8247,0.91
BCH,2024-01-24 09:14:18.487975,2024-01-26 02:14:18.487975,short,251.2,255.6645,246.7355,242.271,237.8066,237.8066,tp3,8.2593,1.85,238.1,240.9875,250.4667,243.5396,242.3509,245.2723,250.5747,2.87
BCH,2024-02-22 08:14:18.487975,2024-02-22 18:14:18.487975,long,280.1,273.1526,287.0474,293.9948,300.9422,273.1526,sl,-6.9474,-1.0,269.8,273.7,290.6,278.25,276.7924,275.6038,263.4626,9.99
BCH,2024-02-27 22:14:18.487975,2024-02-28 00:14:18.487975,long,269.8,267.2894,272.3106,274.8213,277.332,267.2894,sl,-0.5021,-0.2,266.4,267.825,270.9583,269.5875,269.5171,269.4784,267.6481,3.93
BCH,2024-03-01 07:14:18.487975,2024-03-02 00:14:18.487975,short,262.6,265.1501,260.0499,257.4999,254.9498,265.1501,sl,-0.51,-0.2,264.8,258.7583,263.8417,261.5542,262.65,262.6724,264.7868,1.37
BCH,2024-03-06 17:14:18.487975,2024-03-07 03:14:18.487975,long,300.2,287.5238,312.8762,325.5524,338.2286,287.5238,sl,-12.6762,-1.0,298.2,290.8542,307.6875,300.3229,300.0463,293.3184,277.3291,3.94
BCH,2024-05-20 11:14:18.487975,2024-05-20 17:14:18.487975,short,430.7,435.2187,426.1813,421.6626,417.1439,435.2187,sl,3.8409,0.85,438.4,426.5167,434.4,431.8917,431.1258,432.8382,445.4014,3.31
BCH,2024-06-07 08:14:18.487975,2024-06-11 20:14:18.487975,short,466.5,472.9315,460.0685,453.637,447.2056,472.9315,sl,5.4668,0.85,472.5,459.9875,469.4375,463.5312,466.0307,464.6743,468.3442,1.33
BCH,2024-06-14 07:14:18.487975,2024-06-15 04:14:18.487975,long,497.2,480.8364,513.5636,529.9272,546.2908,480.8364,sl,-3.2727,-0.2,481.2,482.1375,511.6708,494.1354,505.7937,499.2686,482.6749,6.13
BCH,2024-06-20 16:14:18.487975,2024-06-25 11:14:18.487975,short,444.8,459.4922,430.1078,415.4157,400.7236,400.7236,tp3,27.1805,1.85,389.6,416.325,432.7375,429.5812,417.8336,422.3865,438.951,7.14
BCH,2024-06-28 00:14:18.487975,2024-06-29 22:14:18.487975,short,388.9,399.2135,378.5865,368.273,357.9595,399.2135,sl,-2.0627,-0.2,387.8,382.95,393.8583,391.3792,385.7984,387.5179,405.8844,5.94
BCH,2024-07-28 19:14:18.487975,2024-07-29 04:14:18.487975,long,396.0,384.2799,407.7201,419.4402,431.1603,384.2799,sl,-11.7201,-1.0,385.2,387.6042,399.1458,393.9521,392.1425,390.987,381.2649,5.03
BCH,2024-08-15 00:14:18.487975,2024-08-15 12:14:18.487975,short,313.1,328.656,297.544,281.988,266.432,328.656,sl,-15.556,-1.0,329.1,313.9083,325.4083,322.0542,318.1063,319.3892,350.1252,1.43
BCH,2024-08-28 18:14:18.487975,2024-08-29 00:14:18.487975,short,336.7,340.6466,332.7534,328.8068,324.8602,340.6466,sl,-3.9466,-1.0,338.9,333.8167,339.9667,337.575,337.8017,338.0602,340.1449,0.98
BCH,2024-09-02 07:14:18.487975,2024-09-02 09:14:18.487975,long,361.0,356.4856,365.5144,370.0288,374.5432,356.4856,sl,-4.5144,-1.0,356.3,357.2,365.2,360.8,358.3892,358.0954,350.5758,1.41
BCH,2024-09-11 20:14:18.487975,2024-09-17 03:14:18.487975,short,310.5,321.8925,299.1075,287.715,276.3225,321.8925,sl,9.6836,0.85,321.9,300.0333,307.9333,303.6542,310.735,307.0199,310.7643,1.96
BCH,2024-09-30 08:14:18.487975,2024-10-08 09:14:18.487975,long,343.5,335.0827,351.9173,360.3347,368.752,335.0827,sl,7.1547,0.85,337.2,343.5,354.1167,347.9917,343.2673,346.7264,346.7528,2.64
BCH,2024-11-06 08:14:18.487975,2024-11-08 02:14:18.487975,long,383.6,361.6918,405.5082,427.4163,449.3245,361.6918,sl,-21.9082,-1.0,361.1,365.425,380.2667,371.7042,370.4215,371.7222,365.1805,0.91
BCH,2024-11-21 21:14:18.487975,2024-11-22 00:14:18.487975,long,437.5,420.158,454.842,472.184,489.526,420.158,sl,-17.342,-1.0,421.2,421.0,444.7333,437.3167,434.6233,433.7812,412.6834,2.08
BCH,2024-11-26 07:14:18.487975,2024-11-30 11:14:18.487975,long,455.1,426.3206,483.8794,512.6587,541.4381,541.4381,tp3,53.2418,1.85,544.5,468.95,518.2667,489.125,493.6053,484.8466,457.6241,6.55
BCH,2025-01-06 07:14:18.487975,2025-01-06 16:14:18.487975,short,440.9,450.7246,431.0754,421.2507,411.426,450.7246,sl,-9.8247,-1.0,450.8,441.5,452.35,447.3125,445.6098,446.26,455.1611,1.01
BCH,2025-01-14 01:14:18.487975,2025-01-14 21:14:18.487975,long,480.1,467.5713,492.6287,505.1574,517.6861,467.5713,sl,-12.5287,-1.0,468.9,466.4667,480.35,469.9375,476.6127,475.2507,466.0387,1.19
BCH,2025-02-12 13:14:18.487975,2025-02-18 15:14:18.487975,short,331.9,342.0995,321.7005,311.501,301.3015,342.0995,sl,8.6696,0.85,341.3,323.7,332.7833,328.6958,332.2496,328.9481,339.3038,1.98
BCH,2025-02-25 01:14:18.487975,2025-03-04 01:14:18.487975,short,327.3,335.336,319.264,311.228,303.192,303.192,tp3,14.8666,1.85,306.7,316.7458,327.7958,319.0479,316.3653,320.0648,323.9483,2.99
BCH,2025-03-06 03:14:18.487975,2025-03-06 07:14:18.487975,short,291.2,299.1304,283.2696,275.3392,267.4088,299.1304,sl,-7.9304,-1.0,298.8,282.9708,298.5125,294.6271,293.4619,295.8889,310.8926,0.92
BCH,2025-03-09 11:14:18.487975,2025-03-13 15:14:18.487975,long,315.0,285.1536,344.8464,374.6929,404.5394,404.5394,tp3,55.2159,1.85,406.8,338.35,404.5,383.2375,386.0562,362.3428,329.8787,1.78
BCH,2025-03-19 12:14:18.487975,2025-04-21 12:14:18.487975,short,334.7,364.06,305.34,275.98,246.62,364.06,sl,24.956,0.85,356.7,329.15,354.9333,346.0083,345.3835,336.1781,311.1942,6.84
BCH,2025-05-09 16:14:18.487975,2025-05-11 10:14:18.487975,long,370.2,360.9101,379.4899,388.7799,398.0698,360.9101,sl,-1.858,-0.2,361.9,363.7667,380.1,369.0167,366.511,368.2928,363.5289,2.2
BCH,2025-05-24 08:14:18.487975,2025-05-26 00:14:18.487975,short,394.6,402.3489,386.8511,379.1022,371.3532,402.3489,sl,-1.5498,-0.2,403.6,391.9875,400.925,398.5188,398.0563,396.9744,398.1936,2.48
BCH,2025-07-02 03:14:18.487975,2025-07-02 10:14:18.487975,short,452.4,464.0304,440.7696,429.1392,417.5089,464.0304,sl,-11.6304,-1.0,464.6,449.3125,463.1042,454.1396,456.4238,457.2049,459.3902,2.76
BCH,2025-07-07 23:14:18.487975,2025-07-11 13:14:18.487975,long,501.5,486.9367,516.0633,530.6266,545.19,486.9367,sl,-2.9127,-0.2,487.8,498.9333,508.975,503.4521,497.1223,501.4079,496.9772,1.53
BCH,2025-07-15 10:14:18.487975,2025-07-19 01:14:18.487975,long,498.7,486.5042,510.8958,523.0916,535.2874,535.2874,tp3,22.5622,1.85,528.9,507.2167,521.4167,510.175,522.3243,516.2535,503.8312,2.38
BCH,2025-08-01 14:14:18.487975,2025-08-03 11:14:18.487975,long,526.5,508.98,544.02,561.54,579.06,579.06,tp3,32.412,1.85,568.9,530.1875,565.0,556.8771,557.5684,548.4032,529.5945,6.03
BCH,2025-08-13 21:14:18.487975,2025-08-14 21:14:18.487975,long,562.0,554.6884,569.3116,576.6232,583.9348,583.9348,tp3,13.5265,1.85,581.6,564.675,580.65,576.2125,572.5639,566.9223,558.6166,4.35
BCH,2025-08-19 21:14:18.487975,2025-08-24 03:14:18.487975,long,592.1,575.7129,608.4871,624.8741,641.2612,575.7129,sl,13.929,0.85,578.3,586.4875,596.525,596.0688,588.0451,592.3517,589.9056,1.75
BCH,2025-08-28 22:14:18.487975,2025-08-29 05:14:18.487975,short,551.8,562.598,541.002,530.2041,519.4061,562.598,sl,-10.798,-1.0,556.8,549.375,558.6375,552.9771,556.1213,557.8123,571.0887,1.08
BCH,2025-09-03 01:14:18.487975,2025-09-10 00:14:18.487975,short,537.9,584.642,491.158,444.4161,397.6741,584.642,sl,-46.742,-1.0,580.4,530.0,562.325,545.2646,563.1703,554.3695,552.6867,3.13
BCH,2025-09-22 15:14:18.487975,2025-09-22 18:14:18.487975,long,603.3,592.9118,613.6882,624.0764,634.4646,592.9118,sl,-10.3882,-1.0,592.8,594.1,604.9,601.9,598.3799,597.036,592.3027,1.62
BCH,2025-09-25 05:14:18.487975,2025-09-25 09:14:18.487975,long,600.0,591.7142,608.2858,616.5716,624.8574,624.8574,tp3,21.9574,2.65,616.7,593.65,601.5667,598.7958,602.1107,598.935,594.5704,1.69
BCH,2025-10-13 11:14:18.487975,2025-10-14 23:14:18.487975,long,599.3,585.7096,612.8904,626.4809,640.0713,585.7096,sl,-13.5904,-1.0,588.9,594.5083,602.2083,598.6792,595.6226,596.7607,587.596,5.37
BCH,2025-10-16 01:14:18.487975,2025-10-17 13:14:18.487975,short,577.6,596.7244,558.4756,539.3512,520.2268,596.7244,sl,-19.1244,-1.0,593.6,572.6333,582.3833,578.5917,580.6283,580.8791,583.6973,3.51
BCH,2025-11-06 03:14:18.487975,2025-11-06 04:14:18.487975,long,562.1,551.8191,572.3809,582.6617,592.9426,551.8191,sl,-10.2809,-1.0,558.1,552.925,564.325,560.7625,558.5375,556.6342,530.5652,2.53
BCH,2025-11-12 02:14:18.487975,2025-11-18 11:14:18.487975,short,491.7,526.4007,456.9993,422.2986,387.5979,526.4007,sl,-34.7007,-1.0,519.7,491.925,511.225,495.9458,512.1576,506.8551,505.066,4.03
BCH,2025-11-19 18:14:18.487975,2025-11-20 02:14:18.487975,long,519.9,509.3335,530.4665,541.0331,551.5996,509.3335,sl,-2.1133,-0.2,508.9,510.4958,525.7458,522.5688,516.3635,513.457,508.2836,2.11
BCH,2025-11-20 13:14:18.487975,2025-11-21 04:14:18.487975,long,524.2,508.7804,539.6196,555.0392,570.4588,508.7804,sl,-15.4196,-1.0,503.0,511.225,531.175,527.6125,518.4375,516.6052,510.4329,1.8
BCH,2025-11-25 21:14:18.487975,2025-11-26 00:14:18.487975,short,486.6,504.0352,469.1648,451.7296,434.2943,504.0352,sl,-17.4352,-1.0,491.4,477.8875,501.2333,487.7646,489.4206,491.6913,498.9515,3.95
BCH,2025-12-06 04:14:18.487975,2025-12-06 10:14:18.487975,long,545.5,532.9819,558.0181,570.5362,583.0543,532.9819,sl,-12.5181,-1.0,534.7,534.7667,545.675,543.1958,542.1615,539.894,531.6499,11.49
BCH,2025-12-15 03:14:18.487975,2025-12-17 13:14:18.487975,long,603.0,569.1594,636.8406,670.6812,704.5218,569.1594,sl,-33.8406,-1.0,561.8,577.2917,588.9583,582.3958,579.0539,581.5189,573.5139,2.09
BCH,2025-12-23 17:14:18.487975,2025-12-25 01:14:18.487975,short,530.9,567.1069,494.6931,458.4861,422.2792,567.1069,sl,-36.2069,-1.0,554.8,530.775,551.2333,546.1188,548.9558,548.7169,560.644,3.99
BCH,2026-01-13 10:14:18.487975,2026-01-13 18:14:18.487975,long,653.5,638.3956,668.6044,683.7087,698.8131,638.3956,sl,-15.1044,-1.0,639.3,639.675,653.925,648.9375,646.94,645.5328,624.3895,2.88
BCH,2026-01-21 03:14:18.487975,2026-02-08 03:14:18.487975,short,610.7,646.1272,575.2728,539.8456,504.4185,504.4185,tp3,65.5403,1.85,487.7,538.475,556.4,551.4208,531.6331,546.0707,571.5221,8.27
BCH,2026-02-17 11:14:18.487975,2026-02-17 16:14:18.487975,long,532.2,518.7937,545.6063,559.0127,572.419,518.7937,sl,-13.4063,-1.0,522.0,521.0667,535.8667,529.0833,526.9264,525.3746,524.9128,1.92
BCH,2026-02-17 21:14:18.487975,2026-02-18 00:14:18.487975,long,529.6,520.0245,539.1755,548.7509,558.3264,520.0245,sl,-9.5755,-1.0,514.1,522.3,535.8667,527.85,524.683,524.7365,524.7747,2.25
BCH,2026-03-15 21:14:18.487975,2026-03-16 13:14:18.487975,short,448.9,453.0167,444.7833,440.6665,436.5498,453.0167,sl,3.4992,0.85,450.6,446.65,451.65,450.0875,447.1957,448.7663,457.4763,1.72
BCH,2026-03-16 16:14:18.487975,2026-03-16 23:14:18.487975,short,447.0,452.5533,441.4467,435.8934,430.3401,452.5533,sl,-5.5533,-1.0,454.5,446.025,451.65,450.0875,448.9131,449.0705,456.7259,2.54
BCH,2026-03-18 04:14:18.487975,2026-03-18 16:14:18.487975,short,445.4,452.9917,437.8083,430.2166,422.625,452.9917,sl,-7.5917,-1.0,451.2,445.5792,451.5375,448.8562,448.4662,448.4308,453.8801,0.84
BCH,2026-03-22 12:14:18.487975,2026-03-25 22:14:18.487975,long,465.7,458.7058,472.6942,479.6885,486.6827,458.7058,sl,5.9451,0.85,456.6,470.325,477.675,473.6938,469.3022,471.1727,465.5959,3.39
BCH,2026-03-26 21:14:18.487975,2026-03-28 00:14:18.487975,short,455.6,471.0652,440.1348,424.6695,409.2043,471.0652,sl,-15.4652,-1.0,468.8,451.6042,463.8542,456.1979,463.5177,461.9714,462.8566,2.1
BCH,2026-03-29 04:14:18.487975,2026-03-29 09:14:18.487975,long,469.1,460.4024,477.7976,486.4953,495.193,460.4024,sl,-8.6977,-1.0,462.6,463.375,472.2625,467.8188,467.7372,466.8038,464.5556,2.46
BCH,2026-03-29 23:14:18.487975,2026-03-30 07:14:18.487975,long,467.9,463.8954,471.9046,475.9093,479.9139,463.8954,sl,-4.0046,-1.0,466.4,464.825,472.25,467.7125,466.5936,466.3969,464.811,2.85
BCH,2026-04-03 17:14:18.487975,2026-04-04 17:14:18.487975,short,458.8,477.6534,439.9466,421.0932,402.2398,477.6534,sl,-18.8534,-1.0,479.7,461.4167,471.0667,464.2312,471.8316,469.4972,468.997,0.77
BCH,2026-05-01 21:14:18.487975,2026-05-03 03:14:18.487975,long,457.6,452.4641,462.7359,467.8718,473.0077,452.4641,sl,-5.1359,-1.0,452.5,454.4958,459.0458,456.5812,454.6054,455.7003,451.5093,0.88
BCH,2026-05-07 04:14:18.487975,2026-05-08 23:14:18.487975,short,445.2,454.3569,436.0431,426.8862,417.7293,454.3569,sl,-9.1569,-1.0,453.4,440.8958,448.0458,443.5771,444.168,445.0169,448.5433,5.5
XTZ,2019-10-15 16:14:23.805179,2019-10-16 10:14:23.805179,short,0.8673,0.9126,0.822,0.7768,0.7315,0.9126,sl,-0.0453,-1.0,0.9148,0.8589,0.8991,0.8833,0.8852,0.8893,0.906,1.38
XTZ,2019-10-21 07:14:23.805179,2019-10-22 11:14:23.805179,short,0.9038,0.9287,0.8789,0.854,0.8291,0.9287,sl,-0.0249,-1.0,0.9266,0.8943,0.9109,0.9068,0.8986,0.9013,0.907,7.33
XTZ,2019-10-23 11:14:23.805179,2019-10-25 05:14:23.805179,long,0.9211,0.8971,0.9451,0.969,0.993,0.8971,sl,-0.024,-1.0,0.8973,0.901,0.9259,0.9179,0.9078,0.9126,0.9115,4.73
XTZ,2019-10-27 02:14:23.805179,2019-11-01 01:14:23.805179,short,0.8887,0.9116,0.8658,0.8429,0.8199,0.8199,tp3,0.0424,1.85,0.8167,0.82,0.8665,0.8302,0.8449,0.8578,0.8767,1.58
XTZ,2019-11-08 07:14:23.805179,2019-11-08 08:14:23.805179,long,0.8569,0.844,0.8698,0.8827,0.8956,0.844,sl,-0.0129,-1.0,0.8289,0.8457,0.8698,0.8563,0.852,0.8527,0.8435,4.33
XTZ,2019-11-23 20:14:23.805179,2019-11-24 10:14:23.805179,long,1.2559,1.1425,1.3693,1.4826,1.596,1.1425,sl,-0.1134,-1.0,1.1403,1.1692,1.2669,1.2221,1.1977,1.1845,1.1428,1.3
XTZ,2019-11-29 05:14:23.805179,2019-12-01 09:14:23.805179,long,1.2023,1.169,1.2356,1.2688,1.3021,1.169,sl,0.0283,0.85,1.1694,1.1976,1.2569,1.238,1.2205,1.2178,1.1899,2.21
XTZ,2020-01-12 13:14:23.805179,2020-01-15 04:14:23.805179,short,1.2882,1.3129,1.2635,1.2387,1.214,1.3129,sl,0.021,0.85,1.318,1.2444,1.2748,1.2533,1.2741,1.2699,1.3093,4.7
XTZ,2020-01-25 06:14:23.805179,2020-01-25 16:14:23.805179,long,1.3285,1.2945,1.3625,1.3965,1.4305,1.4305,tp3,0.0748,2.2,1.4532,1.3147,1.3715,1.3276,1.3593,1.342,1.321,5.07
XTZ,2020-04-28 11:14:23.805179,2020-04-28 22:14:23.805179,long,2.2907,2.2107,2.3707,2.4507,2.5308,2.2107,sl,-0.08,-1.0,2.1875,2.2431,2.3318,2.2819,2.2865,2.2604,2.1085,3.3
XTZ,2020-06-05 16:14:23.805179,2020-06-05 21:14:23.805179,short,2.6911,2.7358,2.6464,2.6016,2.5569,2.7358,sl,-0.0447,-1.0,2.7296,2.6836,2.7261,2.6942,2.7022,2.7059,2.7172,3.78
XTZ,2020-06-06 22:14:23.805179,2020-06-10 23:14:23.805179,long,2.8619,2.7285,2.9953,3.1287,3.2621,2.7285,sl,0.1134,0.85,2.8172,2.8321,2.9819,2.9145,2.9911,2.9484,2.8511,3.78
XTZ,2020-06-19 13:14:23.805179,2020-06-19 22:14:23.805179,short,2.8889,2.9137,2.8641,2.8394,2.8146,2.8146,tp3,0.0545,2.2,2.7875,2.8745,2.903,2.8919,2.8703,2.8835,2.9002,3.17
XTZ,2020-08-05 14:14:23.805179,2020-08-10 00:14:23.805179,short,2.7929,2.9776,2.6082,2.4235,2.2387,2.9776,sl,-0.1847,-1.0,3.0315,2.8174,2.9051,2.843,2.9019,2.8733,2.8925,4.72
XTZ,2020-08-14 18:14:23.805179,2020-08-15 03:14:23.805179,long,3.2498,3.1393,3.3603,3.4708,3.5813,3.1393,sl,-0.0221,-0.2,3.2005,3.1356,3.2528,3.1812,3.2386,3.1971,3.0651,2.81
XTZ,2020-08-24 07:14:23.805179,2020-08-26 17:14:23.805179,long,4.1665,3.9716,4.3614,4.5563,4.7511,3.9716,sl,-0.039,-0.2,3.9045,4.049,4.225,4.121,4.0767,4.1124,3.9963,2.26
XTZ,2020-09-26 21:14:23.805179,2020-09-27 13:14:23.805179,short,2.4537,2.5153,2.3921,2.3305,2.2689,2.2689,tp3,0.114,1.85,2.2633,2.3932,2.5605,2.4867,2.3707,2.4239,2.5226,2.33
XTZ,2020-10-19 21:14:23.805179,2020-10-21 18:14:23.805179,long,2.2522,2.1897,2.3147,2.3771,2.4396,2.4396,tp3,0.1156,1.85,2.4167,2.2578,2.3914,2.3485,2.3725,2.3246,2.2234,2.32
XTZ,2020-10-22 19:14:23.805179,2020-10-22 20:14:23.805179,long,2.3627,2.3286,2.3968,2.431,2.4651,2.3286,sl,-0.0341,-1.0,2.323,2.3332,2.4082,2.3566,2.3585,2.3504,2.2564,1.35
XTZ,2020-11-01 08:14:23.805179,2020-11-02 11:14:23.805179,long,2.2186,2.1708,2.2664,2.3142,2.3621,2.1708,sl,-0.0478,-1.0,2.1761,2.1965,2.247,2.2154,2.2217,2.2138,2.199,2.86
XTZ,2020-11-12 06:14:23.805179,2020-11-13 21:14:23.805179,short,1.8514,1.9419,1.7609,1.6704,1.58,1.9419,sl,-0.0905,-1.0,1.9423,1.8163,1.8806,1.8543,1.8645,1.8658,1.9341,4.49
XTZ,2020-11-28 09:14:23.805179,2020-11-29 18:14:23.805179,long,2.0933,2.0264,2.1602,2.227,2.2939,2.2939,tp3,0.1237,1.85,2.294,2.0631,2.1391,2.112,2.1564,2.1237,2.0963,1.98
XTZ,2020-12-14 07:14:23.805179,2020-12-16 10:14:23.805179,short,2.3103,2.3503,2.2703,2.2303,2.1903,2.3503,sl,0.034,0.85,2.3556,2.269,2.3162,2.2883,2.2789,2.2883,2.3295,2.37
XTZ,2021-01-20 10:14:23.805179,2021-01-23 02:14:23.805179,short,2.3002,2.6701,1.9303,1.5605,1.1906,2.6701,sl,-0.3699,-1.0,2.6796,2.3512,2.5656,2.4674,2.5301,2.4735,2.4245,2.55
XTZ,2021-05-07 17:14:23.805179,2021-05-07 22:14:23.805179,short,5.1543,5.3789,4.9297,4.7051,4.4805,5.3789,sl,-0.2246,-1.0,5.3567,5.144,5.3366,5.2307,5.2572,5.2473,5.2501,2.78
XTZ,2021-05-09 03:14:23.805179,2021-05-13 09:14:23.805179,long,5.6126,5.2929,5.9323,6.252,6.5717,6.5717,tp3,0.5915,1.85,6.6069,5.5842,6.1331,5.8357,6.1843,5.9779,5.661,1.79
XTZ,2021-07-03 18:14:23.805179,2021-07-06 17:14:23.805179,short,2.5721,2.7878,2.3564,2.1407,1.925,2.7878,sl,-0.2157,-1.0,2.7939,2.4758,2.6465,2.5218,2.6811,2.6264,2.6925,2.9
XTZ,2021-08-01 13:14:23.805179,2021-08-10 04:14:23.805179,long,2.7364,2.5768,2.896,3.0556,3.2151,3.2151,tp3,0.2952,1.85,3.2682,3.009,3.144,3.0642,3.0703,3.0469,2.9035,3.7
XTZ,2021-09-09 21:14:23.805179,2021-09-10 13:14:23.805179,long,5.378,5.1655,5.5905,5.803,6.0156,5.1655,sl,-0.2125,-1.0,5.162,5.1936,5.4278,5.3533,5.3064,5.32,5.1199,1.56
XTZ,2021-10-23 23:14:23.805179,2021-11-03 19:14:23.805179,short,6.89,7.1747,6.6053,6.3206,6.0359,6.0359,tp3,0.5267,1.85,6.16,6.5117,6.8855,6.8424,6.733,6.7395,6.7493,6.05
XTZ,2021-11-05 16:14:23.805179,2021-11-06 00:14:23.805179,short,6.134,6.2329,6.0351,5.9361,5.8372,6.2329,sl,-0.0989,-1.0,6.277,5.9482,6.181,6.1069,6.1708,6.2047,6.484,1.27
XTZ,2021-12-01 11:14:23.805179,2021-12-01 18:14:23.805179,short,5.099,5.1657,5.0323,4.9655,4.8988,4.8988,tp3,0.1234,1.85,4.925,4.9943,5.1508,5.1182,5.0328,5.084,5.2724,1.98
XTZ,2021-12-03 19:14:23.805179,2021-12-07 02:14:23.805179,short,4.691,5.0751,4.3069,3.9227,3.5386,5.0751,sl,-0.0768,-0.2,5.08,4.4561,4.7871,4.6905,4.7622,4.6873,4.8799,3.42
XTZ,2021-12-12 13:14:23.805179,2021-12-15 04:14:23.805179,short,4.063,4.66,3.466,2.8691,2.2721,4.66,sl,-0.597,-1.0,4.753,3.7625,4.1469,3.9803,4.2055,4.1291,4.4852,11.58
XTZ,2021-12-16 02:14:23.805179,2021-12-17 16:14:23.805179,long,5.565,4.6933,6.4367,7.3085,8.1802,4.6933,sl,-0.8717,-1.0,4.673,5.1495,5.8228,5.4249,4.9669,5.0627,4.842,0.52
XTZ,2021-12-22 03:14:23.805179,2021-12-23 22:14:23.805179,short,4.296,4.6211,3.9709,3.6457,3.3206,4.6211,sl,-0.3251,-1.0,4.575,4.3062,4.5345,4.4546,4.4507,4.4077,4.4996,1.11
XTZ,2022-01-26 14:14:23.805179,2022-01-28 23:14:23.805179,short,4.022,4.2089,3.8351,3.6481,3.4612,3.4612,tp3,0.3458,1.85,3.485,3.6558,4.085,3.9209,3.6721,3.8071,4.0417,2.22
XTZ,2022-03-06 20:14:23.805179,2022-03-07 06:14:23.805179,long,3.398,3.1739,3.6221,3.8462,4.0703,3.1739,sl,-0.2241,-1.0,3.127,3.2744,3.4402,3.3822,3.3235,3.295,3.2882,2.02
XTZ,2022-04-28 10:14:23.805179,2022-04-29 00:14:23.805179,short,3.147,3.2347,3.0593,2.9716,2.8839,3.2347,sl,-0.0877,-1.0,3.228,3.1262,3.2282,3.1517,3.1776,3.1741,3.1882,1.06
XTZ,2022-05-01 10:14:23.805179,2022-05-06 21:14:23.805179,short,3.0,3.1002,2.8998,2.7996,2.6994,2.6994,tp3,0.1853,1.85,2.718,2.7763,2.8318,2.8041,2.7825,2.8021,2.9198,2.35
XTZ,2022-06-14 14:14:23.805179,2022-06-18 22:14:23.805179,long,2.118,1.9411,2.2949,2.4718,2.6487,1.9411,sl,-0.0354,-0.2,1.927,2.09,2.3332,2.1856,2.0289,2.0797,2.0616,1.76
XTZ,2022-06-25 01:14:23.805179,2022-06-26 07:14:23.805179,short,1.393,1.4521,1.3339,1.2749,1.2158,1.2158,tp3,0.1093,1.85,1.212,1.3705,1.4421,1.4018,1.3017,1.3489,1.5316,2.68
XTZ,2022-07-05 05:14:23.805179,2022-07-06 17:14:23.805179,long,1.536,1.4785,1.5935,1.6509,1.7084,1.4785,sl,0.0488,0.85,1.493,1.5217,1.6328,1.6114,1.5547,1.5592,1.5118,1.22
XTZ,2022-08-03 04:14:23.805179,2022-08-04 05:14:23.805179,short,1.498,1.5997,1.3963,1.2946,1.1929,1.5997,sl,-0.1017,-1.0,1.595,1.5058,1.5712,1.5467,1.5511,1.5536,1.6016,6.33
XTZ,2022-08-09 02:14:23.805179,2022-08-09 04:14:23.805179,long,1.827,1.7774,1.8766,1.9263,1.9759,1.7774,sl,-0.0496,-1.0,1.754,1.7809,1.8504,1.8244,1.785,1.7833,1.714,2.06
XTZ,2022-08-21 04:14:23.805179,2022-08-22 00:14:23.805179,long,1.923,1.8849,1.9611,1.9992,2.0373,1.8849,sl,-0.0381,-1.0,1.895,1.8949,1.9412,1.918,1.9262,1.918,1.8792,3.15
XTZ,2022-08-29 14:14:23.805179,2022-08-29 21:14:23.805179,short,1.61,1.6365,1.5835,1.557,1.5305,1.5305,tp3,0.0491,1.85,1.533,1.5702,1.6438,1.6201,1.5924,1.608,1.7189,3.59
XTZ,2022-09-13 15:14:23.805179,2022-09-14 04:14:23.805179,long,1.565,1.5201,1.6099,1.6548,1.6996,1.5201,sl,-0.0449,-1.0,1.475,1.5351,1.5882,1.5522,1.5539,1.5455,1.5346,6.27
XTZ,2022-10-06 13:14:23.805179,2022-10-20 18:14:23.805179,short,1.435,1.4812,1.3888,1.3426,1.2964,1.2964,tp3,0.0855,1.85,1.297,1.3425,1.3624,1.3569,1.3369,1.3508,1.3899,2.78
XTZ,2022-11-24 14:14:23.805179,2022-12-02 10:14:23.805179,short,0.977,1.023,0.931,0.8849,0.8389,1.023,sl,-0.0092,-0.2,1.004,0.985,1.0129,0.9939,1.0009,0.9925,0.995,11.3
XTZ,2022-12-23 13:14:23.805179,2022-12-24 09:14:23.805179,short,0.942,0.9643,0.9197,0.8975,0.8752,0.8752,tp3,0.0412,1.85,0.845,0.9258,0.9645,0.9432,0.9067,0.9272,0.9602,3.84
XTZ,2023-01-03 23:14:23.805179,2023-01-04 12:14:23.805179,short,0.787,0.7944,0.7796,0.7722,0.7649,0.7649,tp3,0.0136,1.85,0.766,0.7774,0.7925,0.7904,0.7763,0.7828,0.8057,1.24
XTZ,2023-01-08 11:14:23.805179,2023-01-09 18:14:23.805179,short,0.713,0.729,0.697,0.6811,0.6651,0.729,sl,-0.016,-1.0,0.727,0.7087,0.7215,0.7137,0.7176,0.7178,0.7456,6.08
XTZ,2023-01-18 05:14:23.805179,2023-01-18 13:14:23.805179,long,0.833,0.8204,0.8456,0.8583,0.8709,0.8204,sl,-0.0126,-1.0,0.82,0.825,0.84,0.8325,0.8311,0.8274,0.7944,1.36
XTZ,2023-01-22 14:14:23.805179,2023-03-01 12:14:23.805179,long,1.019,0.9144,1.1236,1.2282,1.3327,1.3327,tp3,0.1935,1.85,1.31,1.2176,1.2772,1.2563,1.2418,1.2341,1.1775,11.82
XTZ,2023-03-21 23:14:23.805179,2023-04-28 02:14:23.805179,long,1.11,1.0279,1.1921,1.2741,1.3562,1.0279,sl,-0.0164,-0.2,1.031,1.036,1.1107,1.0561,1.0593,1.0857,1.1199,2.72
XTZ,2023-04-30 10:14:23.805179,2023-05-03 22:14:23.805179,short,1.023,1.0461,0.9999,0.9768,0.9537,1.0461,sl,0.0196,0.85,1.053,0.9867,1.0172,0.9931,1.0183,1.0115,1.0397,1.53
XTZ,2023-05-07 20:14:23.805179,2023-05-08 01:14:23.805179,short,1.014,1.0268,1.0012,0.9884,0.9756,1.0268,sl,-0.0128,-1.0,1.023,1.01,1.0228,1.0164,1.0173,1.0184,1.0273,4.6
XTZ,2023-05-08 05:14:23.805179,2023-05-10 23:14:23.805179,short,1.01,1.0242,0.9958,0.9817,0.9675,0.9675,tp3,0.0262,1.85,0.97,0.9811,0.9942,0.9862,0.9833,0.9884,1.0084,1.94
XTZ,2023-05-18 03:14:23.805179,2023-05-18 06:14:23.805179,short,0.897,0.92,0.874,0.8511,0.8281,0.92,sl,-0.023,-1.0,0.921,0.8998,0.9181,0.9063,0.9079,0.9135,0.9548,0.94
XTZ,2023-05-21 07:14:23.805179,2023-05-22 01:14:23.805179,short,0.887,0.8938,0.8802,0.8734,0.8666,0.8938,sl,0.0058,0.85,0.895,0.8781,0.8944,0.8887,0.8869,0.8871,0.9146,1.48
XTZ,2023-06-02 22:14:23.805179,2023-06-03 00:14:23.805179,short,0.87,0.8783,0.8617,0.8535,0.8452,0.8783,sl,-0.0083,-1.0,0.881,0.8637,0.8765,0.8724,0.8731,0.8732,0.8853,2.5
XTZ,2023-06-09 03:14:23.805179,2023-06-17 14:14:23.805179,short,0.894,0.9304,0.8576,0.8213,0.7849,0.7849,tp3,0.0673,1.85,0.705,0.8304,0.8441,0.8392,0.8117,0.8289,0.8633,12.25
XTZ,2023-07-02 02:14:23.805179,2023-07-05 17:14:23.805179,long,0.816,0.7797,0.8523,0.8886,0.9249,0.7797,sl,-0.0073,-0.2,0.779,0.7953,0.8103,0.8045,0.7994,0.8037,0.7912,3.32
XTZ,2023-07-17 21:14:23.805179,2023-07-21 01:14:23.805179,long,0.814,0.7979,0.8301,0.8462,0.8623,0.8623,tp3,0.0298,1.85,0.871,0.8168,0.8425,0.8306,0.8438,0.8341,0.8193,3.4
XTZ,2023-08-14 03:14:23.805179,2023-08-15 00:14:23.805179,short,0.809,0.8163,0.8017,0.7944,0.7871,0.7871,tp3,0.0135,1.85,0.793,0.8046,0.8134,0.8103,0.801,0.8054,0.8168,1.93
XTZ,2023-08-19 02:14:23.805179,2023-08-19 11:14:23.805179,short,0.79,0.7981,0.7819,0.7737,0.7656,0.7981,sl,-0.0081,-1.0,0.799,0.788,0.795,0.7919,0.7931,0.7927,0.8014,0.61
XTZ,2023-08-24 05:14:23.805179,2023-08-25 07:14:23.805179,short,0.746,0.7776,0.7144,0.6829,0.6513,0.6513,tp3,0.0694,2.2,0.669,0.723,0.756,0.7305,0.725,0.7404,0.7736,8.24
XTZ,2023-08-28 02:14:23.805179,2023-08-28 05:14:23.805179,short,0.701,0.7092,0.6928,0.6847,0.6765,0.7092,sl,-0.0082,-1.0,0.709,0.6994,0.7098,0.702,0.7058,0.7068,0.7379,3.29
XTZ,2023-09-28 04:14:23.805179,2023-09-28 05:14:23.805179,long,0.678,0.6688,0.6872,0.6963,0.7055,0.6688,sl,-0.0092,-1.0,0.669,0.6694,0.6781,0.6721,0.674,0.674,0.6703,1.8
XTZ,2023-09-29 16:14:23.805179,2023-10-06 17:14:23.805179,short,0.659,0.6749,0.6431,0.6272,0.6113,0.6749,sl,-0.0032,-0.2,0.675,0.6558,0.6688,0.6639,0.6666,0.6619,0.6609,0.82
XTZ,2023-10-13 15:14:23.805179,2023-10-14 12:14:23.805179,short,0.67,0.6824,0.6576,0.6453,0.6329,0.6824,sl,-0.0124,-1.0,0.679,0.668,0.681,0.6715,0.676,0.6752,0.6756,0.5
XTZ,2023-10-15 19:14:23.805179,2023-10-17 02:14:23.805179,short,0.673,0.6824,0.6636,0.6543,0.6449,0.6449,tp3,0.0173,1.85,0.644,0.6667,0.68,0.6753,0.6609,0.6682,0.6735,4.53
XTZ,2023-10-21 21:14:23.805179,2023-10-22 11:14:23.805179,short,0.652,0.6583,0.6457,0.6394,0.6331,0.6583,sl,-0.0063,-1.0,0.657,0.6458,0.6574,0.6529,0.6542,0.6533,0.662,0.85
XTZ,2023-11-08 22:14:23.805179,2023-11-09 14:14:23.805179,long,0.755,0.74,0.77,0.785,0.7999,0.7999,tp3,0.0277,1.85,0.789,0.7302,0.7697,0.7516,0.7767,0.7628,0.733,1.13
XTZ,2023-11-12 07:14:23.805179,2023-11-12 10:14:23.805179,long,0.78,0.7701,0.7899,0.7998,0.8096,0.8096,tp3,0.0217,2.2,0.789,0.7712,0.785,0.7796,0.7815,0.78,0.7573,6.83
XTZ,2023-11-25 10:14:23.805179,2023-12-12 10:14:23.805179,short,0.842,0.881,0.803,0.764,0.725,0.881,sl,0.0332,0.85,0.888,0.8513,0.8728,0.8648,0.8686,0.8622,0.8439,1.1
XTZ,2024-01-09 18:14:23.805179,2024-01-10 21:14:23.805179,long,1.093,1.0442,1.1418,1.1906,1.2394,1.0442,sl,0.0024,0.05,1.046,1.0675,1.11,1.0852,1.0841,1.0775,1.0478,3.54
XTZ,2024-01-21 05:14:23.805179,2024-01-22 20:14:23.805179,long,1.075,1.0355,1.1145,1.1539,1.1934,1.1934,tp3,0.073,1.85,1.213,1.0995,1.1834,1.1491,1.155,1.1197,1.0341,2.21
XTZ,2024-01-28 22:14:23.805179,2024-01-29 15:14:23.805179,short,1.036,1.0477,1.0243,1.0127,1.001,1.001,tp3,0.0216,1.85,1.015,1.024,1.044,1.0365,1.025,1.0311,1.05,2.08
XTZ,2024-02-06 20:14:23.805179,2024-02-07 10:14:23.805179,long,1.001,0.975,1.027,1.0529,1.0789,0.975,sl,-0.026,-1.0,0.977,0.977,1.007,0.9905,0.9923,0.991,0.9865,1.57
XTZ,2024-02-16 04:14:23.805179,2024-02-22 22:14:23.805179,long,1.007,0.9794,1.0346,1.0623,1.0899,1.0899,tp3,0.0511,1.85,1.089,1.0374,1.0841,1.0651,1.0702,1.0591,1.0341,2.67
XTZ,2024-02-23 20:14:23.805179,2024-02-24 00:14:23.805179,long,1.082,1.059,1.105,1.1281,1.1511,1.059,sl,-0.023,-1.0,1.061,1.0626,1.0875,1.0827,1.0785,1.0725,1.0447,1.91
XTZ,2024-03-06 03:14:23.805179,2024-03-07 10:14:23.805179,long,1.141,1.1121,1.1699,1.1987,1.2276,1.2276,tp3,0.0534,1.85,1.286,1.1293,1.1752,1.1408,1.1881,1.1657,1.1242,7.96
XTZ,2024-04-10 20:14:23.805179,2024-04-20 04:14:23.805179,short,1.246,1.3381,1.1539,1.0617,0.9696,0.9696,tp3,0.2027,2.2,1.067,1.2487,1.2989,1.2682,1.2336,1.2576,1.2757,8.74
XTZ,2024-05-21 22:14:23.805179,2024-05-22 23:14:23.805179,short,0.884,0.8998,0.8682,0.8525,0.8367,0.8998,sl,-0.0032,-0.2,0.899,0.8725,0.8928,0.8826,0.8807,0.8838,0.9082,2.69
XTZ,2024-05-30 21:14:23.805179,2024-05-30 22:14:23.805179,long,0.979,0.9602,0.9978,1.0166,1.0354,0.9602,sl,-0.0188,-1.0,0.968,0.9621,0.9954,0.9752,0.9746,0.9747,0.9515,2.51
XTZ,2024-06-15 02:14:23.805179,2024-06-15 04:14:23.805179,short,0.933,0.9554,0.9106,0.8881,0.8657,0.8657,tp3,0.0673,3.0,0.868,0.9368,0.9535,0.9426,0.9327,0.9386,0.9454,9.1
XTZ,2024-06-18 09:14:23.805179,2024-06-18 23:14:23.805179,short,0.847,0.859,0.835,0.8231,0.8111,0.8111,tp3,0.0221,1.85,0.808,0.8386,0.8562,0.8494,0.8314,0.8423,0.8853,1.61
XTZ,2024-07-01 08:14:23.805179,2024-07-01 19:14:23.805179,short,0.772,0.7832,0.7608,0.7496,0.7384,0.7384,tp3,0.0207,1.85,0.759,0.768,0.7813,0.7755,0.7676,0.7725,0.7844,2.13
XTZ,2024-07-27 05:14:23.805179,2024-07-27 21:14:23.805179,long,0.815,0.7987,0.8313,0.8475,0.8638,0.7987,sl,-0.0163,-1.0,0.799,0.7987,0.8182,0.8055,0.8066,0.8076,0.7963,0.71
XTZ,2024-07-30 07:14:23.805179,2024-08-09 01:14:23.805179,short,0.778,0.8024,0.7536,0.7293,0.7049,0.7049,tp3,0.0451,1.85,0.701,0.7273,0.7571,0.7491,0.7254,0.7379,0.7587,1.6
XTZ,2024-08-21 23:14:23.805179,2024-08-28 23:14:23.805179,short,0.661,0.684,0.638,0.6149,0.5919,0.684,sl,-0.0046,-0.2,0.685,0.6535,0.6748,0.6684,0.6729,0.667,0.6624,2.17
XTZ,2024-08-30 10:14:23.805179,2024-09-04 07:14:23.805179,long,0.698,0.6768,0.7192,0.7404,0.7616,0.6768,sl,0.018,0.85,0.68,0.696,0.7258,0.7063,0.7028,0.7127,0.7072,2.8
XTZ,2024-09-24 04:14:23.805179,2024-09-25 00:14:23.805179,short,0.625,0.644,0.606,0.5871,0.5681,0.644,sl,-0.019,-1.0,0.64,0.6208,0.6322,0.6258,0.6317,0.6331,0.6372,7.1
XTZ,2024-09-28 12:14:23.805179,2024-10-09 01:14:23.805179,long,0.699,0.6727,0.7253,0.7517,0.778,0.6727,sl,0.0224,0.85,0.68,0.7121,0.7435,0.7375,0.7077,0.719,0.7192,4.75
XTZ,2024-10-21 13:14:23.805179,2024-10-23 01:14:23.805179,long,0.701,0.6846,0.7174,0.7337,0.7501,0.6846,sl,-0.0164,-1.0,0.694,0.6944,0.7118,0.7015,0.6997,0.698,0.6833,1.97
XTZ,2024-11-14 18:14:23.805179,2024-11-18 03:14:23.805179,long,0.651,0.6221,0.6799,0.7087,0.7376,0.7376,tp3,0.0534,1.85,0.737,0.6526,0.7143,0.6653,0.7134,0.6921,0.6572,0.75
XTZ,2025-01-02 03:14:23.805179,2025-01-02 23:14:23.805179,long,1.437,1.3415,1.5325,1.628,1.7236,1.3415,sl,-0.0955,-1.0,1.349,1.3975,1.4521,1.4298,1.387,1.3915,1.3677,1.23
XTZ,2025-01-20 11:14:23.805179,2025-01-22 17:14:23.805179,short,1.256,1.293,1.219,1.1819,1.1449,1.293,sl,0.0315,0.85,1.289,1.1825,1.2542,1.2363,1.2699,1.2577,1.2851,1.23
XTZ,2025-03-05 00:14:23.805179,2025-03-10 02:14:23.805179,short,0.762,0.8283,0.6957,0.6294,0.5632,0.8283,sl,-0.0663,-1.0,0.83,0.7445,0.774,0.7629,0.7679,0.7616,0.7884,8.86
XTZ,2025-03-18 00:14:23.805179,2025-03-26 18:14:23.805179,short,0.684,0.7251,0.6429,0.6018,0.5607,0.7251,sl,-0.0082,-0.2,0.72,0.6943,0.7154,0.7106,0.7109,0.7059,0.7042,1.88
XTZ,2025-04-02 03:14:23.805179,2025-04-04 14:14:23.805179,long,0.723,0.7067,0.7393,0.7557,0.772,0.7067,sl,-0.0033,-0.2,0.706,0.7197,0.7367,0.7344,0.726,0.7263,0.716,2.79
XTZ,2025-04-08 11:14:23.805179,2025-04-08 15:14:23.805179,short,0.65,0.6622,0.6378,0.6256,0.6134,0.6622,sl,-0.0122,-1.0,0.659,0.6471,0.6622,0.6519,0.6547,0.656,0.6803,0.92
XTZ,2025-04-20 13:14:23.805179,2025-04-21 05:14:23.805179,short,0.543,0.5526,0.5334,0.5238,0.5142,0.5142,tp3,0.0178,1.85,0.507,0.533,0.5525,0.5368,0.532,0.5396,0.5745,3.18
XTZ,2025-05-07 21:14:23.805179,2025-05-07 23:14:23.805179,long,0.562,0.5483,0.5757,0.5894,0.6032,0.5483,sl,-0.0137,-1.0,0.534,0.5511,0.5665,0.5605,0.5553,0.5565,0.5486,11.67
XTZ,2025-06-22 02:14:23.805179,2025-07-18 12:14:23.805179,short,0.5536,0.5971,0.5101,0.4666,0.4231,0.5971,sl,-0.0087,-0.2,0.6,0.5452,0.5926,0.5614,0.579,0.5642,0.5433,0.64
XTZ,2025-07-19 11:14:23.805179,2025-07-25 15:14:23.805179,long,0.6063,0.5736,0.639,0.6717,0.7044,0.7044,tp3,0.0605,1.85,0.7233,0.6466,0.6629,0.6523,0.6731,0.661,0.6276,3.61
XTZ,2025-08-07 20:14:23.805179,2025-08-09 08:14:23.805179,short,0.831,0.863,0.799,0.7671,0.7351,0.7351,tp3,0.0591,1.85,0.7456,0.7529,0.8174,0.7662,0.7678,0.7889,0.8392,2.65
XTZ,2025-09-04 07:14:23.805179,2025-09-04 14:14:23.805179,short,0.7887,0.7992,0.7782,0.7677,0.7572,0.7992,sl,-0.0105,-1.0,0.7993,0.783,0.7957,0.7917,0.7923,0.7945,0.8122,0.85
XTZ,2025-09-13 00:14:23.805179,2025-09-16 16:14:23.805179,short,0.7084,0.7323,0.6845,0.6607,0.6368,0.7323,sl,-0.0239,-1.0,0.7384,0.706,0.7208,0.7107,0.725,0.7197,0.724,1.09
XTZ,2025-09-18 16:14:23.805179,2025-09-18 23:14:23.805179,long,0.7376,0.7261,0.7491,0.7605,0.772,0.7261,sl,-0.0115,-1.0,0.7361,0.7276,0.7435,0.7376,0.7361,0.7328,0.7278,1.0
XTZ,2025-09-24 01:14:23.805179,2025-09-26 12:14:23.805179,long,0.7718,0.7529,0.7907,0.8096,0.8285,0.8285,tp3,0.0349,1.85,0.8094,0.7584,0.7893,0.7676,0.7956,0.7856,0.7685,3.99
XTZ,2025-10-18 00:14:23.805179,2025-10-18 06:14:23.805179,short,0.6741,0.6878,0.6604,0.6467,0.633,0.633,tp3,0.0254,1.85,0.6122,0.6567,0.6848,0.6758,0.6629,0.6722,0.6882,3.36
XTZ,2025-11-06 11:14:23.805179,2025-11-11 01:14:23.805179,short,0.5919,0.6105,0.5733,0.5547,0.536,0.536,tp3,0.0344,1.85,0.5264,0.5553,0.5863,0.5756,0.5528,0.5635,0.5806,6.15
XTZ,2025-11-21 01:14:23.805179,2025-11-21 14:14:23.805179,short,0.5937,0.6069,0.5805,0.5673,0.5541,0.5541,tp3,0.0244,1.85,0.5588,0.5814,0.6061,0.5982,0.5741,0.5861,0.6018,1.7
XTZ,2025-11-29 18:14:23.805179,2025-12-04 04:14:23.805179,short,0.4859,0.5176,0.4542,0.4226,0.3909,0.5176,sl,-0.0317,-1.0,0.5165,0.4938,0.5054,0.5017,0.5028,0.5011,0.5114,1.79
XTZ,2025-12-18 15:14:23.805179,2025-12-18 22:14:23.805179,long,0.4973,0.4903,0.5043,0.5113,0.5182,0.5182,tp3,0.0129,1.85,0.5285,0.4926,0.5075,0.4987,0.5003,0.4967,0.4911,7.21
XTZ,2025-12-25 01:14:23.805179,2026-01-01 14:14:23.805179,short,0.4523,0.4668,0.4378,0.4233,0.4087,0.4668,sl,0.0123,0.85,0.4575,0.4347,0.4457,0.4385,0.4438,0.4409,0.4475,7.14
XTZ,2026-01-02 21:14:23.805179,2026-01-07 03:14:23.805179,long,0.4619,0.4435,0.4803,0.4986,0.517,0.517,tp3,0.034,1.85,0.5208,0.4901,0.5027,0.4964,0.5021,0.4968,0.4764,5.75
XTZ,2026-01-16 08:14:23.805179,2026-01-19 10:14:23.805179,long,0.585,0.5619,0.6081,0.6312,0.6543,0.5619,sl,-0.0231,-1.0,0.5689,0.5737,0.5916,0.5813,0.5758,0.579,0.565,2.04
XTZ,2026-03-03 14:14:23.805179,2026-03-04 22:14:23.805179,short,0.3691,0.3786,0.3596,0.3501,0.3406,0.3786,sl,-0.0095,-1.0,0.3821,0.366,0.3724,0.3689,0.3735,0.3726,0.3828,2.11
XTZ,2026-03-17 04:14:23.805179,2026-03-17 05:14:23.805179,short,0.3641,0.3675,0.3607,0.3572,0.3538,0.3675,sl,-0.0034,-1.0,0.3666,0.3603,0.3668,0.3652,0.3653,0.3655,0.3723,1.48
XTZ,2026-04-07 13:14:23.805179,2026-04-07 17:14:23.805179,short,0.3442,0.3502,0.3382,0.3321,0.3261,0.3502,sl,-0.006,-1.0,0.3503,0.342,0.3514,0.3491,0.3476,0.3478,0.3627,2.06
XTZ,2026-04-12 12:14:23.805179,2026-04-13 13:14:23.805179,short,0.3451,0.3529,0.3373,0.3295,0.3217,0.3529,sl,-0.0078,-1.0,0.3549,0.3422,0.349,0.3476,0.3448,0.345,0.3506,1.8
XTZ,2026-05-11 20:14:23.805179,2026-05-12 12:14:23.805179,short,0.3609,0.3679,0.3539,0.3468,0.3398,0.3679,sl,-0.007,-1.0,0.3689,0.3607,0.3665,0.3644,0.3649,0.3651,0.3679,1.01
XTZ,2026-05-15 18:14:23.805179,2026-05-16 07:14:23.805179,long,0.3791,0.3734,0.3848,0.3905,0.3962,0.3962,tp3,0.0106,1.85,0.3958,0.3739,0.3831,0.379,0.3846,0.3805,0.3743,2.45
XTZ,2026-05-17 22:14:23.805179,2026-05-19 20:14:23.805179,long,0.3935,0.386,0.401,0.4086,0.4161,0.386,sl,-0.0015,-0.2,0.3863,0.3916,0.3996,0.3966,0.3921,0.3931,0.3853,0.83
